
PREDICTED STATES: [array([ 0.10213951, -0.14889207, -0.04564203]), array([ 0.11554717, -0.14940057, -0.04450378]), array([ 0.14576035, -0.14821694, -0.02870225]), array([ 0.19222424, -0.14216813,  0.01170038]), array([ 0.25524553, -0.12855512,  0.07827262]), array([ 0.33715093, -0.10595266,  0.16000263]), array([ 0.44277266, -0.0727301 ,  0.24816293]), array([ 0.58022382, -0.0282524 ,  0.34308967]), array([0.75092863, 0.02583651, 0.4099603 ]), array([0.95438223, 0.08054225, 0.41382956]), array([1.18280304, 0.12672069, 0.33741586]), array([1.41798261, 0.16086828, 0.20204285]), array([1.65539505, 0.17465346, 0.03961547]), array([ 1.90251919,  0.15947946, -0.13219699]), array([ 2.1717275 ,  0.10819726, -0.26868742]), array([ 2.47496304,  0.02117457, -0.38914519]), array([ 2.8182452 , -0.10368376, -0.49637816]), array([ 3.19900642, -0.26836418, -0.59686446]), array([ 3.60544319, -0.47859024, -0.70508873]), array([ 4.0261796 , -0.74031017, -0.81850182]), array([ 4.44112208, -1.0593771 , -0.9347249 ])]
0.4755000000000258
[ 8.092272  3.010426  2.161408  3.339299 17.172254  0.376523 34.152182]
[INFO] [1774441840.454764438] [mpc_node]: Logging State [ 0.09846721 -0.15084209 -0.04426639  0.          0.          0.        ]
[INFO] [1774441840.476984426] [mpc_node]: Logging State [ 0.09310044 -0.15371593 -0.04408469  0.          0.          0.        ]
REF: [[ 0.09310044  2.79735792  2.85648644  2.90489867  2.96003567  2.98513344
   3.00934323  3.03064128  3.0494553   3.08074624  3.13921528  3.15810999
   3.18012236  3.20428499  3.22774082  3.25177991  3.27668999  3.30169707
   3.32667624  3.35171421  3.37658594]
 [-0.15371593 -0.07688013 -0.07618814 -0.07291867 -0.07108097 -0.0743676
  -0.08226346 -0.09272652 -0.10077862 -0.10946763 -0.12561018 -0.13264876
  -0.1420372  -0.15238375 -0.16072497 -0.16672112 -0.16993217 -0.17026016
  -0.16935046 -0.16948271 -0.17194893]]
DEBUG STATE: [ 0.09310044 -0.15371593 -0.04408469  0.1         0.          0.
  9.51        0.07438152]
DEBUG PARAMS NODE 0: [15.         15.          1.          1.         25.         25.
  0.          0.          0.70884798  0.          0.          0.
  0.09310044 -0.15371593  0.          0.          0.          0.
  0.          0.        ]

iter	qp_stat	qp_iter
0	0	0
1	0	16


PREDICTED STATES: [array([ 0.09310044, -0.15371593, -0.04408469]), array([ 0.10651232, -0.15432648, -0.04426973]), array([ 0.13716107, -0.15770367, -0.05775347]), array([ 0.18754887, -0.16737484, -0.09520099]), array([ 0.26043702, -0.18542105, -0.15998983]), array([ 0.35793051, -0.21267122, -0.2420251 ]), array([ 0.4850891 , -0.25113326, -0.33880679]), array([ 0.64577095, -0.29864569, -0.42308904]), array([ 0.84750656, -0.35308477, -0.49575316]), array([ 1.07757473, -0.41037233, -0.48778523]), array([ 1.31710902, -0.46497834, -0.38572882]), array([ 1.55457471, -0.50982947, -0.23770849]), array([ 1.78916584, -0.53584014, -0.08211025]), array([ 2.02917274, -0.535681  ,  0.05147598]), array([ 2.2893771 , -0.50166954,  0.20135625]), array([ 2.58726207, -0.44718413,  0.29730156]), array([ 2.91978316, -0.40181764,  0.26590687]), array([ 3.27811868, -0.38077154,  0.14126542]), array([ 3.65342012, -0.39222605, -0.02104428]), array([ 4.03697169, -0.4406975 , -0.17785739]), array([ 4.42194291, -0.52780779, -0.31365308])]
0.4755000000000436
[ 1.317063  2.81618   0.736022 19.164537  4.797038  0.367819 29.198659]
[INFO] [1774441840.509307881] [mpc_node]: Logging State [ 0.09287585 -0.15395643 -0.04393834  0.          0.          0.        ]
REF: [[ 0.09287585  2.79735792  2.85648644  2.90489867  2.96003567  2.98513344
   3.00934323  3.03064128  3.0494553   3.08074624  3.13921528  3.15810999
   3.18012236  3.20428499  3.22774082  3.25177991  3.27668999  3.30169707
   3.32667624  3.35171421  3.37658594]
 [-0.15395643 -0.07688013 -0.07618814 -0.07291867 -0.07108097 -0.0743676
  -0.08226346 -0.09272652 -0.10077862 -0.10946763 -0.12561018 -0.13264876
  -0.1420372  -0.15238375 -0.16072497 -0.16672112 -0.16993217 -0.17026016
  -0.16935046 -0.16948271 -0.17194893]]
DEBUG STATE: [ 0.09287585 -0.15395643 -0.04393834  0.1         0.          0.
  9.51       -0.05366291]
DEBUG PARAMS NODE 0: [15.         15.          1.          1.         25.         25.
  0.          0.          0.70884798  0.          0.          0.
  0.09287585 -0.15395643  0.          0.          0.          0.
  0.          0.        ]

iter	qp_stat	qp_iter
0	0	0
1	0	29


PREDICTED STATES: [array([ 0.09287585, -0.15395643, -0.04393834]), array([ 0.10629508, -0.15461373, -0.04461678]), array([ 0.13747316, -0.1528525 , -0.0181793 ]), array([ 0.18894302, -0.14571266,  0.02560606]), array([ 0.26487237, -0.13084238,  0.09856206]), array([ 0.36788522, -0.10681368,  0.19002693]), array([ 0.50309911, -0.07279219,  0.2936724 ]), array([ 0.67696111, -0.03004956,  0.39884613]), array([0.88769866, 0.01696693, 0.45763212]), array([1.12767258, 0.06055289, 0.43111656]), array([1.37115654, 0.10312745, 0.32259209]), array([1.60806492, 0.14082489, 0.19675363]), array([1.84022681, 0.16770833, 0.08848116]), array([ 2.07880481,  0.17185047, -0.04985808]), array([ 2.33882188,  0.17264487, -0.11464218]), array([ 2.6276106 ,  0.15705354, -0.25746685]), array([ 2.94070151,  0.09808253, -0.37971664]), array([ 3.26313877, -0.00792638, -0.41943809]), array([ 3.58552703, -0.14330727, -0.47585541]), array([ 3.90585485, -0.3087088 , -0.54659936]), array([ 4.22104005, -0.50606194, -0.62239533])]
0.47550000000003767
[ 1.20698   2.665871  0.695156  7.140916 15.724339  0.378027 27.811289]
[INFO] [1774441840.551548015] [mpc_node]: Logging State [ 0.09199363 -0.15343123 -0.04455516  0.          0.          0.        ]
REF: [[ 0.09199363  2.79735792  2.85648644  2.90489867  2.96003567  2.98513344
   3.00934323  3.03064128  3.0494553   3.08074624  3.13921528  3.15810999
   3.18012236  3.20428499  3.22774082  3.25177991  3.27668999  3.30169707
   3.32667624  3.35171421  3.37658594]
 [-0.15343123 -0.07688013 -0.07618814 -0.07291867 -0.07108097 -0.0743676
  -0.08226346 -0.09272652 -0.10077862 -0.10946763 -0.12561018 -0.13264876
  -0.1420372  -0.15238375 -0.16072497 -0.16672112 -0.16993217 -0.17026016
  -0.16935046 -0.16948271 -0.17194893]]
DEBUG STATE: [ 0.09199363 -0.15343123 -0.04455516  0.1         0.          0.
  9.51        0.10633709]
DEBUG PARAMS NODE 0: [15.         15.          1.          1.         25.         25.
  0.          0.          0.70884798  0.          0.          0.
  0.09199363 -0.15343123  0.          0.          0.          0.
  0.          0.        ]

iter	qp_stat	qp_iter
0	0	0
1	0	34


PREDICTED STATES: [array([ 0.09199363, -0.15343123, -0.04455516]), array([ 0.10541298, -0.15393414, -0.0435577 ]), array([ 0.13650351, -0.1566434 , -0.05005573]), array([ 0.18756874, -0.16670842, -0.09162614]), array([ 0.26226255, -0.18692396, -0.16602237]), array([ 0.36390401, -0.21924123, -0.26288401]), array([ 0.49836711, -0.2646034 , -0.37233524]), array([ 0.67037947, -0.31874783, -0.46188179]), array([ 0.87664733, -0.37161362, -0.48074927]), array([ 1.098384  , -0.4224529 , -0.41096346]), array([ 1.31684187, -0.47229981, -0.29267854]), array([ 1.52293739, -0.50536873, -0.11927942]), array([ 1.73013991, -0.50412842,  0.05894723]), array([ 1.95712286, -0.49392621,  0.13022194]), array([ 2.20707098, -0.48656263,  0.13634327]), array([ 2.47738908, -0.48422576,  0.15938789]), array([ 2.77578209, -0.48725768,  0.32299693]), array([ 3.12243817, -0.48000895,  0.42872486]), array([ 3.52346329, -0.43762226,  0.35736092]), array([ 3.96519409, -0.38798222,  0.29089668]), array([ 4.4394157 , -0.35291062,  0.23962146])]
0.4755000000000025
[ 1.126369  2.555916  0.701685  3.350308 14.08637   0.369579 22.190227]
[INFO] [1774441840.576582294] [mpc_node]: Logging State [ 0.09484122 -0.15472217 -0.04408028  0.          0.          0.        ]
[INFO] [1774441840.578486574] [mpc_node]: Logging State [ 0.09281833 -0.15560542 -0.0438177   0.          0.          0.        ]
REF: [[ 0.09281833  2.79735792  2.85648644  2.90489867  2.96003567  2.98513344
   3.00934323  3.03064128  3.0494553   3.08074624  3.13921528  3.15810999
   3.18012236  3.20428499  3.22774082  3.25177991  3.27668999  3.30169707
   3.32667624  3.35171421  3.37658594]
 [-0.15560542 -0.07688013 -0.07618814 -0.07291867 -0.07108097 -0.0743676
  -0.08226346 -0.09272652 -0.10077862 -0.10946763 -0.12561018 -0.13264876
  -0.1420372  -0.15238375 -0.16072497 -0.16672112 -0.16993217 -0.17026016
  -0.16935046 -0.16948271 -0.17194893]]
DEBUG STATE: [ 0.09281833 -0.15560542 -0.0438177   0.1         0.          0.
  9.51       -0.05366291]
DEBUG PARAMS NODE 0: [15.         15.          1.          1.         25.         25.
  0.          0.          0.70884798  0.          0.          0.
  0.09281833 -0.15560542  0.          0.          0.          0.
  0.          0.        ]

iter	qp_stat	qp_iter
0	0	0
1	0	33


PREDICTED STATES: [array([ 0.09281833, -0.15560542, -0.0438177 ]), array([ 0.10623664, -0.15627177, -0.04460715]), array([ 0.13737849, -0.15543504, -0.03283817]), array([ 0.18866746, -0.14875906,  0.01316419]), array([ 0.26422064, -0.13416658,  0.08818235]), array([ 0.36605555, -0.11180741,  0.16932372]), array([ 0.49512424, -0.08745209,  0.21882501]), array([ 0.64874001, -0.06616   ,  0.21555925]), array([ 0.81530764, -0.05406522,  0.13873989]), array([ 0.98367672, -0.05860654,  0.00258321]), array([ 1.15710282, -0.08104469, -0.12828107]), array([ 1.34925007, -0.10596189, -0.17199505]), array([ 1.56768428, -0.12355855, -0.17781963]), array([ 1.81105759, -0.12597292, -0.08922488]), array([ 2.07257259, -0.10671699,  0.09319055]), array([ 2.35087745, -0.05694138,  0.26635571]), array([2.64573295, 0.02753856, 0.35603278]), array([2.94652148, 0.14591154, 0.38843938]), array([3.27012139, 0.29946574, 0.3785088 ]), array([3.62165916, 0.42933398, 0.18662013]), array([ 4.01213023,  0.46426196, -0.17178693])]
0.4754999999999946
[ 1.237701 14.10093   0.731094  3.453574  4.331265  0.335626 24.19019 ]
[INFO] [1774441840.607939352] [mpc_node]: Logging State [ 0.09392686 -0.15716911 -0.04266114  0.          0.          0.        ]
[INFO] [1774441840.622001882] [mpc_node]: Logging State [ 0.08985039 -0.15640359 -0.04156419  0.          0.          0.        ]
REF: [[ 0.08985039  2.79735792  2.85648644  2.90489867  2.96003567  2.98513344
   3.00934323  3.03064128  3.0494553   3.08074624  3.13921528  3.15810999
   3.18012236  3.20428499  3.22774082  3.25177991  3.27668999  3.30169707
   3.32667624  3.35171421  3.37658594]
 [-0.15640359 -0.07688013 -0.07618814 -0.07291867 -0.07108097 -0.0743676
  -0.08226346 -0.09272652 -0.10077862 -0.10946763 -0.12561018 -0.13264876
  -0.1420372  -0.15238375 -0.16072497 -0.16672112 -0.16993217 -0.17026016
  -0.16935046 -0.16948271 -0.17194893]]
DEBUG STATE: [ 0.08985039 -0.15640359 -0.04156419  0.1         0.          0.
  9.51        0.10633709]
DEBUG PARAMS NODE 0: [15.         15.          1.          1.         25.         25.
  0.          0.          0.70884798  0.          0.          0.
  0.08985039 -0.15640359  0.          0.          0.          0.
  0.          0.        ]

iter	qp_stat	qp_iter
0	0	0
1	0	30


PREDICTED STATES: [array([ 0.08985039, -0.15640359, -0.04156419]), array([ 0.10327119, -0.15686636, -0.04056673]), array([ 0.13437191, -0.15944243, -0.04673394]), array([ 0.18472287, -0.16706046, -0.07483453]), array([ 0.2550105 , -0.17619262, -0.09371641]), array([ 0.34311317, -0.18232239, -0.07708428]), array([ 0.4453363 , -0.1777801 , -0.00283068]), array([ 0.56131828, -0.15608742,  0.1126901 ]), array([ 0.69507343, -0.11906939,  0.21791472]), array([ 0.85448359, -0.07161444,  0.2972863 ]), array([ 1.04571423, -0.02049141,  0.32846089]), array([1.26340751, 0.02358172, 0.26310942]), array([1.49599976, 0.05030673, 0.11831901]), array([ 1.74148653,  0.05015108, -0.05381726]), array([ 2.00170812,  0.01355361, -0.19426425]), array([ 2.2900781 , -0.05738552, -0.36636501]), array([ 2.6194943 , -0.16745228, -0.48694555]), array([ 2.99459145, -0.31517277, -0.57144277]), array([ 3.42804731, -0.51592659, -0.66530466]), array([ 3.90879008, -0.75068694, -0.78657703]), array([ 4.32414753, -1.04824916, -0.91757013])]
0.4755000000000624
[ 1.16637   2.513067  0.711189  3.218112 16.580364  0.349418 24.53852 ]
[INFO] [1774441840.649323973] [mpc_node]: Logging State [ 0.09489744 -0.15327027 -0.04422551  0.          0.          0.        ]
[INFO] [1774441840.651094617] [mpc_node]: Logging State [ 0.0910778  -0.15160575 -0.04531397  0.          0.          0.        ]
[INFO] [1774441840.652666184] [mpc_node]: Logging State [ 0.08260777 -0.14969893 -0.04551857  0.          0.          0.        ]
[INFO] [1774441840.654392763] [mpc_node]: Logging State [ 0.08764156 -0.15174361 -0.04495732  0.          0.          0.        ]
[INFO] [1774441840.655913512] [mpc_node]: Logging State [ 0.09424438 -0.14999095 -0.04479146  0.          0.          0.        ]
[INFO] [1774441840.665587751] [mpc_node]: Logging State [ 0.09839302 -0.14748855 -0.04748331  0.          0.          0.        ]
REF: [[ 0.09839302  2.79735792  2.85648644  2.90489867  2.96003567  2.98513344
   3.00934323  3.03064128  3.0494553   3.08074624  3.13921528  3.15810999
   3.18012236  3.20428499  3.22774082  3.25177991  3.27668999  3.30169707
   3.32667624  3.35171421  3.37658594]
 [-0.14748855 -0.07688013 -0.07618814 -0.07291867 -0.07108097 -0.0743676
  -0.08226346 -0.09272652 -0.10077862 -0.10946763 -0.12561018 -0.13264876
  -0.1420372  -0.15238375 -0.16072497 -0.16672112 -0.16993217 -0.17026016
  -0.16935046 -0.16948271 -0.17194893]]
DEBUG STATE: [ 0.09839302 -0.14748855 -0.04748331  0.1         0.          0.
  9.51       -0.05366291]
DEBUG PARAMS NODE 0: [15.         15.          1.          1.         25.         25.
  0.          0.          0.70884798  0.          0.          0.
  0.09839302 -0.14748855  0.          0.          0.          0.
  0.          0.        ]

iter	qp_stat	qp_iter
0	0	0
1	0	27


PREDICTED STATES: [array([ 0.09839302, -0.14748855, -0.04748331]), array([ 0.11180879, -0.14820408, -0.04827277]), array([ 0.14281702, -0.14797655, -0.03946359]), array([ 0.1916513 , -0.14613789, -0.02048437]), array([ 0.25675015, -0.1480715 , -0.0271689 ]), array([ 0.33873725, -0.15855648, -0.07350913]), array([ 0.44164498, -0.18101197, -0.14974809]), array([ 0.57287438, -0.21628993, -0.24933799]), array([ 0.73755339, -0.26493449, -0.35298506]), array([ 0.9327803 , -0.31768944, -0.38115763]), array([ 1.15319368, -0.36267384, -0.31812574]), array([ 1.38813109, -0.39297907, -0.18700747]), array([ 1.62699404, -0.40268595, -0.03263012]), array([ 1.87556111, -0.38374486,  0.13384977]), array([ 2.14838891, -0.33335243,  0.27700921]), array([ 2.45894974, -0.25806416,  0.33527449]), array([ 2.81086744, -0.18780591,  0.26605815]), array([ 3.18805216, -0.1624602 ,  0.03683664]), array([ 3.56705432, -0.20670648, -0.2282199 ]), array([ 3.92715428, -0.33267496, -0.53172295]), array([ 4.24228524, -0.54814144, -1.00339483])]
0.4755000000000452
[ 1.220964  3.279137  2.068606  4.184092  8.7713    5.353247 24.877346]
[INFO] [1774441840.693550693] [mpc_node]: Logging State [ 0.09741226 -0.15024423 -0.04666052  0.          0.          0.        ]
[INFO] [1774441840.702706517] [mpc_node]: Logging State [ 0.10334829 -0.14959487 -0.0472388   0.          0.          0.        ]
REF: [[ 0.10334829  2.79735792  2.85648644  2.90489867  2.96003567  2.98513344
   3.00934323  3.03064128  3.0494553   3.08074624  3.13921528  3.15810999
   3.18012236  3.20428499  3.22774082  3.25177991  3.27668999  3.30169707
   3.32667624  3.35171421  3.37658594]
 [-0.14959487 -0.07688013 -0.07618814 -0.07291867 -0.07108097 -0.0743676
  -0.08226346 -0.09272652 -0.10077862 -0.10946763 -0.12561018 -0.13264876
  -0.1420372  -0.15238375 -0.16072497 -0.16672112 -0.16993217 -0.17026016
  -0.16935046 -0.16948271 -0.17194893]]
DEBUG STATE: [ 0.10334829 -0.14959487 -0.0472388   0.1         0.          0.
  9.51        0.10633709]
DEBUG PARAMS NODE 0: [15.         15.          1.          1.         25.         25.
  0.          0.          0.70884798  0.          0.          0.
  0.10334829 -0.14959487  0.          0.          0.          0.
  0.          0.        ]

iter	qp_stat	qp_iter
0	0	0
1	0	32


PREDICTED STATES: [array([ 0.10334829, -0.14959487, -0.0472388 ]), array([ 0.1167506 , -0.15012892, -0.04614582]), array([ 0.14658781, -0.14774725, -0.02327347]), array([ 0.19283222, -0.13970955,  0.025301  ]), array([ 0.2570823 , -0.12538773,  0.09076503]), array([ 0.34273362, -0.10252682,  0.17012105]), array([ 0.45615236, -0.06880333,  0.26252605]), array([ 0.60054914, -0.0264266 ,  0.33701892]), array([0.78383456, 0.02399571, 0.40923437]), array([1.00293781, 0.07431323, 0.42554288]), array([1.23550302, 0.12227395, 0.34121355]), array([1.46966534, 0.15846759, 0.19671878]), array([1.70691439, 0.17221352, 0.02801093]), array([ 1.95724722,  0.15417072, -0.13169686]), array([ 2.23428764,  0.10116808, -0.27267867]), array([ 2.54732722,  0.01198514, -0.39030829]), array([ 2.89372902, -0.11541783, -0.49668634]), array([ 3.24071691, -0.2877919 , -0.61784458]), array([ 3.56060079, -0.5039155 , -0.74034798]), array([ 3.84250585, -0.75703024, -0.85682787]), array([ 4.08526618, -1.03592889, -0.96544877])]
0.4755000000000224
[ 1.21034   3.851731  6.053203  6.461056 10.470583  0.512687 28.5596  ]
[INFO] [1774441840.745117792] [mpc_node]: Logging State [ 0.10471676 -0.15148828 -0.04546933  0.          0.          0.        ]
REF: [[ 0.10471676  2.79735792  2.85648644  2.90489867  2.96003567  2.98513344
   3.00934323  3.03064128  3.0494553   3.08074624  3.13921528  3.15810999
   3.18012236  3.20428499  3.22774082  3.25177991  3.27668999  3.30169707
   3.32667624  3.35171421  3.37658594]
 [-0.15148828 -0.07688013 -0.07618814 -0.07291867 -0.07108097 -0.0743676
  -0.08226346 -0.09272652 -0.10077862 -0.10946763 -0.12561018 -0.13264876
  -0.1420372  -0.15238375 -0.16072497 -0.16672112 -0.16993217 -0.17026016
  -0.16935046 -0.16948271 -0.17194893]]
DEBUG STATE: [ 0.10471676 -0.15148828 -0.04546933  0.1         0.          0.
  9.51        0.18      ]
DEBUG PARAMS NODE 0: [15.         15.          1.          1.         25.         25.
  0.          0.          0.70884798  0.          0.          0.
  0.10471676 -0.15148828  0.          0.          0.          0.
  0.          0.        ]

iter	qp_stat	qp_iter
0	0	0
1	0	24


PREDICTED STATES: [array([ 0.10471676, -0.15148828, -0.04546933]), array([ 0.1181286 , -0.15199958, -0.04439533]), array([ 0.14922473, -0.1539199 , -0.04619075]), array([ 0.20033725, -0.16156206, -0.07585751]), array([ 0.27338211, -0.17744557, -0.136816  ]), array([ 0.37143721, -0.20290868, -0.21954685]), array([ 0.49931967, -0.23908172, -0.31482493]), array([ 0.66348992, -0.28627923, -0.41410814]), array([ 0.86118055, -0.34032268, -0.46593728]), array([ 1.08826767, -0.39159744, -0.43740234]), array([ 1.32636956, -0.43679825, -0.32451904]), array([ 1.56193803, -0.46958835, -0.16850386]), array([ 1.79812176, -0.47874451, -0.00374243]), array([ 2.04580241, -0.45829603,  0.13574356]), array([ 2.31712276, -0.41126378,  0.22384967]), array([ 2.62088204, -0.3528548 ,  0.23006959]), array([ 2.95216895, -0.31445563,  0.09486806]), array([ 3.29283985, -0.32006953, -0.15895702]), array([ 3.62890139, -0.37292076, -0.44939846]), array([ 3.94913778, -0.46937304, -0.73861135]), array([ 4.24094703, -0.60577442, -1.0031311 ])]
0.4754999999999944
[ 1.661521  3.031386  0.729046 12.996161 13.889501  0.388395 32.69601 ]
[INFO] [1774441840.781242064] [mpc_node]: Logging State [ 0.10464249 -0.15171664 -0.0450661   0.          0.          0.        ]
REF: [[ 0.10464249  2.79735792  2.85648644  2.90489867  2.96003567  2.98513344
   3.00934323  3.03064128  3.0494553   3.08074624  3.13921528  3.15810999
   3.18012236  3.20428499  3.22774082  3.25177991  3.27668999  3.30169707
   3.32667624  3.35171421  3.37658594]
 [-0.15171664 -0.07688013 -0.07618814 -0.07291867 -0.07108097 -0.0743676
  -0.08226346 -0.09272652 -0.10077862 -0.10946763 -0.12561018 -0.13264876
  -0.1420372  -0.15238375 -0.16072497 -0.16672112 -0.16993217 -0.17026016
  -0.16935046 -0.16948271 -0.17194893]]
DEBUG STATE: [ 0.10464249 -0.15171664 -0.0450661   0.1         0.          0.
  9.51        0.02      ]
DEBUG PARAMS NODE 0: [15.         15.          1.          1.         25.         25.
  0.          0.          0.70884798  0.          0.          0.
  0.10464249 -0.15171664  0.          0.          0.          0.
  0.          0.        ]

iter	qp_stat	qp_iter
0	0	0
1	0	25


PREDICTED STATES: [array([ 0.10464249, -0.15171664, -0.0450661 ]), array([ 0.11807217, -0.15231555, -0.04494824]), array([ 0.14899773, -0.15006531, -0.02438284]), array([ 0.19933374, -0.1417949 ,  0.02702071]), array([ 0.27322354, -0.12644155,  0.09990536]), array([ 0.37422622, -0.1017108 ,  0.19161527]), array([ 0.50726413, -0.066092  ,  0.29685906]), array([ 0.67843544, -0.0207311 ,  0.40233999]), array([0.88956885, 0.0283533 , 0.47099585]), array([1.12278103, 0.07940572, 0.43959691]), array([1.35919642, 0.12624967, 0.31888289]), array([1.59204624, 0.15948973, 0.1586593 ]), array([1.82722961, 0.1701904 , 0.01434473]), array([ 2.07548929,  0.1644931 , -0.04807973]), array([ 2.34414104,  0.14544315, -0.108534  ]), array([ 2.63607719,  0.10333045, -0.20124705]), array([ 2.94021002,  0.03128149, -0.30879814]), array([ 3.24253713, -0.07306809, -0.43042372]), array([ 3.53490649, -0.21013848, -0.54523572]), array([ 3.81517012, -0.37944901, -0.64198343]), array([ 4.0833628 , -0.57982982, -0.71842682])]
0.4755000000000471
[ 1.616656 10.65638   0.769303 10.395637 25.488724  1.880792 50.807492]
[INFO] [1774441840.835449785] [mpc_node]: Logging State [ 0.10074427 -0.15534447 -0.04226431  0.          0.          0.        ]
REF: [[ 0.10074427  2.79735792  2.85648644  2.90489867  2.96003567  2.98513344
   3.00934323  3.03064128  3.0494553   3.08074624  3.13921528  3.15810999
   3.18012236  3.20428499  3.22774082  3.25177991  3.27668999  3.30169707
   3.32667624  3.35171421  3.37658594]
 [-0.15534447 -0.07688013 -0.07618814 -0.07291867 -0.07108097 -0.0743676
  -0.08226346 -0.09272652 -0.10077862 -0.10946763 -0.12561018 -0.13264876
  -0.1420372  -0.15238375 -0.16072497 -0.16672112 -0.16993217 -0.17026016
  -0.16935046 -0.16948271 -0.17194893]]
DEBUG STATE: [ 0.10074427 -0.15534447 -0.04226431  0.1         0.          0.
  9.51        0.18      ]
DEBUG PARAMS NODE 0: [15.         15.          1.          1.         25.         25.
  0.          0.          0.70884798  0.          0.          0.
  0.10074427 -0.15534447  0.          0.          0.          0.
  0.          0.        ]

iter	qp_stat	qp_iter
0	0	0
1	0	21


PREDICTED STATES: [array([ 0.10074427, -0.15534447, -0.04226431]), array([ 0.11415711, -0.15580746, -0.04113443]), array([ 0.14533742, -0.15737482, -0.0411025 ]), array([ 0.19673492, -0.16534452, -0.07464507]), array([ 0.27092647, -0.183072  , -0.14309542]), array([ 0.37171014, -0.21280141, -0.23815886]), array([ 0.50500368, -0.25570111, -0.34977212]), array([ 0.67771453, -0.30976745, -0.46213318]), array([ 0.89115696, -0.36820304, -0.53217673]), array([ 1.13098972, -0.42712208, -0.50291421]), array([ 1.3700179 , -0.48620218, -0.38239233]), array([ 1.60053017, -0.53483887, -0.2255671 ]), array([ 1.82793967, -0.56262157, -0.08352436]), array([ 2.0627963 , -0.55892702,  0.0673664 ]), array([ 2.3190643 , -0.51134152,  0.24609129]), array([ 2.60317755, -0.4391997 ,  0.33781858]), array([ 2.91774399, -0.36828729,  0.30596947]), array([ 3.25783611, -0.31747776,  0.19937383]), array([ 3.61819997, -0.29700866,  0.06261086]), array([ 3.99403442, -0.30894472, -0.0805375 ]), array([ 4.37999043, -0.3502023 , -0.21347362])]
0.4755000000000276
[ 2.575821 10.693533  2.923159 17.009529  5.786924  0.401163 39.390129]
[INFO] [1774441840.881690997] [mpc_node]: Logging State [ 0.10617719 -0.15729667 -0.04220763  0.          0.          0.        ]
REF: [[ 0.10617719  2.79735792  2.85648644  2.90489867  2.96003567  2.98513344
   3.00934323  3.03064128  3.0494553   3.08074624  3.13921528  3.15810999
   3.18012236  3.20428499  3.22774082  3.25177991  3.27668999  3.30169707
   3.32667624  3.35171421  3.37658594]
 [-0.15729667 -0.07688013 -0.07618814 -0.07291867 -0.07108097 -0.0743676
  -0.08226346 -0.09272652 -0.10077862 -0.10946763 -0.12561018 -0.13264876
  -0.1420372  -0.15238375 -0.16072497 -0.16672112 -0.16993217 -0.17026016
  -0.16935046 -0.16948271 -0.17194893]]
DEBUG STATE: [ 0.10617719 -0.15729667 -0.04220763  0.1         0.          0.
  9.51        0.02      ]
DEBUG PARAMS NODE 0: [15.         15.          1.          1.         25.         25.
  0.          0.          0.70884798  0.          0.          0.
  0.10617719 -0.15729667  0.          0.          0.          0.
  0.          0.        ]

iter	qp_stat	qp_iter
0	0	0
1	0	24


PREDICTED STATES: [array([ 0.10617719, -0.15729667, -0.04220763]), array([ 0.11960853, -0.15785719, -0.04208976]), array([ 0.15053365, -0.15553327, -0.02170321]), array([ 0.20085132, -0.1470752 ,  0.02995321]), array([ 0.27474192, -0.13119536,  0.1041614 ]), array([ 0.37623238, -0.10492395,  0.20068002]), array([ 0.51126617, -0.06689351,  0.313808  ]), array([ 0.68723839, -0.01973322,  0.42935297]), array([0.90417854, 0.02853682, 0.49503632]), array([1.14307352, 0.07602263, 0.45457838]), array([1.37916417, 0.12706379, 0.34542874]), array([1.60289394, 0.17423254, 0.21215399]), array([1.81746676, 0.19306632, 0.02066037]), array([ 2.04619305,  0.19678619, -0.0611393 ]), array([ 2.29849241,  0.21386402, -0.0470084 ]), array([ 2.58039799,  0.23790416, -0.13549902]), array([ 2.89896859,  0.22261954, -0.35807621]), array([ 3.24690789,  0.11941134, -0.49713485]), array([ 3.59701903, -0.04547233, -0.64631725]), array([ 3.93792775, -0.25615637, -0.80057183]), array([ 4.26350621, -0.50739223, -0.95060726])]
0.4754999999999898
[ 1.557679  3.035194  0.868985  9.860677  5.847694  0.379051 21.54928 ]
[INFO] [1774441840.906501397] [mpc_node]: Logging State [ 0.10209793 -0.15691914 -0.041645    0.          0.          0.        ]
REF: [[ 0.10209793  2.79735792  2.85648644  2.90489867  2.96003567  2.98513344
   3.00934323  3.03064128  3.0494553   3.08074624  3.13921528  3.15810999
   3.18012236  3.20428499  3.22774082  3.25177991  3.27668999  3.30169707
   3.32667624  3.35171421  3.37658594]
 [-0.15691914 -0.07688013 -0.07618814 -0.07291867 -0.07108097 -0.0743676
  -0.08226346 -0.09272652 -0.10077862 -0.10946763 -0.12561018 -0.13264876
  -0.1420372  -0.15238375 -0.16072497 -0.16672112 -0.16993217 -0.17026016
  -0.16935046 -0.16948271 -0.17194893]]
DEBUG STATE: [ 0.10209793 -0.15691914 -0.041645    0.1         0.          0.
  9.51        0.18      ]
DEBUG PARAMS NODE 0: [15.         15.          1.          1.         25.         25.
  0.          0.          0.70884798  0.          0.          0.
  0.10209793 -0.15691914  0.          0.          0.          0.
  0.          0.        ]

iter	qp_stat	qp_iter
0	0	0
1	0	24


PREDICTED STATES: [array([ 0.10209793, -0.15691914, -0.041645  ]), array([ 0.11551105, -0.15737383, -0.04051512]), array([ 0.14670084, -0.158919  , -0.04048319]), array([ 0.19814365, -0.16685181, -0.07403699]), array([ 0.27247452, -0.18454804, -0.14261587]), array([ 0.37313605, -0.21313673, -0.23083976]), array([ 0.5034333 , -0.24902331, -0.30481703]), array([ 0.66421213, -0.28376112, -0.33005906]), array([ 0.85042056, -0.31158546, -0.29256691]), array([ 1.04293162, -0.33061675, -0.1767957 ]), array([ 1.22761235, -0.33170519, -0.00825323]), array([ 1.41616682, -0.31139995,  0.1355979 ]), array([ 1.62520128, -0.2909842 ,  0.17823065]), array([ 1.86002417, -0.28537182,  0.13198762]), array([ 2.1147811 , -0.29685999, -0.02993762]), array([ 2.38857124, -0.33599708, -0.23216542]), array([ 2.67481214, -0.41218177, -0.39582867]), array([ 2.96642056, -0.52381455, -0.52667344]), array([ 3.26003866, -0.66882402, -0.59669142]), array([ 3.55489875, -0.8469649 , -0.61347448]), array([ 3.84855028, -1.06052647, -0.60662438])]
0.4754999999999743
[ 1.2097    2.679664  0.730582  3.548585  5.181274  0.401004 13.750809]
[INFO] [1774441840.923897402] [mpc_node]: Logging State [ 0.1062548  -0.15835247 -0.04281277  0.          0.          0.        ]
[INFO] [1774441840.926126428] [mpc_node]: Logging State [ 0.10792678 -0.16123088 -0.04004961  0.          0.          0.        ]
[INFO] [1774441840.931270389] [mpc_node]: Logging State [ 0.10817533 -0.15938078 -0.0397163   0.          0.          0.        ]
[INFO] [1774441840.939629645] [mpc_node]: Logging State [ 0.1181195  -0.15423941 -0.04488715  0.          0.          0.        ]
REF: [[ 0.1181195   2.79735792  2.85648644  2.90489867  2.96003567  2.98513344
   3.00934323  3.03064128  3.0494553   3.08074624  3.13921528  3.15810999
   3.18012236  3.20428499  3.22774082  3.25177991  3.27668999  3.30169707
   3.32667624  3.35171421  3.37658594]
 [-0.15423941 -0.07688013 -0.07618814 -0.07291867 -0.07108097 -0.0743676
  -0.08226346 -0.09272652 -0.10077862 -0.10946763 -0.12561018 -0.13264876
  -0.1420372  -0.15238375 -0.16072497 -0.16672112 -0.16993217 -0.17026016
  -0.16935046 -0.16948271 -0.17194893]]
DEBUG STATE: [ 0.1181195  -0.15423941 -0.04488715  0.1         0.          0.
  9.51        0.02      ]
DEBUG PARAMS NODE 0: [15.         15.          1.          1.         25.         25.
  0.          0.          0.70884798  0.          0.          0.
  0.1181195  -0.15423941  0.          0.          0.          0.
  0.          0.        ]

iter	qp_stat	qp_iter
0	0	0
1	0	29


PREDICTED STATES: [array([ 0.1181195 , -0.15423941, -0.04488715]), array([ 0.1315493 , -0.15483592, -0.04476929]), array([ 0.16243878, -0.15279622, -0.02559546]), array([ 0.21256531, -0.14517865,  0.0226067 ]), array([ 0.28507748, -0.13269844,  0.07879363]), array([ 0.37929507, -0.11898809,  0.11214094]), array([ 0.49145603, -0.10872405,  0.09837416]), array([ 0.61629335, -0.10991852,  0.0216302 ]), array([ 0.75245706, -0.12904243, -0.09449664]), array([ 0.90539599, -0.16128563, -0.18266588]), array([ 1.08338769, -0.19776388, -0.23890606]), array([ 1.29210026, -0.23320421, -0.25404556]), array([ 1.52462924, -0.25761022, -0.16180209]), array([ 1.77047269, -0.26136492,  0.01187468]), array([ 2.02966089, -0.23174381,  0.17535241]), array([ 2.31454333, -0.16545447,  0.33525483]), array([ 2.6400382 , -0.0687443 ,  0.50218153]), array([3.01681615, 0.05514122, 0.62111909]), array([3.44772455, 0.19146714, 0.64476315]), array([3.92980286, 0.33235173, 0.5887735 ]), array([4.46430502, 0.47596067, 0.59405398])]
0.4755000000000867
[ 1.321063  4.475973  1.266373  6.925262  6.226777  0.439981 20.655429]
[INFO] [1774441840.963987552] [mpc_node]: Logging State [ 0.12322182 -0.1533622  -0.04498181  0.          0.          0.        ]
REF: [[ 0.12322182  2.79735792  2.85648644  2.90489867  2.96003567  2.98513344
   3.00934323  3.03064128  3.0494553   3.08074624  3.13921528  3.15810999
   3.18012236  3.20428499  3.22774082  3.25177991  3.27668999  3.30169707
   3.32667624  3.35171421  3.37658594]
 [-0.1533622  -0.07688013 -0.07618814 -0.07291867 -0.07108097 -0.0743676
  -0.08226346 -0.09272652 -0.10077862 -0.10946763 -0.12561018 -0.13264876
  -0.1420372  -0.15238375 -0.16072497 -0.16672112 -0.16993217 -0.17026016
  -0.16935046 -0.16948271 -0.17194893]]
DEBUG STATE: [ 0.12322182 -0.1533622  -0.04498181  0.1         0.          0.
  9.51        0.18      ]
DEBUG PARAMS NODE 0: [15.         15.          1.          1.         25.         25.
  0.          0.          0.70884798  0.          0.          0.
  0.12322182 -0.1533622   0.          0.          0.          0.
  0.          0.        ]

iter	qp_stat	qp_iter
0	0	0
1	0	33


PREDICTED STATES: [array([ 0.12322182, -0.1533622 , -0.04498181]), array([ 0.13663335, -0.15386164, -0.04385193]), array([ 0.16761272, -0.15508643, -0.04157166]), array([ 0.21686103, -0.15764705, -0.04347711]), array([ 0.28258287, -0.15568424, -0.01497627]), array([ 0.3635637 , -0.14391517,  0.05610798]), array([ 0.46155397, -0.11890372,  0.15426582]), array([ 0.58107889, -0.08090717,  0.25084318]), array([ 0.73035501, -0.03170706,  0.34023074]), array([0.91261767, 0.02505625, 0.38936309]), array([1.11925594, 0.07937909, 0.34414969]), array([1.34546179, 0.1185189 , 0.21901723]), array([1.58385992, 0.13541318, 0.06127061]), array([ 1.82992082,  0.12358585, -0.09373586]), array([ 2.09441666,  0.07927199, -0.25986564]), array([ 2.39273276e+00, -1.41634259e-03, -3.82731484e-01]), array([ 2.73820277, -0.1151454 , -0.4964346 ]), array([ 3.14155838, -0.26179969, -0.61658598]), array([ 3.6039357 , -0.44636428, -0.71865577]), array([ 4.11362146, -0.67022348, -0.79738504]), array([ 4.66535847, -0.9288639 , -0.88733272])]
0.4755000000000833
[ 1.339688  4.271391  0.799575  4.479877  6.499777  0.390476 17.780784]
[INFO] [1774441841.003706778] [mpc_node]: Logging State [ 0.12640842 -0.1569405  -0.04254647  0.          0.          0.        ]
REF: [[ 0.12640842  2.79735792  2.85648644  2.90489867  2.96003567  2.98513344
   3.00934323  3.03064128  3.0494553   3.08074624  3.13921528  3.15810999
   3.18012236  3.20428499  3.22774082  3.25177991  3.27668999  3.30169707
   3.32667624  3.35171421  3.37658594]
 [-0.1569405  -0.07688013 -0.07618814 -0.07291867 -0.07108097 -0.0743676
  -0.08226346 -0.09272652 -0.10077862 -0.10946763 -0.12561018 -0.13264876
  -0.1420372  -0.15238375 -0.16072497 -0.16672112 -0.16993217 -0.17026016
  -0.16935046 -0.16948271 -0.17194893]]
DEBUG STATE: [ 0.12640842 -0.1569405  -0.04254647  0.1         0.          0.
  9.51        0.02      ]
DEBUG PARAMS NODE 0: [15.         15.          1.          1.         25.         25.
  0.          0.          0.70884798  0.          0.          0.
  0.12640842 -0.1569405   0.          0.          0.          0.
  0.          0.        ]

iter	qp_stat	qp_iter
0	0	0
1	0	27


PREDICTED STATES: [array([ 0.12640842, -0.1569405 , -0.04254647]), array([ 0.13983593, -0.15751693, -0.04255629]), array([ 0.17033922, -0.1575903 , -0.03627708]), array([ 0.2176536 , -0.15984673, -0.04039156]), array([ 0.28301144, -0.1689305 , -0.07618495]), array([ 0.37055906, -0.18837436, -0.14592995]), array([ 0.48563418, -0.2200744 , -0.24257998]), array([ 0.63288683, -0.26420813, -0.34868638]), array([ 0.81265504, -0.31466946, -0.40850188]), array([ 1.02626312, -0.36334278, -0.4090012 ]), array([ 1.25927682, -0.40570948, -0.3252661 ]), array([ 1.49410777, -0.43710914, -0.18485358]), array([ 1.7311045 , -0.44762737, -0.01978011]), array([ 1.97898614, -0.4300499 ,  0.12717343]), array([ 2.24938776, -0.38544777,  0.21970287]), array([ 2.55189773, -0.3270122 ,  0.24875177]), array([ 2.8871598 , -0.27665174,  0.17599903]), array([ 3.24047781, -0.26613517, -0.03559176]), array([ 3.58668202, -0.32105006, -0.38555398]), array([ 3.89273179, -0.4590456 , -0.84691705]), array([ 4.11152832, -0.70199   , -1.37060897])]
0.47550000000000914
[ 1.368456  3.717454  0.768503  3.864019  8.524925  0.384107 18.627464]
[INFO] [1774441841.045214154] [mpc_node]: Logging State [ 0.12620419 -0.15582565 -0.04160808  0.          0.          0.        ]
[INFO] [1774441841.047989565] [mpc_node]: Logging State [ 0.12774969 -0.15721781 -0.04262446  0.          0.          0.        ]
REF: [[ 0.12774969  2.79735792  2.85648644  2.90489867  2.96003567  2.98513344
   3.00934323  3.03064128  3.0494553   3.08074624  3.13921528  3.15810999
   3.18012236  3.20428499  3.22774082  3.25177991  3.27668999  3.30169707
   3.32667624  3.35171421  3.37658594]
 [-0.15721781 -0.07688013 -0.07618814 -0.07291867 -0.07108097 -0.0743676
  -0.08226346 -0.09272652 -0.10077862 -0.10946763 -0.12561018 -0.13264876
  -0.1420372  -0.15238375 -0.16072497 -0.16672112 -0.16993217 -0.17026016
  -0.16935046 -0.16948271 -0.17194893]]
DEBUG STATE: [ 0.12774969 -0.15721781 -0.04262446  0.1         0.          0.
  9.51        0.13712239]
DEBUG PARAMS NODE 0: [15.         15.          1.          1.         25.         25.
  0.          0.          0.70884798  0.          0.          0.
  0.12774969 -0.15721781  0.          0.          0.          0.
  0.          0.        ]

iter	qp_stat	qp_iter
0	0	0
1	0	26


PREDICTED STATES: [array([ 0.12774969, -0.15721781, -0.04262446]), array([ 0.14115804, -0.15769086, -0.04154435]), array([ 0.17129588, -0.15605898, -0.02334774]), array([ 0.21892645, -0.14932317,  0.01896435]), array([ 0.28664599, -0.13591261,  0.08315235]), array([ 0.37940513, -0.11383883,  0.16561923]), array([ 0.5023547 , -0.08109999,  0.26163611]), array([ 0.66175784, -0.03664406,  0.36827111]), array([0.86110405, 0.01388395, 0.45148941]), array([1.08586134, 0.06734054, 0.44163025]), array([1.3204244 , 0.11556175, 0.33566239]), array([1.55403097, 0.15101851, 0.18244221]), array([1.78968013, 0.16336824, 0.02134515]), array([ 2.03836806,  0.15119465, -0.08410385]), array([ 2.30774268,  0.12721264, -0.11324433]), array([ 2.60045099,  0.08846056, -0.17179458]), array([ 2.91006547,  0.02632594, -0.25786443]), array([ 3.22396962, -0.06581286, -0.36797779]), array([ 3.52769533, -0.191117  , -0.48252531]), array([ 3.81587556, -0.34781127, -0.58382128]), array([ 4.09965739, -0.54046639, -0.66720628])]
0.4755000000000189
[ 1.404169 12.036197  0.98931   6.550722 11.216045  0.388108 32.584551]
[INFO] [1774441841.097327349] [mpc_node]: Logging State [ 0.12212869 -0.15641497 -0.04358295  0.          0.          0.        ]
REF: [[ 0.12212869  2.79735792  2.85648644  2.90489867  2.96003567  2.98513344
   3.00934323  3.03064128  3.0494553   3.08074624  3.13921528  3.15810999
   3.18012236  3.20428499  3.22774082  3.25177991  3.27668999  3.30169707
   3.32667624  3.35171421  3.37658594]
 [-0.15641497 -0.07688013 -0.07618814 -0.07291867 -0.07108097 -0.0743676
  -0.08226346 -0.09272652 -0.10077862 -0.10946763 -0.12561018 -0.13264876
  -0.1420372  -0.15238375 -0.16072497 -0.16672112 -0.16993217 -0.17026016
  -0.16935046 -0.16948271 -0.17194893]]
DEBUG STATE: [ 0.12212869 -0.15641497 -0.04358295  0.1         0.          0.
  9.51        0.11173218]
DEBUG PARAMS NODE 0: [15.         15.          1.          1.         25.         25.
  0.          0.          0.70884798  0.          0.          0.
  0.12212869 -0.15641497  0.          0.          0.          0.
  0.          0.        ]

iter	qp_stat	qp_iter
0	0	0
1	0	18


PREDICTED STATES: [array([ 0.12212869, -0.15641497, -0.04358295]), array([ 0.13554745, -0.15695929, -0.04315075]), array([ 0.16647918, -0.16008653, -0.05474872]), array([ 0.21746267, -0.16958318, -0.09214491]), array([ 0.29124681, -0.18811344, -0.15981504]), array([ 0.3906315 , -0.21680048, -0.24579061]), array([ 0.52117179, -0.25816466, -0.34782227]), array([ 0.68951251, -0.31193708, -0.45492621]), array([ 0.89892839, -0.37142553, -0.53039829]), array([ 1.13963663, -0.43056477, -0.51910338]), array([ 1.3838152 , -0.49066527, -0.41032863]), array([ 1.62089882, -0.5422126 , -0.25527548]), array([ 1.85362639, -0.57375064, -0.10077982]), array([ 2.09202178, -0.57777929,  0.03419262]), array([ 2.34883392, -0.53732455,  0.20928815]), array([ 2.6303457 , -0.46434572,  0.31044526]), array([ 2.93813607, -0.38400035,  0.30536373]), array([ 3.26968163, -0.31791965,  0.22042587]), array([ 3.62105345, -0.27811512,  0.10254684]), array([ 3.9887986 , -0.26946093, -0.02415068]), array([ 4.36977015, -0.28751377, -0.14691683])]
0.4755000000000291
[ 7.673284  2.966488  0.761143  3.128637  4.686219  0.365802 19.581573]
[INFO] [1774441841.120829678] [mpc_node]: Logging State [ 0.12125846 -0.15806919 -0.04350205  0.          0.          0.        ]
[INFO] [1774441841.137318904] [mpc_node]: Logging State [ 0.12499196 -0.15845979 -0.04210863  0.          0.          0.        ]
REF: [[ 0.12499196  2.79735792  2.85648644  2.90489867  2.96003567  2.98513344
   3.00934323  3.03064128  3.0494553   3.08074624  3.13921528  3.15810999
   3.18012236  3.20428499  3.22774082  3.25177991  3.27668999  3.30169707
   3.32667624  3.35171421  3.37658594]
 [-0.15845979 -0.07688013 -0.07618814 -0.07291867 -0.07108097 -0.0743676
  -0.08226346 -0.09272652 -0.10077862 -0.10946763 -0.12561018 -0.13264876
  -0.1420372  -0.15238375 -0.16072497 -0.16672112 -0.16993217 -0.17026016
  -0.16935046 -0.16948271 -0.17194893]]
DEBUG STATE: [ 0.12499196 -0.15845979 -0.04210863  0.1         0.          0.
  9.51       -0.04826782]
DEBUG PARAMS NODE 0: [15.         15.          1.          1.         25.         25.
  0.          0.          0.70884798  0.          0.          0.
  0.12499196 -0.15845979  0.          0.          0.          0.
  0.          0.        ]

iter	qp_stat	qp_iter
0	0	0
1	0	27


PREDICTED STATES: [array([ 0.12499196, -0.15845979, -0.04210863]), array([ 0.13841217, -0.15910032, -0.04286506]), array([ 0.16947057, -0.15787507, -0.02858753]), array([ 0.22083583, -0.15107081,  0.01615528]), array([ 0.29652385, -0.13659616,  0.08990489]), array([ 0.39929519, -0.11264153,  0.18361478]), array([ 0.53480062, -0.07785121,  0.29183558]), array([ 0.70986193, -0.03402053,  0.4015686 ]), array([0.92598063, 0.01177455, 0.47179591]), array([1.16919249, 0.05569044, 0.44489202]), array([1.41403109, 0.10008805, 0.33299614]), array([1.64958401, 0.14204264, 0.21097724]), array([1.87630616, 0.16890246, 0.07301664]), array([ 2.11051967,  0.16970714, -0.08753156]), array([ 2.36681772,  0.17355074, -0.13895569]), array([ 2.65478046,  0.1752751 , -0.25180188]), array([ 2.97900233,  0.13010636, -0.36302422]), array([ 3.32011242,  0.03533713, -0.39451615]), array([ 3.66418563, -0.08804171, -0.45180124]), array([ 4.00761941, -0.24044597, -0.52665986]), array([ 4.34741906, -0.42386233, -0.60896955])]
0.47549999999998716
[ 1.34596   2.857301  0.764759  3.415141  4.575848  0.365035 13.324044]
REF: [[ 0.12499196  2.79735792  2.85648644  2.90489867  2.96003567  2.98513344
   3.00934323  3.03064128  3.0494553   3.08074624  3.13921528  3.15810999
   3.18012236  3.20428499  3.22774082  3.25177991  3.27668999  3.30169707
   3.32667624  3.35171421  3.37658594]
 [-0.15845979 -0.07688013 -0.07618814 -0.07291867 -0.07108097 -0.0743676
  -0.08226346 -0.09272652 -0.10077862 -0.10946763 -0.12561018 -0.13264876
  -0.1420372  -0.15238375 -0.16072497 -0.16672112 -0.16993217 -0.17026016
  -0.16935046 -0.16948271 -0.17194893]]
DEBUG STATE: [ 0.12499196 -0.15845979 -0.04210863  0.1         0.          0.
  9.51        0.11173218]
DEBUG PARAMS NODE 0: [15.         15.          1.          1.         25.         25.
  0.          0.          0.70884798  0.          0.          0.
  0.12499196 -0.15845979  0.          0.          0.          0.
  0.          0.        ]

iter	qp_stat	qp_iter
0	0	0
1	0	34


PREDICTED STATES: [array([ 0.12499196, -0.15845979, -0.04210863]), array([ 0.13841195, -0.1589288 , -0.04109742]), array([ 0.16953126, -0.16143483, -0.04672047]), array([ 0.22061721, -0.17121163, -0.08812117]), array([ 0.29513119, -0.1912395 , -0.16239072]), array([ 0.39632512, -0.223346  , -0.25921874]), array([ 0.52935957, -0.26727259, -0.35992435]), array([ 0.69705135, -0.31604867, -0.42493303]), array([ 0.89557954, -0.36058424, -0.42085296]), array([ 1.10908702, -0.40094574, -0.34311848]), array([ 1.31578221, -0.43745469, -0.20796737]), array([ 1.51160511, -0.44931301, -0.01911176]), array([ 1.71661845, -0.44041744,  0.09217955]), array([ 1.9438462 , -0.43760937,  0.09896621]), array([ 2.19277181, -0.44562842,  0.10019298]), array([ 2.45909122, -0.46343256,  0.11280829]), array([ 2.74351997, -0.49219374,  0.22115771]), array([ 3.0986232 , -0.51793968,  0.28837755]), array([ 3.50915613, -0.4971216 ,  0.30229216]), array([ 3.96747315, -0.45324954,  0.36452701]), array([ 4.47452876, -0.40212652,  0.45119171])]
0.4754999999999462
[ 1.420746  6.669734  0.847897  3.50868   4.731116  0.381132 17.559305]
[INFO] [1774441841.199039871] [mpc_node]: Logging State [ 0.11568105 -0.15782396 -0.04357128  0.          0.          0.        ]
[INFO] [1774441841.212450893] [mpc_node]: Logging State [ 0.11523226 -0.15242276 -0.04528669  0.          0.          0.        ]
REF: [[ 0.11523226  2.79735792  2.85648644  2.90489867  2.96003567  2.98513344
   3.00934323  3.03064128  3.0494553   3.08074624  3.13921528  3.15810999
   3.18012236  3.20428499  3.22774082  3.25177991  3.27668999  3.30169707
   3.32667624  3.35171421  3.37658594]
 [-0.15242276 -0.07688013 -0.07618814 -0.07291867 -0.07108097 -0.0743676
  -0.08226346 -0.09272652 -0.10077862 -0.10946763 -0.12561018 -0.13264876
  -0.1420372  -0.15238375 -0.16072497 -0.16672112 -0.16993217 -0.17026016
  -0.16935046 -0.16948271 -0.17194893]]
DEBUG STATE: [ 0.11523226 -0.15242276 -0.04528669  0.1         0.          0.
  9.51       -0.04826782]
DEBUG PARAMS NODE 0: [15.         15.          1.          1.         25.         25.
  0.          0.          0.70884798  0.          0.          0.
  0.11523226 -0.15242276  0.          0.          0.          0.
  0.          0.        ]

iter	qp_stat	qp_iter
0	0	0
1	0	24


PREDICTED STATES: [array([ 0.11523226, -0.15242276, -0.04528669]), array([ 0.12865037, -0.15310593, -0.04604312]), array([ 0.1597671 , -0.1522071 , -0.03368584]), array([ 0.21095489, -0.14546897,  0.01274539]), array([ 0.28607572, -0.1316472 ,  0.08268171]), array([ 0.38610633, -0.11237744,  0.1483284 ]), array([ 0.51035796, -0.09272583,  0.17713421]), array([ 0.65258197, -0.07846918,  0.1458922 ]), array([ 0.80434673, -0.07774343,  0.04621897]), array([ 0.96225631, -0.09656147, -0.08725841]), array([ 1.13544595, -0.12554018, -0.16534455]), array([ 1.33250027, -0.15457727, -0.20826474]), array([ 1.55825167, -0.17481991, -0.19266764]), array([ 1.80416988, -0.18098339, -0.05335517]), array([ 2.06614884, -0.16153245,  0.14615988]), array([ 2.34390131, -0.10607644,  0.32727104]), array([ 2.63849193, -0.00989445,  0.47637274]), array([2.94267999, 0.13652158, 0.61455572]), array([3.23799509, 0.32667762, 0.73777691]), array([3.51745406, 0.55448668, 0.79477413]), array([3.78816654, 0.81723398, 0.79658118])]
0.4755000000000104
[ 1.298534  2.788211  0.752663  3.550985  4.673067  0.352842 13.416302]
[INFO] [1774441841.240136899] [mpc_node]: Logging State [ 0.11378361 -0.15181924 -0.04480195  0.          0.          0.        ]
[INFO] [1774441841.258650632] [mpc_node]: Logging State [ 0.11742958 -0.1566617  -0.04251743  0.          0.          0.        ]
REF: [[ 0.11742958  2.79735792  2.85648644  2.90489867  2.96003567  2.98513344
   3.00934323  3.03064128  3.0494553   3.08074624  3.13921528  3.15810999
   3.18012236  3.20428499  3.22774082  3.25177991  3.27668999  3.30169707
   3.32667624  3.35171421  3.37658594]
 [-0.1566617  -0.07688013 -0.07618814 -0.07291867 -0.07108097 -0.0743676
  -0.08226346 -0.09272652 -0.10077862 -0.10946763 -0.12561018 -0.13264876
  -0.1420372  -0.15238375 -0.16072497 -0.16672112 -0.16993217 -0.17026016
  -0.16935046 -0.16948271 -0.17194893]]
DEBUG STATE: [ 0.11742958 -0.1566617  -0.04251743  0.1         0.          0.
  9.51        0.11173218]
DEBUG PARAMS NODE 0: [15.         15.          1.          1.         25.         25.
  0.          0.          0.70884798  0.          0.          0.
  0.11742958 -0.1566617   0.          0.          0.          0.
  0.          0.        ]

iter	qp_stat	qp_iter
0	0	0
1	0	31


PREDICTED STATES: [array([ 0.11742958, -0.1566617 , -0.04251743]), array([ 0.13084937, -0.15713619, -0.04150622]), array([ 0.16195739, -0.15965789, -0.04712928]), array([ 0.21230696, -0.16710702, -0.07418766]), array([ 0.28205781, -0.17589536, -0.09111112]), array([ 0.36848458, -0.1810634 , -0.07028917]), array([ 0.46940954, -0.17528181,  0.00502574]), array([ 0.58609484, -0.15317857,  0.1141393 ]), array([ 0.72380293, -0.11812762,  0.20827874]), array([ 0.89033874, -0.07771324,  0.26690097]), array([ 1.08709439, -0.03760791,  0.26214297]), array([ 1.30383567, -0.00887505,  0.16414933]), array([ 1.53608861, -0.00262684,  0.00709906]), array([ 1.7802659 , -0.02735857, -0.15081473]), array([ 2.044429  , -0.0873464 , -0.30450955]), array([ 2.34498674, -0.17722964, -0.44627887]), array([ 2.69209869, -0.280201  , -0.4755241 ]), array([ 3.07842073, -0.36239063, -0.32834624]), array([ 3.48655993e+00, -3.92556923e-01, -2.68686621e-03]), array([ 3.88169392, -0.34333747,  0.60698973]), array([ 4.19915827, -0.1578424 ,  1.24758299])]
0.4755000000000399
[ 1.254949  3.023418  0.73103   3.440902  4.911057  0.388204 13.74956 ]
[INFO] [1774441841.291468566] [mpc_node]: Logging State [ 0.11218887 -0.15891794 -0.04291632  0.          0.          0.        ]
REF: [[ 0.11218887  2.79735792  2.85648644  2.90489867  2.96003567  2.98513344
   3.00934323  3.03064128  3.0494553   3.08074624  3.13921528  3.15810999
   3.18012236  3.20428499  3.22774082  3.25177991  3.27668999  3.30169707
   3.32667624  3.35171421  3.37658594]
 [-0.15891794 -0.07688013 -0.07618814 -0.07291867 -0.07108097 -0.0743676
  -0.08226346 -0.09272652 -0.10077862 -0.10946763 -0.12561018 -0.13264876
  -0.1420372  -0.15238375 -0.16072497 -0.16672112 -0.16993217 -0.17026016
  -0.16935046 -0.16948271 -0.17194893]]
DEBUG STATE: [ 0.11218887 -0.15891794 -0.04291632  0.1         0.          0.
  9.51       -0.04826782]
DEBUG PARAMS NODE 0: [15.         15.          1.          1.         25.         25.
  0.          0.          0.70884798  0.          0.          0.
  0.11218887 -0.15891794  0.          0.          0.          0.
  0.          0.        ]

iter	qp_stat	qp_iter
0	0	0
1	0	32


PREDICTED STATES: [array([ 0.11218887, -0.15891794, -0.04291632]), array([ 0.12560856, -0.1595693 , -0.04367276]), array([ 0.15636357, -0.16031565, -0.04142947]), array([ 0.2040487 , -0.1631252 , -0.04720737]), array([ 0.26773186, -0.17332014, -0.08750985]), array([ 0.34913631, -0.19515727, -0.16309495]), array([ 0.45292221, -0.22922099, -0.251431  ]), array([ 0.58676063, -0.2764553 , -0.35158224]), array([ 0.75467471, -0.33675457, -0.44191302]), array([ 0.95169685, -0.40122765, -0.45120601]), array([ 1.17241931, -0.45793408, -0.37141186]), array([ 1.40292216, -0.50115979, -0.23505826]), array([ 1.6383562 , -0.52309292, -0.07297409]), array([ 1.88738312, -0.51583201,  0.10050854]), array([ 2.16366422, -0.47359331,  0.24239988]), array([ 2.47953915, -0.397477  ,  0.36435905]), array([ 2.84009547, -0.28571727,  0.47673564]), array([ 3.22825028, -0.12967114,  0.57650727]), array([3.60697215, 0.07442857, 0.6884301 ]), array([3.94725072, 0.32146573, 0.79491244]), array([4.22304926, 0.5968875 , 0.88914212])]
0.47549999999999476
[ 1.479692  2.994137  0.918971  3.396101  4.518726  0.341482 13.649109]
[INFO] [1774441841.323897848] [mpc_node]: Logging State [ 0.1089365  -0.16016608 -0.04190297  0.          0.          0.        ]
REF: [[ 0.1089365   2.79735792  2.85648644  2.90489867  2.96003567  2.98513344
   3.00934323  3.03064128  3.0494553   3.08074624  3.13921528  3.15810999
   3.18012236  3.20428499  3.22774082  3.25177991  3.27668999  3.30169707
   3.32667624  3.35171421  3.37658594]
 [-0.16016608 -0.07688013 -0.07618814 -0.07291867 -0.07108097 -0.0743676
  -0.08226346 -0.09272652 -0.10077862 -0.10946763 -0.12561018 -0.13264876
  -0.1420372  -0.15238375 -0.16072497 -0.16672112 -0.16993217 -0.17026016
  -0.16935046 -0.16948271 -0.17194893]]
DEBUG STATE: [ 0.1089365  -0.16016608 -0.04190297  0.1         0.          0.
  9.51        0.11173218]
DEBUG PARAMS NODE 0: [15.         15.          1.          1.         25.         25.
  0.          0.          0.70884798  0.          0.          0.
  0.1089365  -0.16016608  0.          0.          0.          0.
  0.          0.        ]

iter	qp_stat	qp_iter
0	0	0
1	0	29


PREDICTED STATES: [array([ 0.1089365 , -0.16016608, -0.04190297]), array([ 0.12234943, -0.16063043, -0.04085102]), array([ 0.15260005, -0.15965257, -0.02656798]), array([ 0.20046896, -0.15380496,  0.01222315]), array([ 0.26875339, -0.1409831 ,  0.07600214]), array([ 0.36191733, -0.12016218,  0.15753234]), array([ 0.48486446, -0.08901437,  0.25555543]), array([ 0.64069897, -0.04958463,  0.34143689]), array([ 0.8371483 , -0.00459988,  0.41733763]), array([1.06736952, 0.03935262, 0.42502801]), array([1.30648594, 0.08238825, 0.33255239]), array([1.54430773, 0.11492271, 0.18323393]), array([1.78177653, 0.12600299, 0.01773177]), array([ 2.02824643,  0.10820293, -0.12396333]), array([ 2.29599602,  0.06385076, -0.21689955]), array([ 2.59488657,  0.0048877 , -0.2378038 ]), array([ 2.92353964, -0.04035775, -0.13249793]), array([ 3.26536682, -0.04453357,  0.10367322]), array([3.60049959, 0.00475663, 0.41469525]), array([3.91219091, 0.11001996, 0.75920033]), array([4.18238193, 0.26806502, 1.09393241])]
0.47549999999995607
[ 1.398666  7.073266  1.07296   8.134577 23.19176   0.393356 41.264585]
REF: [[ 0.1089365   2.79735792  2.85648644  2.90489867  2.96003567  2.98513344
   3.00934323  3.03064128  3.0494553   3.08074624  3.13921528  3.15810999
   3.18012236  3.20428499  3.22774082  3.25177991  3.27668999  3.30169707
   3.32667624  3.35171421  3.37658594]
 [-0.16016608 -0.07688013 -0.07618814 -0.07291867 -0.07108097 -0.0743676
  -0.08226346 -0.09272652 -0.10077862 -0.10946763 -0.12561018 -0.13264876
  -0.1420372  -0.15238375 -0.16072497 -0.16672112 -0.16993217 -0.17026016
  -0.16935046 -0.16948271 -0.17194893]]
DEBUG STATE: [ 0.1089365  -0.16016608 -0.04190297  0.1         0.          0.
  9.51        0.05864993]
DEBUG PARAMS NODE 0: [15.         15.          1.          1.         25.         25.
  0.          0.          0.70884798  0.          0.          0.
  0.1089365  -0.16016608  0.          0.          0.          0.
  0.          0.        ]

iter	qp_stat	qp_iter
0	0	0
1	0	24


PREDICTED STATES: [array([ 0.1089365 , -0.16016608, -0.04190297]), array([ 0.12235077, -0.16079067, -0.04254528]), array([ 0.15301115, -0.1648656 , -0.06042591]), array([ 0.20351508, -0.1754297 , -0.1015865 ]), array([ 0.27702192, -0.19477603, -0.16981336]), array([ 0.37623579, -0.22459368, -0.25624785]), array([ 0.5064542 , -0.26697825, -0.35752963]), array([ 0.67452483, -0.32150304, -0.46450396]), array([ 0.87883968, -0.38312306, -0.52581183]), array([ 1.11362265, -0.44334214, -0.50397324]), array([ 1.35710257, -0.50028569, -0.39297043]), array([ 1.59632468, -0.54698481, -0.2380108 ]), array([ 1.83452721, -0.57353934, -0.08588072]), array([ 2.08175471, -0.57946228,  0.01168848]), array([ 2.34830667, -0.56269668,  0.11565032]), array([ 2.64180452, -0.5121626 ,  0.25547457]), array([ 2.95070735, -0.42130047,  0.38653942]), array([ 3.25647167, -0.29450095,  0.51824416]), array([ 3.54712716, -0.13436586,  0.64209076]), array([3.81674727, 0.05647793, 0.74578994]), array([4.06685435, 0.27565425, 0.8260154 ])]
0.4755000000000207
[ 1.186947  8.883912  0.906586 10.934117  5.136184  0.399308 27.447054]
[INFO] [1774441841.410258651] [mpc_node]: Logging State [ 0.11177266 -0.15685484 -0.04196097  0.          0.          0.        ]
[INFO] [1774441841.412310744] [mpc_node]: Logging State [ 0.10082727 -0.15401992 -0.04330798  0.          0.          0.        ]
[INFO] [1774441841.426658242] [mpc_node]: Logging State [ 0.09997879 -0.15351008 -0.04244125  0.          0.          0.        ]
REF: [[ 0.09997879  2.79735792  2.85648644  2.90489867  2.96003567  2.98513344
   3.00934323  3.03064128  3.0494553   3.08074624  3.13921528  3.15810999
   3.18012236  3.20428499  3.22774082  3.25177991  3.27668999  3.30169707
   3.32667624  3.35171421  3.37658594]
 [-0.15351008 -0.07688013 -0.07618814 -0.07291867 -0.07108097 -0.0743676
  -0.08226346 -0.09272652 -0.10077862 -0.10946763 -0.12561018 -0.13264876
  -0.1420372  -0.15238375 -0.16072497 -0.16672112 -0.16993217 -0.17026016
  -0.16935046 -0.16948271 -0.17194893]]
DEBUG STATE: [ 0.09997879 -0.15351008 -0.04244125  0.1         0.          0.
  9.51       -0.10135007]
DEBUG PARAMS NODE 0: [15.         15.          1.          1.         25.         25.
  0.          0.          0.70884798  0.          0.          0.
  0.09997879 -0.15351008  0.          0.          0.          0.
  0.          0.        ]

iter	qp_stat	qp_iter
0	0	0
1	0	25


PREDICTED STATES: [array([ 0.09997879, -0.15351008, -0.04244125]), array([ 0.1133917 , -0.15417402, -0.04342513]), array([ 0.14445532, -0.15405559, -0.0297701 ]), array([ 0.19611319, -0.148514  ,  0.01010672]), array([ 0.27214307, -0.13467586,  0.08336144]), array([ 0.37540614, -0.11154623,  0.17692221]), array([ 0.51166053, -0.07779237,  0.28533415]), array([ 0.68753577, -0.03538824,  0.39439459]), array([0.9051855 , 0.00877575, 0.46681268]), array([1.14714959, 0.05377665, 0.43832977]), array([1.39066512, 0.09732762, 0.31960949]), array([1.62496043, 0.13231726, 0.16725963]), array([1.85298941, 0.14844776, 0.02842953]), array([ 2.08523389,  0.13020918, -0.13619563]), array([ 2.33974727,  0.08288085, -0.25042748]), array([ 2.62231545,  0.03160837, -0.27438859]), array([ 2.93589927, -0.0047563 , -0.21188436]), array([ 3.27288415, -0.01447127, -0.08355426]), array([3.62454759, 0.00909116, 0.07543107]), array([3.98509537, 0.06814252, 0.23811447]), array([4.34955123, 0.15881351, 0.38777228])]
0.4755000000000599
[ 5.793708  3.050907  0.799704  3.264864  4.549863  0.370219 17.829265]
[INFO] [1774441841.450301824] [mpc_node]: Logging State [ 0.10659778 -0.15173001 -0.04412371  0.          0.          0.        ]
REF: [[ 0.10659778  2.79735792  2.85648644  2.90489867  2.96003567  2.98513344
   3.00934323  3.03064128  3.0494553   3.08074624  3.13921528  3.15810999
   3.18012236  3.20428499  3.22774082  3.25177991  3.27668999  3.30169707
   3.32667624  3.35171421  3.37658594]
 [-0.15173001 -0.07688013 -0.07618814 -0.07291867 -0.07108097 -0.0743676
  -0.08226346 -0.09272652 -0.10077862 -0.10946763 -0.12561018 -0.13264876
  -0.1420372  -0.15238375 -0.16072497 -0.16672112 -0.16993217 -0.17026016
  -0.16935046 -0.16948271 -0.17194893]]
DEBUG STATE: [ 0.10659778 -0.15173001 -0.04412371  0.1         0.          0.
  9.51        0.05864993]
DEBUG PARAMS NODE 0: [15.         15.          1.          1.         25.         25.
  0.          0.          0.70884798  0.          0.          0.
  0.10659778 -0.15173001  0.          0.          0.          0.
  0.          0.        ]

iter	qp_stat	qp_iter
0	0	0
1	0	27


PREDICTED STATES: [array([ 0.10659778, -0.15173001, -0.04412371]), array([ 0.12002226, -0.15224227, -0.04330636]), array([ 0.15099217, -0.15571654, -0.0545341 ]), array([ 0.20234369, -0.16590298, -0.09584669]), array([ 0.27743893, -0.18635627, -0.16951942]), array([ 0.37913044, -0.21902795, -0.26575601]), array([ 0.51350335, -0.26519526, -0.37740138]), array([ 0.6872211 , -0.32212378, -0.48370368]), array([ 0.89891659, -0.38076509, -0.53028826]), array([ 1.13229838, -0.43823337, -0.48406212]), array([ 1.36298886, -0.50067708, -0.38624255]), array([ 1.58075731, -0.5557914 , -0.24135695]), array([ 1.7947463 , -0.58064242, -0.04509062]), array([ 2.02626814, -0.5990153 ,  0.02352871]), array([ 2.2823185 , -0.62929554,  0.01760556]), array([ 2.56712603, -0.65015664,  0.1391236 ]), array([ 2.88271411, -0.60423685,  0.41565754]), array([ 3.21319731, -0.45933892,  0.64071704]), array([ 3.53364007, -0.24335576,  0.86830863]), array([3.83325862, 0.02116676, 1.08914235]), array([4.10454176, 0.32472603, 1.29548857])]
0.47550000000001635
[ 1.309639  2.854805  0.76047   3.393349  4.639018  0.75391  13.711191]
[INFO] [1774441841.474387498] [mpc_node]: Logging State [ 0.10378726 -0.15313014 -0.04382063  0.          0.          0.        ]
REF: [[ 0.10378726  2.79735792  2.85648644  2.90489867  2.96003567  2.98513344
   3.00934323  3.03064128  3.0494553   3.08074624  3.13921528  3.15810999
   3.18012236  3.20428499  3.22774082  3.25177991  3.27668999  3.30169707
   3.32667624  3.35171421  3.37658594]
 [-0.15313014 -0.07688013 -0.07618814 -0.07291867 -0.07108097 -0.0743676
  -0.08226346 -0.09272652 -0.10077862 -0.10946763 -0.12561018 -0.13264876
  -0.1420372  -0.15238375 -0.16072497 -0.16672112 -0.16993217 -0.17026016
  -0.16935046 -0.16948271 -0.17194893]]
DEBUG STATE: [ 0.10378726 -0.15313014 -0.04382063  0.1         0.          0.
  9.51       -0.10135007]
DEBUG PARAMS NODE 0: [15.         15.          1.          1.         25.         25.
  0.          0.          0.70884798  0.          0.          0.
  0.10378726 -0.15313014  0.          0.          0.          0.
  0.          0.        ]

iter	qp_stat	qp_iter
0	0	0
1	0	25


PREDICTED STATES: [array([ 0.10378726, -0.15313014, -0.04382063]), array([ 0.11719925, -0.15381258, -0.04480451]), array([ 0.14841104, -0.15382145, -0.03812604]), array([ 0.20007584, -0.14819385,  0.00423549]), array([ 0.27613907, -0.13431505,  0.07894024]), array([ 0.37941809, -0.11143861,  0.16906511]), array([ 0.51281895, -0.08346744,  0.24206568]), array([ 0.67608085, -0.05742767,  0.26778085]), array([ 0.86103617, -0.03769621,  0.22713187]), array([ 1.04942033, -0.02833919,  0.10822875]), array([ 1.23325118, -0.03866531, -0.0528996 ]), array([ 1.42672013, -0.06115913, -0.1407291 ]), array([ 1.64143817, -0.07689319, -0.13934118]), array([ 1.8798265 , -0.0739707 , -0.06242892]), array([ 2.13775726, -0.04758347,  0.11241675]), array([2.41365107, 0.01220975, 0.32991205]), array([2.69209693, 0.11053061, 0.53849851]), array([2.96124943, 0.24392448, 0.73111276]), array([3.21673394, 0.40998207, 0.90152669]), array([3.45609019, 0.60795209, 1.05404368]), array([3.67396595, 0.83528604, 1.1950824 ])]
0.47550000000006154
[ 2.12528   3.294657  0.875066  3.42647  11.561303  0.396172 21.678948]
[INFO] [1774441841.522753862] [mpc_node]: Logging State [ 0.08512808 -0.15287878 -0.04290273  0.          0.          0.        ]
REF: [[ 0.08512808  2.79735792  2.85648644  2.90489867  2.96003567  2.98513344
   3.00934323  3.03064128  3.0494553   3.08074624  3.13921528  3.15810999
   3.18012236  3.20428499  3.22774082  3.25177991  3.27668999  3.30169707
   3.32667624  3.35171421  3.37658594]
 [-0.15287878 -0.07688013 -0.07618814 -0.07291867 -0.07108097 -0.0743676
  -0.08226346 -0.09272652 -0.10077862 -0.10946763 -0.12561018 -0.13264876
  -0.1420372  -0.15238375 -0.16072497 -0.16672112 -0.16993217 -0.17026016
  -0.16935046 -0.16948271 -0.17194893]]
DEBUG STATE: [ 0.08512808 -0.15287878 -0.04290273  0.1         0.          0.
  9.51        0.05864993]
DEBUG PARAMS NODE 0: [15.         15.          1.          1.         25.         25.
  0.          0.          0.70884798  0.          0.          0.
  0.08512808 -0.15287878  0.          0.          0.          0.
  0.          0.        ]

iter	qp_stat	qp_iter
0	0	0
1	0	31


PREDICTED STATES: [array([ 0.08512808, -0.15287878, -0.04290273]), array([ 0.09855318, -0.15337465, -0.04208538]), array([ 0.12951659, -0.15680994, -0.053294  ]), array([ 0.17993783, -0.16734208, -0.09615021]), array([ 0.25250613, -0.18429966, -0.14831295]), array([ 0.34600924, -0.20362451, -0.17626042]), array([ 0.45720861, -0.21978917, -0.15498854]), array([ 0.58161452, -0.22422293, -0.06985159]), array([ 0.71903475, -0.21089448,  0.04872493]), array([ 0.87462899, -0.18574241,  0.13715636]), array([ 1.05602296, -0.15872792,  0.18254248]), array([ 1.26600692, -0.1376721 ,  0.15773836]), array([ 1.49463898, -0.13201423,  0.03219391]), array([ 1.737777  , -0.1536205 , -0.13469437]), array([ 2.00095211, -0.21184818, -0.27160208]), array([ 2.29981793, -0.29793639, -0.4022938 ]), array([ 2.63938259, -0.37748839, -0.37700241]), array([ 3.00312361, -0.4161877 , -0.14675619]), array([ 3.38061555, -0.41208906,  0.11164084]), array([ 3.7621174 , -0.36534059,  0.37474849]), array([ 4.13732799, -0.27773158,  0.63982591])]
0.47550000000008147
[ 1.476396  4.230493  6.880012  7.612578 13.859068  0.383755 34.442302]
[INFO] [1774441841.575352927] [mpc_node]: Logging State [ 0.08586491 -0.15007055 -0.04559481  0.          0.          0.        ]
[INFO] [1774441841.577263415] [mpc_node]: Logging State [ 0.09592221 -0.15322621 -0.04257044  0.          0.          0.        ]
REF: [[ 0.09592221  2.79735792  2.85648644  2.90489867  2.96003567  2.98513344
   3.00934323  3.03064128  3.0494553   3.08074624  3.13921528  3.15810999
   3.18012236  3.20428499  3.22774082  3.25177991  3.27668999  3.30169707
   3.32667624  3.35171421  3.37658594]
 [-0.15322621 -0.07688013 -0.07618814 -0.07291867 -0.07108097 -0.0743676
  -0.08226346 -0.09272652 -0.10077862 -0.10946763 -0.12561018 -0.13264876
  -0.1420372  -0.15238375 -0.16072497 -0.16672112 -0.16993217 -0.17026016
  -0.16935046 -0.16948271 -0.17194893]]
DEBUG STATE: [ 0.09592221 -0.15322621 -0.04257044  0.1         0.          0.
  9.51       -0.10135007]
DEBUG PARAMS NODE 0: [15.         15.          1.          1.         25.         25.
  0.          0.          0.70884798  0.          0.          0.
  0.09592221 -0.15322621  0.          0.          0.          0.
  0.          0.        ]

iter	qp_stat	qp_iter
0	0	0
1	0	33


PREDICTED STATES: [array([ 0.09592221, -0.15322621, -0.04257044]), array([ 0.10933504, -0.15389188, -0.04355432]), array([ 0.14049583, -0.15403804, -0.03789826]), array([ 0.19049971, -0.15219642, -0.01879909]), array([ 0.25759778, -0.15366869, -0.02352901]), array([ 0.33965885, -0.16376042, -0.07205373]), array([ 0.43784608, -0.18780122, -0.15953124]), array([ 0.55686839, -0.22578429, -0.25194002]), array([ 0.7049868 , -0.27493437, -0.33850184]), array([ 0.88473119, -0.33296443, -0.38636675]), array([ 1.08875953, -0.38827728, -0.33829182]), array([ 1.31162178, -0.42845   , -0.21098388]), array([ 1.54602052, -0.44544751, -0.05958767]), array([ 1.79557512, -0.43301763,  0.10783203]), array([ 2.07440939, -0.38651119,  0.26607806]), array([ 2.39574095, -0.30541236,  0.39028054]), array([ 2.76113911, -0.18923009,  0.50023433]), array([ 3.12985019, -0.02556046,  0.59642049]), array([3.48908812, 0.17434601, 0.70121718]), array([3.83758675, 0.40945761, 0.81367261]), array([4.17102359, 0.67955294, 0.93170841])]
0.47550000000002407
[ 1.328039  2.851765  0.898299  4.05212  16.91023   0.415532 26.455985]
[INFO] [1774441841.607224752] [mpc_node]: Logging State [ 0.09765093 -0.1514423  -0.04378825  0.          0.          0.        ]
[INFO] [1774441841.617639142] [mpc_node]: Logging State [ 0.09542062 -0.14973247 -0.0462105   0.          0.          0.        ]
REF: [[ 0.09542062  2.79735792  2.85648644  2.90489867  2.96003567  2.98513344
   3.00934323  3.03064128  3.0494553   3.08074624  3.13921528  3.15810999
   3.18012236  3.20428499  3.22774082  3.25177991  3.27668999  3.30169707
   3.32667624  3.35171421  3.37658594]
 [-0.14973247 -0.07688013 -0.07618814 -0.07291867 -0.07108097 -0.0743676
  -0.08226346 -0.09272652 -0.10077862 -0.10946763 -0.12561018 -0.13264876
  -0.1420372  -0.15238375 -0.16072497 -0.16672112 -0.16993217 -0.17026016
  -0.16935046 -0.16948271 -0.17194893]]
DEBUG STATE: [ 0.09542062 -0.14973247 -0.0462105   0.1         0.          0.
  9.51        0.05864993]
DEBUG PARAMS NODE 0: [15.         15.          1.          1.         25.         25.
  0.          0.          0.70884798  0.          0.          0.
  0.09542062 -0.14973247  0.          0.          0.          0.
  0.          0.        ]

iter	qp_stat	qp_iter
0	0	0
1	0	34


PREDICTED STATES: [array([ 0.09542062, -0.14973247, -0.0462105 ]), array([ 0.10882811, -0.15025918, -0.04520782]), array([ 0.1388112 , -0.1484695 , -0.02589945]), array([ 0.1852371 , -0.14126092,  0.01930637]), array([ 0.24960047, -0.12704911,  0.08604154]), array([ 0.3352084 , -0.10437788,  0.16594215]), array([ 0.44817173, -0.07078042,  0.26064147]), array([ 0.59431421, -0.02526814,  0.36179124]), array([0.77236606, 0.02678918, 0.41204445]), array([0.98436705, 0.07603334, 0.40419256]), array([1.21482115, 0.11879981, 0.31403996]), array([1.44666936, 0.14965516, 0.17020714]), array([1.68035998, 0.15812605, 0.00213293]), array([ 1.92561339,  0.13422579, -0.15712776]), array([ 2.19774056,  0.07474057, -0.2945412 ]), array([ 2.51211882, -0.01627212, -0.39935038]), array([ 2.87913243, -0.12767361, -0.45749809]), array([ 3.30099364, -0.24395094, -0.47235578]), array([ 3.76962605, -0.34635928, -0.42368464]), array([ 4.27972143, -0.41569199, -0.31693408]), array([ 4.8159143 , -0.43521377, -0.10932573])]
0.47550000000005777
[ 1.477292 10.267537  2.412968 16.331012 11.054984  0.400396 41.944189]
REF: [[ 0.09542062  2.79735792  2.85648644  2.90489867  2.96003567  2.98513344
   3.00934323  3.03064128  3.0494553   3.08074624  3.13921528  3.15810999
   3.18012236  3.20428499  3.22774082  3.25177991  3.27668999  3.30169707
   3.32667624  3.35171421  3.37658594]
 [-0.14973247 -0.07688013 -0.07618814 -0.07291867 -0.07108097 -0.0743676
  -0.08226346 -0.09272652 -0.10077862 -0.10946763 -0.12561018 -0.13264876
  -0.1420372  -0.15238375 -0.16072497 -0.16672112 -0.16993217 -0.17026016
  -0.16935046 -0.16948271 -0.17194893]]
DEBUG STATE: [ 0.09542062 -0.14973247 -0.0462105   0.1         0.          0.
  9.51        0.13252996]
DEBUG PARAMS NODE 0: [15.         15.          1.          1.         25.         25.
  0.          0.          0.70884798  0.          0.          0.
  0.09542062 -0.14973247  0.          0.          0.          0.
  0.          0.        ]

iter	qp_stat	qp_iter
0	0	0
1	0	28


PREDICTED STATES: [array([ 0.09542062, -0.14973247, -0.0462105 ]), array([ 0.10883693, -0.15026312, -0.04525804]), array([ 0.13985215, -0.15305478, -0.05212356]), array([ 0.19078774, -0.16214736, -0.08784599]), array([ 0.26398142, -0.17981558, -0.15332217]), array([ 0.361998  , -0.20690279, -0.23686656]), array([ 0.48984377, -0.24502464, -0.33274236]), array([ 0.65424277, -0.29429536, -0.43370744]), array([ 0.8592964 , -0.35016917, -0.51394107]), array([ 1.08707453, -0.41119261, -0.49918967]), array([ 1.32343003, -0.46799604, -0.38955744]), array([ 1.55757351, -0.51351925, -0.23550991]), array([ 1.79233228, -0.5377283 , -0.07606616]), array([ 2.03807515, -0.53473585,  0.06320202]), array([ 2.30609415, -0.50274361,  0.18331033]), array([ 2.6057691 , -0.43999145,  0.2964864 ]), array([ 2.9425331 , -0.34368271,  0.40270913]), array([ 3.31652791, -0.21051895,  0.50468824]), array([ 3.71995713, -0.03468687,  0.61108608]), array([4.13673031, 0.19072542, 0.72719462]), array([4.54462618, 0.47227139, 0.84623481])]
0.47549999999997694
[ 7.816296  4.197212  1.326152  3.720814  5.234043  0.349355 22.643872]
[INFO] [1774441841.686947278] [mpc_node]: Logging State [ 0.09940348 -0.15170642 -0.04381926  0.          0.          0.        ]
[INFO] [1774441841.688774597] [mpc_node]: Logging State [ 0.0997785  -0.14969466 -0.04555764  0.          0.          0.        ]
[INFO] [1774441841.690921572] [mpc_node]: Logging State [ 0.09867749 -0.15185904 -0.04289549  0.          0.          0.        ]
REF: [[ 0.09867749  2.79735792  2.85648644  2.90489867  2.96003567  2.98513344
   3.00934323  3.03064128  3.0494553   3.08074624  3.13921528  3.15810999
   3.18012236  3.20428499  3.22774082  3.25177991  3.27668999  3.30169707
   3.32667624  3.35171421  3.37658594]
 [-0.15185904 -0.07688013 -0.07618814 -0.07291867 -0.07108097 -0.0743676
  -0.08226346 -0.09272652 -0.10077862 -0.10946763 -0.12561018 -0.13264876
  -0.1420372  -0.15238375 -0.16072497 -0.16672112 -0.16993217 -0.17026016
  -0.16935046 -0.16948271 -0.17194893]]
DEBUG STATE: [ 0.09867749 -0.15185904 -0.04289549  0.1         0.          0.
  9.51       -0.02747004]
DEBUG PARAMS NODE 0: [15.         15.          1.          1.         25.         25.
  0.          0.          0.70884798  0.          0.          0.
  0.09867749 -0.15185904  0.          0.          0.          0.
  0.          0.        ]

iter	qp_stat	qp_iter
0	0	0
1	0	27


PREDICTED STATES: [array([ 0.09867749, -0.15185904, -0.04289549]), array([ 0.11210037, -0.15249558, -0.04348982]), array([ 0.14317744, -0.15108224, -0.02850774]), array([ 0.1942282 , -0.14384195,  0.01913866]), array([ 0.26957081, -0.12914697,  0.09268571]), array([ 0.37174915, -0.10528723,  0.18475679]), array([ 0.50599653, -0.07116304,  0.28982553]), array([ 0.67854561, -0.02784706,  0.39579677]), array([0.89168817, 0.01868043, 0.46794399]), array([1.13553501, 0.062757  , 0.45456599]), array([1.38136416, 0.10791707, 0.34583392]), array([1.61901648, 0.1449395 , 0.1927698 ]), array([1.85157824, 0.16305679, 0.04779647]), array([ 2.08801055,  0.15414883, -0.09093099]), array([ 2.34447813,  0.10344727, -0.27648414]), array([ 2.6344475 ,  0.04141697, -0.32206033]), array([ 2.95288172, -0.00403446, -0.22750095]), array([ 3.29236389, -0.02085525, -0.05665218]), array([ 3.64369595e+00, -1.98347456e-03,  1.18714192e-01]), array([3.99912134, 0.05540216, 0.26507724]), array([4.35339659, 0.15164715, 0.3842839 ])]
0.47549999999996334
[ 3.557033  4.177372  0.773111  3.769744  6.224665  0.399692 18.901617]
[INFO] [1774441841.720123335] [mpc_node]: Logging State [ 0.10611428 -0.1474504  -0.04637722  0.          0.          0.        ]
[INFO] [1774441841.730437433] [mpc_node]: Logging State [ 0.10174054 -0.14769906 -0.04614382  0.          0.          0.        ]
REF: [[ 0.10174054  2.79735792  2.85648644  2.90489867  2.96003567  2.98513344
   3.00934323  3.03064128  3.0494553   3.08074624  3.13921528  3.15810999
   3.18012236  3.20428499  3.22774082  3.25177991  3.27668999  3.30169707
   3.32667624  3.35171421  3.37658594]
 [-0.14769906 -0.07688013 -0.07618814 -0.07291867 -0.07108097 -0.0743676
  -0.08226346 -0.09272652 -0.10077862 -0.10946763 -0.12561018 -0.13264876
  -0.1420372  -0.15238375 -0.16072497 -0.16672112 -0.16993217 -0.17026016
  -0.16935046 -0.16948271 -0.17194893]]
DEBUG STATE: [ 0.10174054 -0.14769906 -0.04614382  0.1         0.          0.
  9.51        0.13252996]
DEBUG PARAMS NODE 0: [15.         15.          1.          1.         25.         25.
  0.          0.          0.70884798  0.          0.          0.
  0.10174054 -0.14769906  0.          0.          0.          0.
  0.          0.        ]

iter	qp_stat	qp_iter
0	0	0
1	0	25


PREDICTED STATES: [array([ 0.10174054, -0.14769906, -0.04614382]), array([ 0.11515637, -0.14821884, -0.04508722]), array([ 0.14631597, -0.15053281, -0.04872903]), array([ 0.19758654, -0.16009858, -0.08863537]), array([ 0.27223536, -0.18004224, -0.16252719]), array([ 0.37349879, -0.21200204, -0.25901375]), array([ 0.50738866, -0.25727962, -0.37067112]), array([ 0.68088388, -0.31394495, -0.48261602]), array([ 0.89483656, -0.37476506, -0.54755889]), array([ 1.13338136, -0.43475431, -0.50955359]), array([ 1.37196632, -0.49523794, -0.39468641]), array([ 1.59980025, -0.55204319, -0.26538632]), array([ 1.81870881, -0.58493379, -0.09185892]), array([ 2.04997678, -0.59377335,  0.0463301 ]), array([ 2.30652983, -0.6075245 ,  0.11860732]), array([ 2.59643787, -0.61362937,  0.31218976]), array([ 2.91897284, -0.55698388,  0.5029575 ]), array([ 3.25452394, -0.41308057,  0.60803483]), array([ 3.57970734, -0.22109715,  0.7358265 ]), array([3.88975113, 0.00748846, 0.85659734]), array([4.1809484 , 0.27025613, 0.96438277])]
0.4755000000000516
[ 1.266213  3.023226  0.763031  3.778992  7.754374  0.364331 16.950167]
[INFO] [1774441841.758251378] [mpc_node]: Logging State [ 0.09700039 -0.15005771 -0.04552786  0.          0.          0.        ]
REF: [[ 0.09700039  2.79735792  2.85648644  2.90489867  2.96003567  2.98513344
   3.00934323  3.03064128  3.0494553   3.08074624  3.13921528  3.15810999
   3.18012236  3.20428499  3.22774082  3.25177991  3.27668999  3.30169707
   3.32667624  3.35171421  3.37658594]
 [-0.15005771 -0.07688013 -0.07618814 -0.07291867 -0.07108097 -0.0743676
  -0.08226346 -0.09272652 -0.10077862 -0.10946763 -0.12561018 -0.13264876
  -0.1420372  -0.15238375 -0.16072497 -0.16672112 -0.16993217 -0.17026016
  -0.16935046 -0.16948271 -0.17194893]]
DEBUG STATE: [ 0.09700039 -0.15005771 -0.04552786  0.1         0.          0.
  9.51       -0.02747004]
DEBUG PARAMS NODE 0: [15.         15.          1.          1.         25.         25.
  0.          0.          0.70884798  0.          0.          0.
  0.09700039 -0.15005771  0.          0.          0.          0.
  0.          0.        ]

iter	qp_stat	qp_iter
0	0	0
1	0	29


PREDICTED STATES: [array([ 0.09700039, -0.15005771, -0.04552786]), array([ 0.11042155, -0.15072959, -0.0461222 ]), array([ 0.14150372, -0.14943988, -0.03144695]), array([ 0.19257096, -0.14227029,  0.01651887]), array([ 0.26804487, -0.12736107,  0.09172943]), array([ 0.37114324, -0.10233671,  0.1888368 ]), array([ 0.5065134 , -0.06884635,  0.28263841]), array([ 0.67483246, -0.03598954,  0.32853112]), array([ 0.87164362, -0.00957309,  0.31334096]), array([1.07879411, 0.01229997, 0.22250819]), array([1.27551116, 0.02284754, 0.06360102]), array([ 1.46720336,  0.00932917, -0.10941595]), array([ 1.67453487, -0.01151352, -0.17285913]), array([ 1.90658275, -0.02034945, -0.13231023]), array([ 2.1594336 , -0.00997118, -0.00415683]), array([2.42784273, 0.02579674, 0.16412436]), array([2.70734329, 0.09248892, 0.30281733]), array([3.01371334, 0.19811657, 0.40723647]), array([3.32927867, 0.33775282, 0.47022068]), array([3.64839326, 0.5104456 , 0.50538063]), array([3.9684275 , 0.71819672, 0.53127865])]
0.475499999999993
[ 1.341288  4.56484   0.803479 20.587107  6.910189  0.39134  34.598243]
[INFO] [1774441841.815868928] [mpc_node]: Logging State [ 0.09421513 -0.15243744 -0.04392303  0.          0.          0.        ]
REF: [[ 0.09421513  2.79735792  2.85648644  2.90489867  2.96003567  2.98513344
   3.00934323  3.03064128  3.0494553   3.08074624  3.13921528  3.15810999
   3.18012236  3.20428499  3.22774082  3.25177991  3.27668999  3.30169707
   3.32667624  3.35171421  3.37658594]
 [-0.15243744 -0.07688013 -0.07618814 -0.07291867 -0.07108097 -0.0743676
  -0.08226346 -0.09272652 -0.10077862 -0.10946763 -0.12561018 -0.13264876
  -0.1420372  -0.15238375 -0.16072497 -0.16672112 -0.16993217 -0.17026016
  -0.16935046 -0.16948271 -0.17194893]]
DEBUG STATE: [ 0.09421513 -0.15243744 -0.04392303  0.1         0.          0.
  9.51        0.13252996]
DEBUG PARAMS NODE 0: [15.         15.          1.          1.         25.         25.
  0.          0.          0.70884798  0.          0.          0.
  0.09421513 -0.15243744  0.          0.          0.          0.
  0.          0.        ]

iter	qp_stat	qp_iter
0	0	0
1	0	31


PREDICTED STATES: [array([ 0.09421513, -0.15243744, -0.04392303]), array([ 0.10763208, -0.15292743, -0.04286643]), array([ 0.13877853, -0.15517777, -0.04650824]), array([ 0.18995852, -0.16454506, -0.08579166]), array([ 0.26349024, -0.18172528, -0.14349309]), array([ 0.35913066, -0.20142919, -0.17862922]), array([ 0.47527816, -0.21911781, -0.16924161]), array([ 0.60507638, -0.22661397, -0.09421344]), array([ 0.74491043, -0.21617805,  0.02985646]), array([ 0.89871698, -0.19055995,  0.13352823]), array([ 1.07425628, -0.15943497,  0.19674677]), array([ 1.278554  , -0.12888436,  0.22682107]), array([ 1.50955661, -0.10989758,  0.16400819]), array([ 1.75553618, -0.10937129, -0.00230048]), array([ 2.01553534, -0.14014183, -0.17676837]), array([ 2.29994247, -0.20856055, -0.31057166]), array([ 2.62215532, -0.3054652 , -0.41002848]), array([ 2.98911064, -0.4202083 , -0.39941762]), array([ 3.39166945, -0.51610252, -0.2668541 ]), array([ 3.81537706, -0.57185164, -0.11210589]), array([ 4.25836418, -0.58884309, -0.04296052])]
0.4754999999999959
[ 1.653297 15.868055  1.415914  6.409375  6.753064  0.377451 32.477156]
REF: [[ 0.09421513  2.79735792  2.85648644  2.90489867  2.96003567  2.98513344
   3.00934323  3.03064128  3.0494553   3.08074624  3.13921528  3.15810999
   3.18012236  3.20428499  3.22774082  3.25177991  3.27668999  3.30169707
   3.32667624  3.35171421  3.37658594]
 [-0.15243744 -0.07688013 -0.07618814 -0.07291867 -0.07108097 -0.0743676
  -0.08226346 -0.09272652 -0.10077862 -0.10946763 -0.12561018 -0.13264876
  -0.1420372  -0.15238375 -0.16072497 -0.16672112 -0.16993217 -0.17026016
  -0.16935046 -0.16948271 -0.17194893]]
DEBUG STATE: [ 0.09421513 -0.15243744 -0.04392303  0.1         0.          0.
  9.51       -0.02747004]
DEBUG PARAMS NODE 0: [15.         15.          1.          1.         25.         25.
  0.          0.          0.70884798  0.          0.          0.
  0.09421513 -0.15243744  0.          0.          0.          0.
  0.          0.        ]

iter	qp_stat	qp_iter
0	0	0
1	0	31


PREDICTED STATES: [array([ 0.09421513, -0.15243744, -0.04392303]), array([ 0.10763735, -0.15308778, -0.04451737]), array([ 0.13857354, -0.15248237, -0.03418373]), array([ 0.1880855 , -0.14994333, -0.012054  ]), array([ 0.25597359, -0.14883233, -0.00550446]), array([ 0.338917  , -0.1547501 , -0.04113154]), array([ 0.43729322, -0.17372686, -0.12196445]), array([ 0.55497237, -0.20776077, -0.2179676 ]), array([ 0.69968352, -0.25441559, -0.31132403]), array([ 0.87720759, -0.31126635, -0.38166436]), array([ 1.08144318, -0.36855837, -0.35669026]), array([ 1.30543062, -0.412644  , -0.24245059]), array([ 1.5440331 , -0.43510821, -0.08330412]), array([ 1.79164592, -0.42820763,  0.06548119]), array([ 2.05787898, -0.3890182 ,  0.23586736]), array([ 2.35834204, -0.31315612,  0.37003319]), array([ 2.70384149, -0.20205933,  0.47613601]), array([ 3.09303257, -0.05383433,  0.57595356]), array([3.50393418, 0.13944023, 0.69090361]), array([3.90968034, 0.38465697, 0.82017137]), array([4.29626116, 0.68586791, 0.95468568])]
0.4755000000000057
[ 1.372488  4.470053  1.337352  5.72513  13.318411  0.377707 26.601141]
[INFO] [1774441841.902210339] [mpc_node]: Logging State [ 0.10642261 -0.15445843 -0.04280544  0.          0.          0.        ]
REF: [[ 0.10642261  2.79735792  2.85648644  2.90489867  2.96003567  2.98513344
   3.00934323  3.03064128  3.0494553   3.08074624  3.13921528  3.15810999
   3.18012236  3.20428499  3.22774082  3.25177991  3.27668999  3.30169707
   3.32667624  3.35171421  3.37658594]
 [-0.15445843 -0.07688013 -0.07618814 -0.07291867 -0.07108097 -0.0743676
  -0.08226346 -0.09272652 -0.10077862 -0.10946763 -0.12561018 -0.13264876
  -0.1420372  -0.15238375 -0.16072497 -0.16672112 -0.16993217 -0.17026016
  -0.16935046 -0.16948271 -0.17194893]]
DEBUG STATE: [ 0.10642261 -0.15445843 -0.04280544  0.1         0.          0.
  9.51        0.13252996]
DEBUG PARAMS NODE 0: [15.         15.          1.          1.         25.         25.
  0.          0.          0.70884798  0.          0.          0.
  0.10642261 -0.15445843  0.          0.          0.          0.
  0.          0.        ]

iter	qp_stat	qp_iter
0	0	0
1	0	32


PREDICTED STATES: [array([ 0.10642261, -0.15445843, -0.04280544]), array([ 0.11984009, -0.15493343, -0.04174884]), array([ 0.15045639, -0.15565086, -0.03746166]), array([ 0.19791335, -0.15485393, -0.02242762]), array([ 0.26235787, -0.14695139,  0.02837077]), array([ 0.34664348, -0.12891402,  0.10849541]), array([ 0.45590718, -0.10082912,  0.19975193]), array([ 0.59698146, -0.06207929,  0.29805804]), array([ 0.7700534 , -0.01651067,  0.35572687]), array([0.97619021, 0.02678699, 0.35460821]), array([1.20571854, 0.06070125, 0.27470308]), array([1.43958344, 0.08224735, 0.137259  ]), array([ 1.67633586,  0.08182545, -0.02743104]), array([ 1.92567911,  0.0510315 , -0.18946255]), array([ 2.20121603, -0.01165774, -0.29668405]), array([ 2.51388743, -0.08842522, -0.31017829]), array([ 2.8598574 , -0.14366722, -0.162377  ]), array([ 3.21850077, -0.14214775,  0.10373213]), array([ 3.56195967, -0.05997215,  0.46741986]), array([3.86210898, 0.11195655, 0.97575551]), array([4.09000775, 0.36893465, 1.76365283])]
0.4755000000000285
[ 1.469867  3.916821  0.929915  8.205044 12.519827  0.448429 27.489903]
[INFO] [1774441841.937979688] [mpc_node]: Logging State [ 0.10662326 -0.15308247 -0.04378124  0.          0.          0.        ]
REF: [[ 0.10662326  2.79735792  2.85648644  2.90489867  2.96003567  2.98513344
   3.00934323  3.03064128  3.0494553   3.08074624  3.13921528  3.15810999
   3.18012236  3.20428499  3.22774082  3.25177991  3.27668999  3.30169707
   3.32667624  3.35171421  3.37658594]
 [-0.15308247 -0.07688013 -0.07618814 -0.07291867 -0.07108097 -0.0743676
  -0.08226346 -0.09272652 -0.10077862 -0.10946763 -0.12561018 -0.13264876
  -0.1420372  -0.15238375 -0.16072497 -0.16672112 -0.16993217 -0.17026016
  -0.16935046 -0.16948271 -0.17194893]]
DEBUG STATE: [ 0.10662326 -0.15308247 -0.04378124  0.1         0.          0.
  9.51       -0.02747004]
DEBUG PARAMS NODE 0: [15.         15.          1.          1.         25.         25.
  0.          0.          0.70884798  0.          0.          0.
  0.10662326 -0.15308247  0.          0.          0.          0.
  0.          0.        ]

iter	qp_stat	qp_iter
0	0	0
1	0	29


PREDICTED STATES: [array([ 0.10662326, -0.15308247, -0.04378124]), array([ 0.12003187, -0.1537488 , -0.04460631]), array([ 0.15018336, -0.15702438, -0.05730821]), array([ 0.19798535, -0.16663659, -0.09487991]), array([ 0.26667797, -0.18490089, -0.15833683]), array([ 0.36081014, -0.21326136, -0.24152793]), array([ 0.48396897, -0.25407201, -0.33942337]), array([ 0.64121018, -0.30628997, -0.43307446]), array([ 0.83816315, -0.36672081, -0.50852734]), array([ 1.06009162, -0.43137251, -0.49448117]), array([ 1.29201347, -0.49122799, -0.38674729]), array([ 1.52460343, -0.53801157, -0.23318729]), array([ 1.76084648, -0.56109064, -0.06429517]), array([ 2.01274146, -0.55327325,  0.08953955]), array([ 2.29285542, -0.51492425,  0.20683959]), array([ 2.60549856, -0.44950718,  0.288518  ]), array([ 2.93583936, -0.35415411,  0.37619586]), array([ 3.26186522, -0.22273419,  0.47771097]), array([ 3.56737194, -0.05565423,  0.57772869]), array([3.8526665 , 0.14221364, 0.66855403]), array([4.12634989, 0.37328227, 0.74697754])]
0.4755000000000165
[ 1.264197  3.653453  0.727669  3.659053 20.583779  0.521423 30.409574]
[INFO] [1774441841.974235100] [mpc_node]: Logging State [ 0.09940941 -0.1543302  -0.04202157  0.          0.          0.        ]
[INFO] [1774441841.976315514] [mpc_node]: Logging State [ 0.09509667 -0.15330776 -0.0451621   0.          0.          0.        ]
REF: [[ 0.09509667  2.79735792  2.85648644  2.90489867  2.96003567  2.98513344
   3.00934323  3.03064128  3.0494553   3.08074624  3.13921528  3.15810999
   3.18012236  3.20428499  3.22774082  3.25177991  3.27668999  3.30169707
   3.32667624  3.35171421  3.37658594]
 [-0.15330776 -0.07688013 -0.07618814 -0.07291867 -0.07108097 -0.0743676
  -0.08226346 -0.09272652 -0.10077862 -0.10946763 -0.12561018 -0.13264876
  -0.1420372  -0.15238375 -0.16072497 -0.16672112 -0.16993217 -0.17026016
  -0.16935046 -0.16948271 -0.17194893]]
DEBUG STATE: [ 0.09509667 -0.15330776 -0.0451621   0.1         0.          0.
  9.51       -0.04529375]
DEBUG PARAMS NODE 0: [15.         15.          1.          1.         25.         25.
  0.          0.          0.70884798  0.          0.          0.
  0.09509667 -0.15330776  0.          0.          0.          0.
  0.          0.        ]

iter	qp_stat	qp_iter
0	0	0
1	0	28


PREDICTED STATES: [array([ 0.09509667, -0.15330776, -0.0451621 ]), array([ 0.10851965, -0.15388007, -0.04479096]), array([ 0.13945295, -0.15231868, -0.02580705]), array([ 0.19064399, -0.14590155,  0.0164472 ]), array([ 0.26561576, -0.13258373,  0.08568898]), array([ 0.36720852, -0.11065982,  0.17342535]), array([ 0.50107748, -0.07817325,  0.27793509]), array([ 0.67342873, -0.03663242,  0.38520325]), array([0.88439448, 0.00857655, 0.45162542]), array([1.12486332, 0.05107662, 0.43100459]), array([1.36845305, 0.0926894 , 0.31810177]), array([1.60642323, 0.12321492, 0.15790115]), array([ 1.84299712,  0.12999395, -0.00859346]), array([ 2.08943763,  0.10638206, -0.1495548 ]), array([ 2.35734637,  0.05483806, -0.23575575]), array([ 2.65266395, -0.00970367, -0.23434776]), array([ 2.97124069, -0.05787684, -0.11394036]), array([ 3.29948828, -0.06472391,  0.11252936]), array([ 3.62407484, -0.02197262,  0.37626756]), array([3.93088225, 0.07271407, 0.62578744]), array([4.20763206, 0.2178916 , 0.82881348])]
0.47549999999998804
[  8.512061  20.454687   2.877045  42.951195  41.126884   0.711349
 116.633221]
[INFO] [1774441842.109312868] [mpc_node]: Logging State [ 0.09494377 -0.15193882 -0.04375539  0.          0.          0.        ]
REF: [[ 0.09494377  2.79735792  2.85648644  2.90489867  2.96003567  2.98513344
   3.00934323  3.03064128  3.0494553   3.08074624  3.13921528  3.15810999
   3.18012236  3.20428499  3.22774082  3.25177991  3.27668999  3.30169707
   3.32667624  3.35171421  3.37658594]
 [-0.15193882 -0.07688013 -0.07618814 -0.07291867 -0.07108097 -0.0743676
  -0.08226346 -0.09272652 -0.10077862 -0.10946763 -0.12561018 -0.13264876
  -0.1420372  -0.15238375 -0.16072497 -0.16672112 -0.16993217 -0.17026016
  -0.16935046 -0.16948271 -0.17194893]]
DEBUG STATE: [ 0.09494377 -0.15193882 -0.04375539  0.1         0.          0.
  9.51        0.11470625]
DEBUG PARAMS NODE 0: [15.         15.          1.          1.         25.         25.
  0.          0.          0.70884798  0.          0.          0.
  0.09494377 -0.15193882  0.          0.          0.          0.
  0.          0.        ]

iter	qp_stat	qp_iter
0	0	0
1	0	25


PREDICTED STATES: [array([ 0.09494377, -0.15193882, -0.04375539]), array([ 0.10836266, -0.15242938, -0.04273698]), array([ 0.13935583, -0.15535113, -0.05086499]), array([ 0.19044889, -0.16523171, -0.0908703 ]), array([ 0.26504441, -0.18517098, -0.16405692]), array([ 0.36606581, -0.21668464, -0.25801244]), array([ 0.49926564, -0.26160263, -0.36737405]), array([ 0.67171777, -0.31816174, -0.47831933]), array([ 0.88545558, -0.37954099, -0.55080669]), array([ 1.12504396, -0.44249315, -0.52428474]), array([ 1.36762966, -0.50390333, -0.40525204]), array([ 1.60448239, -0.55411783, -0.24479463]), array([ 1.84081008, -0.58303718, -0.0927558 ]), array([ 2.08720182, -0.59064168,  0.00662839]), array([ 2.35344202, -0.57408121,  0.11519268]), array([ 2.64649911, -0.52001008,  0.2633837 ]), array([ 2.95292429, -0.42540471,  0.40419991]), array([ 3.25409784, -0.29445945,  0.54060927]), array([ 3.53959544, -0.13034607,  0.66707215]), array([3.80515168, 0.06436222, 0.77377196]), array([4.05089705, 0.28728234, 0.85829906])]
0.4755000000000129
[14.131268 14.763126  0.832312 18.137819  7.492414  0.387052 55.743991]
[INFO] [1774441842.186270448] [mpc_node]: Logging State [ 0.09222142 -0.15741068 -0.04199651  0.          0.          0.        ]
REF: [[ 0.09222142  2.79735792  2.85648644  2.90489867  2.96003567  2.98513344
   3.00934323  3.03064128  3.0494553   3.08074624  3.13921528  3.15810999
   3.18012236  3.20428499  3.22774082  3.25177991  3.27668999  3.30169707
   3.32667624  3.35171421  3.37658594]
 [-0.15741068 -0.07688013 -0.07618814 -0.07291867 -0.07108097 -0.0743676
  -0.08226346 -0.09272652 -0.10077862 -0.10946763 -0.12561018 -0.13264876
  -0.1420372  -0.15238375 -0.16072497 -0.16672112 -0.16993217 -0.17026016
  -0.16935046 -0.16948271 -0.17194893]]
DEBUG STATE: [ 0.09222142 -0.15741068 -0.04199651  0.1         0.          0.
  9.51       -0.04529375]
DEBUG PARAMS NODE 0: [15.         15.          1.          1.         25.         25.
  0.          0.          0.70884798  0.          0.          0.
  0.09222142 -0.15741068  0.          0.          0.          0.
  0.          0.        ]

iter	qp_stat	qp_iter
0	0	0
1	0	26


PREDICTED STATES: [array([ 0.09222142, -0.15741068, -0.04199651]), array([ 0.10564213, -0.15804797, -0.04273335]), array([ 0.13676832, -0.15699482, -0.03005011]), array([ 0.18797819, -0.15010495,  0.01634503]), array([ 0.26347627, -0.13527657,  0.09138929]), array([ 0.36644924, -0.11017256,  0.18899727]), array([ 0.50313785, -0.07387702,  0.30216843]), array([ 0.68085412, -0.02894606,  0.41681323]), array([0.90083872, 0.01725925, 0.49008746]), array([1.14762049, 0.06256958, 0.46205555]), array([1.39302878, 0.10946455, 0.34152479]), array([1.62689261, 0.14910488, 0.18783095]), array([1.85253968, 0.16965434, 0.04306486]), array([ 2.08079615,  0.15124359, -0.14545214]), array([ 2.33188777,  0.10116984, -0.27057708]), array([ 2.61331077,  0.04782601, -0.30095913]), array([ 2.92785918,  0.01105219, -0.24293981]), array([ 3.26727176e+00,  2.33045786e-03, -1.15382269e-01]), array([3.62275236, 0.02836499, 0.04790097]), array([3.98804383, 0.09179677, 0.2205919 ]), array([4.35698849, 0.19124381, 0.38400901])]
0.4754999999999922
[ 1.234341 12.214026  0.977597 14.732053 14.226919  0.770998 44.155934]
[INFO] [1774441842.237613283] [mpc_node]: Logging State [ 0.08866306 -0.15980696 -0.04186453  0.          0.          0.        ]
REF: [[ 0.08866306  2.79735792  2.85648644  2.90489867  2.96003567  2.98513344
   3.00934323  3.03064128  3.0494553   3.08074624  3.13921528  3.15810999
   3.18012236  3.20428499  3.22774082  3.25177991  3.27668999  3.30169707
   3.32667624  3.35171421  3.37658594]
 [-0.15980696 -0.07688013 -0.07618814 -0.07291867 -0.07108097 -0.0743676
  -0.08226346 -0.09272652 -0.10077862 -0.10946763 -0.12561018 -0.13264876
  -0.1420372  -0.15238375 -0.16072497 -0.16672112 -0.16993217 -0.17026016
  -0.16935046 -0.16948271 -0.17194893]]
DEBUG STATE: [ 0.08866306 -0.15980696 -0.04186453  0.1         0.          0.
  9.51        0.11470625]
DEBUG PARAMS NODE 0: [15.         15.          1.          1.         25.         25.
  0.          0.          0.70884798  0.          0.          0.
  0.08866306 -0.15980696  0.          0.          0.          0.
  0.          0.        ]

iter	qp_stat	qp_iter^C[INFO] [1774441842.270609814] [mpc_node]: Ctrl+C detected
[INFO] [1774441842.294030189] [mpc_node]: Saving data to /home/kathy/.ros/log/out_1774441799962995.npz
^CTraceback (most recent call last):
  File "/home/kathy/lla_ws/install/llampc/lib/llampc/llampc_node.py", line 799, in <module>
    main()
  File "/home/kathy/lla_ws/install/llampc/lib/llampc/llampc_node.py", line 795, in main
    node.destroy_node()  # save log here
  File "/home/kathy/lla_ws/install/llampc/lib/llampc/llampc_node.py", line 783, in destroy_node
    super().destroy_node()
  File "/opt/ros/foxy/lib/python3.8/site-packages/rclpy/node.py", line 1533, in destroy_node
    self.handle.destroy()
  File "/opt/ros/foxy/lib/python3.8/site-packages/rclpy/handle.py", line 95, in destroy
    self.__destroy()
  File "/opt/ros/foxy/lib/python3.8/site-packages/rclpy/handle.py", line 138, in __destroy
    _rclpy_capsule.rclpy_pycapsule_destroy(self.__capsule)
KeyboardInterrupt
^Ckathy@kathy-desktop:~/lla_ws$ ^C
kathy@kathy-desktop:~/lla_ws$ colcon build --packages-select llampc && ros2 run llampc llampc_node.py
Starting >>> llampc  
Finished <<< llampc [1.34s]                  

Summary: 1 package finished [2.24s]
/opt/ros/foxy/bin/ros2:6: DeprecationWarning: pkg_resources is deprecated as an API. See https://setuptools.pypa.io/en/latest/pkg_resources.html
  from pkg_resources import load_entry_point
[INFO] [1774442195.140541987] [mpc_node]: Initializing
[INFO] [1774442195.148151104] [mpc_node]: Logging MPC data to /home/kathy/.ros/log/out_1774442195147379.npz
[INFO] [1774442195.148902550] [mpc_node]: Regular MPC Initialized
[INFO] [1774442195.149755503] [mpc_node]: Dynamics bank starting
Finished tracing + transforming jit(convert_element_type) in 0.0007266998291015625 sec
Finished tracing + transforming jit(broadcast_in_dim) in 0.001146554946899414 sec
Compiling broadcast_in_dim for with global shapes and types [ShapedArray(float32[10])]. Argument mapping: (GSPMDSharding({replicated}),).
Finished XLA compilation of jit(broadcast_in_dim) in 0.02688741683959961 sec
Finished tracing + transforming jit(concatenate) in 0.0013475418090820312 sec
Compiling concatenate for with global shapes and types [ShapedArray(float32[10,1]), ShapedArray(float32[10,1]), ShapedArray(float32[10,1]), ShapedArray(float32[10,1]), ShapedArray(float32[10,1]), ShapedArray(float32[10,1]), ShapedArray(float32[10,1]), ShapedArray(float32[10,1]), ShapedArray(float32[10,1]), ShapedArray(float32[10,1])]. Argument mapping: (GSPMDSharding({replicated}), GSPMDSharding({replicated}), GSPMDSharding({replicated}), GSPMDSharding({replicated}), GSPMDSharding({replicated}), GSPMDSharding({replicated}), GSPMDSharding({replicated}), GSPMDSharding({replicated}), GSPMDSharding({replicated}), GSPMDSharding({replicated})).
Finished XLA compilation of jit(concatenate) in 0.10570240020751953 sec
[INFO] [1774442195.346140925] [mpc_node]: History starting
Finished tracing + transforming jit(convert_element_type) in 0.0007505416870117188 sec
Finished tracing + transforming jit(broadcast_in_dim) in 0.0005450248718261719 sec
Compiling broadcast_in_dim for with global shapes and types [ShapedArray(float32[])]. Argument mapping: (GSPMDSharding({replicated}),).
Finished XLA compilation of jit(broadcast_in_dim) in 0.07445859909057617 sec
Finished tracing + transforming jit(broadcast_in_dim) in 0.0006842613220214844 sec
Compiling broadcast_in_dim for with global shapes and types [ShapedArray(float32[])]. Argument mapping: (GSPMDSharding({replicated}),).
Finished XLA compilation of jit(broadcast_in_dim) in 0.05139732360839844 sec
Finished tracing + transforming jit(broadcast_in_dim) in 0.0008373260498046875 sec
Compiling broadcast_in_dim for with global shapes and types [ShapedArray(float32[])]. Argument mapping: (GSPMDSharding({replicated}),).
Finished XLA compilation of jit(broadcast_in_dim) in 0.08977794647216797 sec
[INFO] [1774442195.648798494] [mpc_node]: History generation complete
[INFO] [1774442195.659118378] [mpc_node]: Devices seen: 6
[INFO] [1774442195.663986263] [mpc_node]: Warm starting bank
Finished tracing + transforming fn for pjit in 0.0010635852813720703 sec
Finished tracing + transforming <lambda> for pjit in 0.0013988018035888672 sec
Finished tracing + transforming absolute for pjit in 0.0008218288421630859 sec
Finished tracing + transforming fn for pjit in 0.0009481906890869141 sec
Finished tracing + transforming _broadcast_arrays for pjit in 0.0005338191986083984 sec
Finished tracing + transforming _where for pjit in 0.0031096935272216797 sec
Finished tracing + transforming fn for pjit in 0.016465187072753906 sec
Finished tracing + transforming <lambda> for pjit in 0.0008723735809326172 sec
Finished tracing + transforming fn for pjit in 0.0010068416595458984 sec
Finished tracing + transforming _where for pjit in 0.0077974796295166016 sec
Finished tracing + transforming <lambda> for pjit in 0.00067901611328125 sec
Finished tracing + transforming <lambda> for pjit in 0.0005805492401123047 sec
Finished tracing + transforming <lambda> for pjit in 0.0007812976837158203 sec
Finished tracing + transforming true_divide for pjit in 0.0009014606475830078 sec
Finished tracing + transforming fn for pjit in 0.0008280277252197266 sec
Finished tracing + transforming diffequation for pjit in 0.20558571815490723 sec
Finished tracing + transforming fn for pjit in 0.0009660720825195312 sec
Finished tracing + transforming true_divide for pjit in 0.0009596347808837891 sec
Finished tracing + transforming fn for pjit in 0.0013761520385742188 sec
Finished tracing + transforming fn for pjit in 0.0009949207305908203 sec
Finished tracing + transforming odeintRK4_batch for pjit in 0.3438279628753662 sec
Compiling odeintRK4_batch for with global shapes and types [ShapedArray(float32[10,10]), ShapedArray(float32[6]), ShapedArray(float32[6]), ShapedArray(float32[2])]. Argument mapping: (GSPMDSharding({replicated}), GSPMDSharding({replicated}), GSPMDSharding({replicated}), GSPMDSharding({replicated})).
Finished XLA compilation of jit(odeintRK4_batch) in 0.37499523162841797 sec
Finished tracing + transforming <lambda> for pjit in 0.0008733272552490234 sec
Finished tracing + transforming square for pjit in 0.000591278076171875 sec
Finished tracing + transforming fn for pjit in 0.0007472038269042969 sec
Finished tracing + transforming _reduce_sum for pjit in 0.002711772918701172 sec
Finished tracing + transforming fn for pjit in 0.0014083385467529297 sec
Finished tracing + transforming fn for pjit in 0.0008835792541503906 sec
Finished tracing + transforming <lambda> for pjit in 0.0007102489471435547 sec
Finished tracing + transforming _squeeze for pjit in 0.0004146099090576172 sec
Finished tracing + transforming ravel for pjit in 0.0004987716674804688 sec
Finished tracing + transforming _argmin for pjit in 0.0024514198303222656 sec
Finished tracing + transforming _step_bank for pjit in 0.07984042167663574 sec
Compiling _step_bank for with global shapes and types [ShapedArray(float32[10,6]), ShapedArray(float32[10,25]), ShapedArray(float32[10]), ShapedArray(int32[], weak_type=True), ShapedArray(float32[6]), ShapedArray(float32[6])]. Argument mapping: (GSPMDSharding({replicated}), GSPMDSharding({replicated}), GSPMDSharding({replicated}), GSPMDSharding({replicated}), GSPMDSharding({replicated}), GSPMDSharding({replicated})).
Finished XLA compilation of jit(_step_bank) in 0.06235241889953613 sec
[INFO] [1774442196.841196205] [mpc_node]: Bank initialized
Generating solver in: /home/kathy/lla_ws/install/llampc/lib/python3.8/site-packages/llampc/solvers/default
NONLINEAR MODEL USED
field AcadosOcpDims.N has been migrated to AcadosOcpOptions.N_horizon. setting AcadosOcpOptions.N_horizon = N. For future comppatibility, please use AcadosOcpOptions.N_horizon directly.
NOTE: The selected QP solver FULL_CONDENSING_QPOASES does not support one-sided constraints yet.
rm -f libacados_ocp_solver_f1tenth.so
rm -f f1tenth_cost/f1tenth_cost_y_0_fun.o f1tenth_cost/f1tenth_cost_y_0_fun_jac_ut_xt.o f1tenth_cost/f1tenth_cost_y_0_hess.o f1tenth_cost/f1tenth_cost_y_fun.o f1tenth_cost/f1tenth_cost_y_fun_jac_ut_xt.o f1tenth_cost/f1tenth_cost_y_hess.o f1tenth_cost/f1tenth_cost_y_e_fun.o f1tenth_cost/f1tenth_cost_y_e_fun_jac_ut_xt.o f1tenth_cost/f1tenth_cost_y_e_hess.o acados_solver_f1tenth.o
cc -fPIC -std=c99   -O2 -DACADOS_WITH_QPOASES -I/home/kathy/acados/include -I/home/kathy/acados/include/acados -I/home/kathy/acados/include/blasfeo/include -I/home/kathy/acados/include/hpipm/include -I /home/kathy/acados/include/qpOASES_e/  -c -o f1tenth_cost/f1tenth_cost_y_0_fun.o f1tenth_cost/f1tenth_cost_y_0_fun.c
cc -fPIC -std=c99   -O2 -DACADOS_WITH_QPOASES -I/home/kathy/acados/include -I/home/kathy/acados/include/acados -I/home/kathy/acados/include/blasfeo/include -I/home/kathy/acados/include/hpipm/include -I /home/kathy/acados/include/qpOASES_e/  -c -o f1tenth_cost/f1tenth_cost_y_0_fun_jac_ut_xt.o f1tenth_cost/f1tenth_cost_y_0_fun_jac_ut_xt.c
cc -fPIC -std=c99   -O2 -DACADOS_WITH_QPOASES -I/home/kathy/acados/include -I/home/kathy/acados/include/acados -I/home/kathy/acados/include/blasfeo/include -I/home/kathy/acados/include/hpipm/include -I /home/kathy/acados/include/qpOASES_e/  -c -o f1tenth_cost/f1tenth_cost_y_0_hess.o f1tenth_cost/f1tenth_cost_y_0_hess.c
cc -fPIC -std=c99   -O2 -DACADOS_WITH_QPOASES -I/home/kathy/acados/include -I/home/kathy/acados/include/acados -I/home/kathy/acados/include/blasfeo/include -I/home/kathy/acados/include/hpipm/include -I /home/kathy/acados/include/qpOASES_e/  -c -o f1tenth_cost/f1tenth_cost_y_fun.o f1tenth_cost/f1tenth_cost_y_fun.c
cc -fPIC -std=c99   -O2 -DACADOS_WITH_QPOASES -I/home/kathy/acados/include -I/home/kathy/acados/include/acados -I/home/kathy/acados/include/blasfeo/include -I/home/kathy/acados/include/hpipm/include -I /home/kathy/acados/include/qpOASES_e/  -c -o f1tenth_cost/f1tenth_cost_y_fun_jac_ut_xt.o f1tenth_cost/f1tenth_cost_y_fun_jac_ut_xt.c
cc -fPIC -std=c99   -O2 -DACADOS_WITH_QPOASES -I/home/kathy/acados/include -I/home/kathy/acados/include/acados -I/home/kathy/acados/include/blasfeo/include -I/home/kathy/acados/include/hpipm/include -I /home/kathy/acados/include/qpOASES_e/  -c -o f1tenth_cost/f1tenth_cost_y_hess.o f1tenth_cost/f1tenth_cost_y_hess.c
cc -fPIC -std=c99   -O2 -DACADOS_WITH_QPOASES -I/home/kathy/acados/include -I/home/kathy/acados/include/acados -I/home/kathy/acados/include/blasfeo/include -I/home/kathy/acados/include/hpipm/include -I /home/kathy/acados/include/qpOASES_e/  -c -o f1tenth_cost/f1tenth_cost_y_e_fun.o f1tenth_cost/f1tenth_cost_y_e_fun.c
cc -fPIC -std=c99   -O2 -DACADOS_WITH_QPOASES -I/home/kathy/acados/include -I/home/kathy/acados/include/acados -I/home/kathy/acados/include/blasfeo/include -I/home/kathy/acados/include/hpipm/include -I /home/kathy/acados/include/qpOASES_e/  -c -o f1tenth_cost/f1tenth_cost_y_e_fun_jac_ut_xt.o f1tenth_cost/f1tenth_cost_y_e_fun_jac_ut_xt.c
cc -fPIC -std=c99   -O2 -DACADOS_WITH_QPOASES -I/home/kathy/acados/include -I/home/kathy/acados/include/acados -I/home/kathy/acados/include/blasfeo/include -I/home/kathy/acados/include/hpipm/include -I /home/kathy/acados/include/qpOASES_e/  -c -o f1tenth_cost/f1tenth_cost_y_e_hess.o f1tenth_cost/f1tenth_cost_y_e_hess.c
cc -fPIC -std=c99   -O2 -DACADOS_WITH_QPOASES -I/home/kathy/acados/include -I/home/kathy/acados/include/acados -I/home/kathy/acados/include/blasfeo/include -I/home/kathy/acados/include/hpipm/include -I /home/kathy/acados/include/qpOASES_e/  -c -o acados_solver_f1tenth.o acados_solver_f1tenth.c
cc -fPIC -std=c99   -O2 -DACADOS_WITH_QPOASES -I/home/kathy/acados/include -I/home/kathy/acados/include/acados -I/home/kathy/acados/include/blasfeo/include -I/home/kathy/acados/include/hpipm/include -I /home/kathy/acados/include/qpOASES_e/  -c -o f1tenth_model/f1tenth_expl_ode_fun.o f1tenth_model/f1tenth_expl_ode_fun.c
cc -fPIC -std=c99   -O2 -DACADOS_WITH_QPOASES -I/home/kathy/acados/include -I/home/kathy/acados/include/acados -I/home/kathy/acados/include/blasfeo/include -I/home/kathy/acados/include/hpipm/include -I /home/kathy/acados/include/qpOASES_e/  -c -o f1tenth_model/f1tenth_expl_vde_forw.o f1tenth_model/f1tenth_expl_vde_forw.c
cc -fPIC -std=c99   -O2 -DACADOS_WITH_QPOASES -I/home/kathy/acados/include -I/home/kathy/acados/include/acados -I/home/kathy/acados/include/blasfeo/include -I/home/kathy/acados/include/hpipm/include -I /home/kathy/acados/include/qpOASES_e/  -c -o f1tenth_model/f1tenth_expl_vde_adj.o f1tenth_model/f1tenth_expl_vde_adj.c
cc -shared f1tenth_cost/f1tenth_cost_y_0_fun.o f1tenth_cost/f1tenth_cost_y_0_fun_jac_ut_xt.o f1tenth_cost/f1tenth_cost_y_0_hess.o f1tenth_cost/f1tenth_cost_y_fun.o f1tenth_cost/f1tenth_cost_y_fun_jac_ut_xt.o f1tenth_cost/f1tenth_cost_y_hess.o f1tenth_cost/f1tenth_cost_y_e_fun.o f1tenth_cost/f1tenth_cost_y_e_fun_jac_ut_xt.o f1tenth_cost/f1tenth_cost_y_e_hess.o acados_solver_f1tenth.o f1tenth_model/f1tenth_expl_ode_fun.o f1tenth_model/f1tenth_expl_vde_forw.o f1tenth_model/f1tenth_expl_vde_adj.o -o libacados_ocp_solver_f1tenth.so -L/home/kathy/acados/lib -lacados -lhpipm -lblasfeo -lm -lqpOASES_e \
-L -l
acados was compiled without OpenMP.
Solver generated successfully: /home/kathy/lla_ws/install/llampc/lib/python3.8/site-packages/llampc/solvers/default/f1tenth_acados_ocp.json
[INFO] [1774442204.873758378] [mpc_node]: SOLVER COMPILED, WARM STARTING
[INFO] [1774442204.881239076] [mpc_node]: LLA BANK COMPILED
[INFO] [1774442215.219816381] [mpc_node]: F1tenth MPC Initialized
[INFO] [1774442215.256612107] [mpc_node]: Logging State [ 0.07561391 -0.15550557 -0.04146583  0.          0.          0.        ]
REF: [[ 7.56139104e-02  1.14313498e-01  1.38752296e-01  1.67398946e-01
   1.97795615e-01  2.20329901e-01  2.37844797e-01  2.67303508e-01
   3.48162864e-01  4.16074986e-01  4.82419162e-01  5.15219118e-01
   5.70815725e-01  6.54169316e-01  6.99630515e-01  7.39332768e-01
   7.80917186e-01  8.13475945e-01  8.67332959e-01  8.91414628e-01
   9.13256354e-01]
 [-1.55505571e-01 -2.43485730e-02 -1.67179836e-02 -8.04178653e-03
  -1.92052945e-03 -3.75582818e-04 -6.92570289e-04 -3.23295048e-03
  -1.12001213e-02 -1.93198447e-02 -2.57475120e-02 -2.67633915e-02
  -2.70340310e-02 -2.91782302e-02 -3.26822324e-02 -3.75418101e-02
  -4.38399973e-02 -4.74039908e-02 -5.17298113e-02 -5.56496480e-02
  -6.13258774e-02]]
DEBUG STATE: [ 0.07561391 -0.15550557 -0.04146583  0.1         0.          0.
  0.          0.        ]
DEBUG PARAMS NODE 0: [15.         15.          1.          1.         25.         25.
  0.          0.          1.          0.          0.          0.
  0.07561391 -0.15550557  0.          0.          0.          0.
  0.          0.        ]

iter	qp_stat	qp_iter
0	0	0
1	0	0


PREDICTED STATES: [array([ 0.07561391, -0.15550557, -0.04146583]), array([ 0.08075005, -0.15571845, -0.04146121]), array([ 0.08670837, -0.15596411, -0.04142993]), array([ 0.09421071, -0.15627132, -0.04135039]), array([ 0.10386728, -0.15666431, -0.04120626]), array([ 0.11618748, -0.15716328, -0.04098563]), array([ 0.13159047, -0.15778483, -0.04068028]), array([ 0.15041551, -0.15854229, -0.04028501]), array([ 0.17293192, -0.15944624, -0.03979704]), array([ 0.19934872, -0.16050479, -0.03921548]), array([ 0.22982388, -0.16172402, -0.03854092]), array([ 0.26447307, -0.16310832, -0.037775  ]), array([ 0.30337766, -0.16466068, -0.03692011]), array([ 0.34659205, -0.16638302, -0.03597905]), array([ 0.39415024, -0.16827644, -0.03495488]), array([ 0.44607145, -0.17034144, -0.03385063]), array([ 0.5023649 , -0.17257811, -0.03266921]), array([ 0.5630337 , -0.1749863 , -0.03141327]), array([ 0.62807779, -0.17756572, -0.03008511]), array([ 0.69749602, -0.18031603, -0.02868661]), array([ 0.7712875 , -0.18323688, -0.02721922])]
0.016865709395232045
[ 1.542764  9.341296  1.289893  9.657209 34.597358  0.41374  56.84226 ]
REF: [[ 7.56139104e-02  1.14313498e-01  1.38752296e-01  1.67398946e-01
   1.97795615e-01  2.20329901e-01  2.37844797e-01  2.67303508e-01
   3.48162864e-01  4.16074986e-01  4.82419162e-01  5.15219118e-01
   5.70815725e-01  6.54169316e-01  6.99630515e-01  7.39332768e-01
   7.80917186e-01  8.13475945e-01  8.67332959e-01  8.91414628e-01
   9.13256354e-01]
 [-1.55505571e-01 -2.43485730e-02 -1.67179836e-02 -8.04178653e-03
  -1.92052945e-03 -3.75582818e-04 -6.92570289e-04 -3.23295048e-03
  -1.12001213e-02 -1.93198447e-02 -2.57475120e-02 -2.67633915e-02
  -2.70340310e-02 -2.91782302e-02 -3.26822324e-02 -3.75418101e-02
  -4.38399973e-02 -4.74039908e-02 -5.17298113e-02 -5.56496480e-02
  -6.13258774e-02]]
DEBUG STATE: [ 0.07561391 -0.15550557 -0.04146583  0.1         0.          0.
  0.33731419  0.01533801]
DEBUG PARAMS NODE 0: [15.         15.          1.          1.         25.         25.
  0.          0.          0.72730261  0.          0.          0.
  0.07561391 -0.15550557  0.          0.          0.          0.
  0.          0.        ]

iter	qp_stat	qp_iter
0	0	0
1	0	0


PREDICTED STATES: [array([ 0.07561391, -0.15550557, -0.04146583]), array([ 0.08100577, -0.15572808, -0.0414408 ]), array([ 0.08753611, -0.15599244, -0.04131277]), array([ 0.09566761, -0.15630955, -0.04096013]), array([ 0.10579234, -0.15667312, -0.04011718]), array([ 0.11823729, -0.15702781, -0.03812369]), array([ 0.13326674, -0.15715803, -0.03332047]), array([ 0.15107884, -0.15644221, -0.02302842]), array([ 0.171817  , -0.15442403, -0.0083028 ]), array([ 0.19560693, -0.15157463,  0.00747936]), array([ 0.22253745, -0.14771068,  0.02794808]), array([ 0.2526827 , -0.14255757,  0.05202037]), array([ 0.28609574, -0.13590002,  0.07800227]), array([ 0.32280999, -0.12756087,  0.10488619]), array([ 0.36284338, -0.11736932,  0.13199607]), array([ 0.40620049, -0.10514308,  0.15905608]), array([ 0.45287883, -0.09065496,  0.18655683]), array([ 0.50287652, -0.07362721,  0.21476758]), array([ 0.55618667, -0.05371986,  0.24397819]), array([ 0.61279589, -0.03053961,  0.27460219]), array([ 0.67268515, -0.00366085,  0.30698015])]
0.031684709607616435
[ 1.25098   3.72878   2.816786 14.459908 22.115075  0.738262 45.109791]
[INFO] [1774442215.366783213] [mpc_node]: Logging State [ 0.07686891 -0.15796631 -0.04163978  0.          0.          0.        ]
REF: [[ 7.68689120e-02  1.14313498e-01  1.38752296e-01  1.67398946e-01
   1.97795615e-01  2.20329901e-01  2.37844797e-01  2.67303508e-01
   3.48162864e-01  4.16074986e-01  4.82419162e-01  5.15219118e-01
   5.70815725e-01  6.54169316e-01  6.99630515e-01  7.39332768e-01
   7.80917186e-01  8.13475945e-01  8.67332959e-01  8.91414628e-01
   9.13256354e-01]
 [-1.57966307e-01 -2.43485730e-02 -1.67179836e-02 -8.04178653e-03
  -1.92052945e-03 -3.75582818e-04 -6.92570289e-04 -3.23295048e-03
  -1.12001213e-02 -1.93198447e-02 -2.57475120e-02 -2.67633915e-02
  -2.70340310e-02 -2.91782302e-02 -3.26822324e-02 -3.75418101e-02
  -4.38399973e-02 -4.74039908e-02 -5.17298113e-02 -5.56496480e-02
  -6.13258774e-02]]
DEBUG STATE: [ 0.07686891 -0.15796631 -0.04163978  0.1         0.          0.
  0.63369419  0.04801169]
DEBUG PARAMS NODE 0: [15.         15.          1.          1.         25.         25.
  0.          0.          1.24641353  0.          0.          0.
  0.07686891 -0.15796631  0.          0.          0.          0.
  0.          0.        ]

iter	qp_stat	qp_iter
0	0	0
1	0	0


PREDICTED STATES: [array([ 0.07686891, -0.15796631, -0.04163978]), array([ 0.08295741, -0.15821752, -0.04158856]), array([ 0.09163966, -0.15856606, -0.04136063]), array([ 0.10345063, -0.15901241, -0.04070728]), array([ 0.11882837, -0.15950061, -0.03892583]), array([ 0.1381159 , -0.15978587, -0.03407011]), array([ 0.16154056, -0.15897567, -0.0213978 ]), array([ 0.18921625, -0.15520969,  0.00268065]), array([ 0.22171665, -0.15185788,  0.01500566]), array([ 0.25901968, -0.14932118,  0.02544547]), array([ 0.30083974, -0.14505759,  0.04839655]), array([ 0.34736549, -0.13942779,  0.0706116 ]), array([ 0.39861717, -0.13224283,  0.09092097]), array([ 0.45459626, -0.12343233,  0.10985405]), array([ 0.51528624, -0.11290187,  0.12770077]), array([ 0.58065638, -0.10052998,  0.14491726]), array([ 0.65064642, -0.0861946 ,  0.16376291]), array([ 0.72517976, -0.06954303,  0.18206056]), array([ 0.80416436, -0.05029185,  0.20038319]), array([ 0.8874904 , -0.02811908,  0.21937855]), array([ 0.9750328 , -0.00268165,  0.23931935])]
0.041936651911662653
[ 1.666288  7.62403   4.780107  3.251166 16.192311  0.546864 34.060766]
[INFO] [1774442215.410110488] [mpc_node]: Logging State [ 0.07497306 -0.15646218 -0.04249497  0.          0.          0.        ]
REF: [[ 7.49730636e-02  1.14313498e-01  1.38752296e-01  1.67398946e-01
   1.97795615e-01  2.20329901e-01  2.37844797e-01  2.67303508e-01
   3.48162864e-01  4.16074986e-01  4.82419162e-01  5.15219118e-01
   5.70815725e-01  6.54169316e-01  6.99630515e-01  7.39332768e-01
   7.80917186e-01  8.13475945e-01  8.67332959e-01  8.91414628e-01
   9.13256354e-01]
 [-1.56462184e-01 -2.43485730e-02 -1.67179836e-02 -8.04178653e-03
  -1.92052945e-03 -3.75582818e-04 -6.92570289e-04 -3.23295048e-03
  -1.12001213e-02 -1.93198447e-02 -2.57475120e-02 -2.67633915e-02
  -2.70340310e-02 -2.91782302e-02 -3.26822324e-02 -3.75418101e-02
  -4.38399973e-02 -4.74039908e-02 -5.17298113e-02 -5.56496480e-02
  -6.13258774e-02]]
DEBUG STATE: [ 0.07497306 -0.15646218 -0.04249497  0.1         0.          0.
  0.83873304  0.05610917]
DEBUG PARAMS NODE 0: [15.         15.          1.          1.         25.         25.
  0.          0.          0.72730261  0.          0.          0.
  0.07497306 -0.15646218  0.          0.          0.          0.
  0.          0.        ]

iter	qp_stat	qp_iter
0	0	0
1	0	0


PREDICTED STATES: [array([ 0.07497306, -0.15646218, -0.04249497]), array([ 0.08079896, -0.15670723, -0.04243459]), array([ 0.08854987, -0.15702217, -0.04214539]), array([ 0.09857645, -0.15739404, -0.04128085]), array([ 0.11116696, -0.15772177, -0.03870456]), array([ 0.12652906, -0.15735006, -0.02940905]), array([ 0.14485444, -0.15494933, -0.01122521]), array([ 0.1665215 , -0.15165088,  0.00942584]), array([ 0.19123731, -0.15049245,  0.18646497]), array([ 0.21938953, -0.14112979,  0.2048928 ]), array([ 0.25095483, -0.1299313 ,  0.21782293]), array([ 0.28593213, -0.11824654,  0.22829544]), array([ 0.32440154, -0.10642347,  0.23421664]), array([ 0.3664537 , -0.09479595,  0.23317523]), array([ 0.41215984, -0.08374444,  0.22544269]), array([ 0.46158614, -0.07365316,  0.2117033 ]), array([ 0.51480596, -0.06490359,  0.19277943]), array([ 0.57198142, -0.05783292,  0.17007758]), array([ 0.63326212, -0.05276011,  0.1444839 ]), array([ 0.69882867, -0.05000044,  0.11683346]), array([ 0.76892263, -0.04991778,  0.08753519])]
0.05327255992124857
[ 9.243245 12.511788  0.846456  7.990888  6.615873  0.382411 37.590661]
[INFO] [1774442215.452848658] [mpc_node]: Logging State [ 0.07804181 -0.15912093 -0.03925433  0.          0.          0.        ]
REF: [[ 7.80418137e-02  1.14313498e-01  1.38752296e-01  1.67398946e-01
   1.97795615e-01  2.20329901e-01  2.37844797e-01  2.67303508e-01
   3.48162864e-01  4.16074986e-01  4.82419162e-01  5.15219118e-01
   5.70815725e-01  6.54169316e-01  6.99630515e-01  7.39332768e-01
   7.80917186e-01  8.13475945e-01  8.67332959e-01  8.91414628e-01
   9.13256354e-01]
 [-1.59120926e-01 -2.43485730e-02 -1.67179836e-02 -8.04178653e-03
  -1.92052945e-03 -3.75582818e-04 -6.92570289e-04 -3.23295048e-03
  -1.12001213e-02 -1.93198447e-02 -2.57475120e-02 -2.67633915e-02
  -2.70340310e-02 -2.91782302e-02 -3.26822324e-02 -3.75418101e-02
  -4.38399973e-02 -4.74039908e-02 -5.17298113e-02 -5.56496480e-02
  -6.13258774e-02]]
DEBUG STATE: [ 0.07804181 -0.15912093 -0.03925433  0.1         0.          0.
  1.0654512   0.09045455]
DEBUG PARAMS NODE 0: [15.         15.          1.          1.         25.         25.
  0.          0.          1.24641353  0.          0.          0.
  0.07804181 -0.15912093  0.          0.          0.          0.
  0.          0.        ]

iter	qp_stat	qp_iter
0	0	0
1	0	0


PREDICTED STATES: [array([ 0.07804181, -0.15912093, -0.03925433]), array([ 0.08475605, -0.15938059, -0.03916345]), array([ 0.09513264, -0.15976734, -0.03870195]), array([ 0.10945873, -0.16022404, -0.0371864 ]), array([ 0.12794495, -0.16049179, -0.03256524]), array([ 0.15067717, -0.15953959, -0.01959158]), array([ 0.17769321, -0.15591338,  0.00077069]), array([ 0.20958458, -0.15324605,  0.01297669]), array([ 0.24600091, -0.14973266,  0.02455362]), array([ 0.28471523, -0.13552266, -0.01264497]), array([ 0.33170959, -0.12915578,  0.00858352]), array([ 0.38322048, -0.12178574,  0.02921509]), array([ 0.43924937, -0.11332704,  0.04924525]), array([ 0.49977493, -0.10383945,  0.06856864]), array([ 0.56477907, -0.09336774,  0.08404817]), array([ 0.63430628, -0.08201937,  0.09880132]), array([ 0.70836838, -0.06983583,  0.11252461]), array([ 0.78699211, -0.05682658,  0.12548049]), array([ 0.87021624, -0.0429473 ,  0.13824551]), array([ 0.95810018, -0.02812137,  0.15131622]), array([ 1.05073467, -0.01226496,  0.16501295])]
0.05901247800246756
[ 1.305318  3.304128  0.750518 10.730487 12.951449  0.646067 29.687967]
[INFO] [1774442215.491548119] [mpc_node]: Logging State [ 0.08006569 -0.15649464 -0.04099858  0.          0.          0.        ]
[INFO] [1774442215.494010910] [mpc_node]: Logging State [ 0.08531335 -0.15287848 -0.04358392  0.          0.          0.        ]
REF: [[ 8.53133493e-02  1.14313498e-01  1.38752296e-01  1.67398946e-01
   1.97795615e-01  2.20329901e-01  2.37844797e-01  2.67303508e-01
   3.48162864e-01  4.16074986e-01  4.82419162e-01  5.15219118e-01
   5.70815725e-01  6.54169316e-01  6.99630515e-01  7.39332768e-01
   7.80917186e-01  8.13475945e-01  8.67332959e-01  8.91414628e-01
   9.13256354e-01]
 [-1.52878478e-01 -2.43485730e-02 -1.67179836e-02 -8.04178653e-03
  -1.92052945e-03 -3.75582818e-04 -6.92570289e-04 -3.23295048e-03
  -1.12001213e-02 -1.93198447e-02 -2.57475120e-02 -2.67633915e-02
  -2.70340310e-02 -2.91782302e-02 -3.26822324e-02 -3.75418101e-02
  -4.38399973e-02 -4.74039908e-02 -5.17298113e-02 -5.56496480e-02
  -6.13258774e-02]]
DEBUG STATE: [ 0.08531335 -0.15287848 -0.04358392  0.1         0.          0.
  1.18024956  0.09909097]
DEBUG PARAMS NODE 0: [15.         15.          1.          1.         25.         25.
  0.          0.          1.24641353  0.          0.          0.
  0.08531335 -0.15287848  0.          0.          0.          0.
  0.          0.        ]

iter	qp_stat	qp_iter
0	0	0
1	0	0


PREDICTED STATES: [array([ 0.08531335, -0.15287848, -0.04358392]), array([ 0.09218977, -0.15317386, -0.04347889]), array([ 0.10299533, -0.15360569, -0.04285372]), array([ 0.11793046, -0.15402993, -0.04028944]), array([ 0.13709166, -0.15362464, -0.03091353]), array([ 0.16051857, -0.15127163, -0.01311535]), array([ 0.18848602, -0.14783961,  0.00677989]), array([ 0.22101041, -0.14321637,  0.02291294]), array([ 0.25797599, -0.13742144,  0.04826027]), array([ 0.29944509, -0.13037696,  0.07440714]), array([ 0.34561451, -0.12202528,  0.09969281]), array([ 0.39625813, -0.11253155,  0.12223312]), array([ 0.45140129, -0.10204868,  0.14073434]), array([ 0.51108819, -0.0907054 ,  0.15483839]), array([ 0.57537388, -0.07861144,  0.16465404]), array([ 0.64429137, -0.0658772 ,  0.17053333]), array([ 0.71787717, -0.05252784,  0.1734707 ]), array([ 0.79615725, -0.03855389,  0.17443746]), array([ 0.87914484, -0.02391399,  0.17433255]), array([ 0.96684886, -0.00854872,  0.17384443]), array([1.05928515, 0.0075908 , 0.17332666])]
0.06328639767837073
[ 1.467435  8.303025  0.832504  2.527594  7.808866  0.381388 21.320812]
[INFO] [1774442215.538213091] [mpc_node]: Logging State [ 0.08735864 -0.15376366 -0.04245205  0.          0.          0.        ]
[INFO] [1774442215.541071286] [mpc_node]: Logging State [ 0.08526272 -0.15170138 -0.04609995  0.          0.          0.        ]
REF: [[ 8.52627170e-02  1.14313498e-01  1.38752296e-01  1.67398946e-01
   1.97795615e-01  2.20329901e-01  2.37844797e-01  2.67303508e-01
   3.48162864e-01  4.16074986e-01  4.82419162e-01  5.15219118e-01
   5.70815725e-01  6.54169316e-01  6.99630515e-01  7.39332768e-01
   7.80917186e-01  8.13475945e-01  8.67332959e-01  8.91414628e-01
   9.13256354e-01]
 [-1.51701382e-01 -2.43485730e-02 -1.67179836e-02 -8.04178653e-03
  -1.92052945e-03 -3.75582818e-04 -6.92570289e-04 -3.23295048e-03
  -1.12001213e-02 -1.93198447e-02 -2.57475120e-02 -2.67633915e-02
  -2.70340310e-02 -2.91782302e-02 -3.26822324e-02 -3.75418101e-02
  -4.38399973e-02 -4.74039908e-02 -5.17298113e-02 -5.56496480e-02
  -6.13258774e-02]]
DEBUG STATE: [ 0.08526272 -0.15170138 -0.04609995  0.1         0.          0.
  1.26572795  0.13080174]
DEBUG PARAMS NODE 0: [15.         15.          1.          1.         25.         25.
  0.          0.          1.24641353  0.          0.          0.
  0.08526272 -0.15170138  0.          0.          0.          0.
  0.          0.        ]

iter	qp_stat	qp_iter
0	0	0
1	0	0


PREDICTED STATES: [array([ 0.08526272, -0.15170138, -0.04609995]), array([ 0.09226448, -0.15201946, -0.04597746]), array([ 0.10342007, -0.15249066, -0.04526992]), array([ 0.11888977, -0.15293821, -0.04239082]), array([ 0.1387214 , -0.15240999, -0.03226768]), array([ 0.16299185, -0.15030867, -0.01623064]), array([ 0.19178399, -0.14726291,  0.00401297]), array([ 0.22510267, -0.14301152,  0.02482027]), array([ 0.26295242, -0.1375979 ,  0.04768473]), array([ 0.3053404 , -0.13097155,  0.071492  ]), array([ 0.35227069, -0.12312926,  0.09472099]), array([ 0.40374757, -0.11411467,  0.11585839]), array([ 0.45977662, -0.10401784,  0.13387561]), array([ 0.52036233, -0.09294885,  0.148304  ]), array([ 0.5855078 , -0.08101509,  0.1590441 ]), array([ 0.65521325, -0.06830309,  0.16639136]), array([ 0.72947466, -0.05486168,  0.17096513]), array([ 0.80828305, -0.04069266,  0.17358424]), array([ 0.89162526, -0.02575469,  0.17509776]), array([ 0.97948657, -0.00998231,  0.17619876]), array([1.07185573, 0.00668125, 0.17726333])]
0.06690549974926341
[ 1.293478 14.641609  1.106496  3.487654 24.200383  0.524623 45.254243]
REF: [[ 8.52627170e-02  1.14313498e-01  1.38752296e-01  1.67398946e-01
   1.97795615e-01  2.20329901e-01  2.37844797e-01  2.67303508e-01
   3.48162864e-01  4.16074986e-01  4.82419162e-01  5.15219118e-01
   5.70815725e-01  6.54169316e-01  6.99630515e-01  7.39332768e-01
   7.80917186e-01  8.13475945e-01  8.67332959e-01  8.91414628e-01
   9.13256354e-01]
 [-1.51701382e-01 -2.43485730e-02 -1.67179836e-02 -8.04178653e-03
  -1.92052945e-03 -3.75582818e-04 -6.92570289e-04 -3.23295048e-03
  -1.12001213e-02 -1.93198447e-02 -2.57475120e-02 -2.67633915e-02
  -2.70340310e-02 -2.91782302e-02 -3.26822324e-02 -3.75418101e-02
  -4.38399973e-02 -4.74039908e-02 -5.17298113e-02 -5.56496480e-02
  -6.13258774e-02]]
DEBUG STATE: [ 0.08526272 -0.15170138 -0.04609995  0.1         0.          0.
  1.33810999  0.1459335 ]
DEBUG PARAMS NODE 0: [15.         15.          1.          1.         25.         25.
  0.          0.          1.24641353  0.          0.          0.
  0.08526272 -0.15170138  0.          0.          0.          0.
  0.          0.        ]

iter	qp_stat	qp_iter
0	0	0
1	0	0


PREDICTED STATES: [array([ 0.08526272, -0.15170138, -0.04609995]), array([ 0.0923691 , -0.15202399, -0.04596595]), array([ 0.10380716, -0.15250396, -0.04517343]), array([ 0.11969062, -0.15292285, -0.04186091]), array([ 0.14000839, -0.15216746, -0.03043659]), array([ 0.16479899, -0.14974105, -0.01270135]), array([ 0.19415208, -0.14625131,  0.00726316]), array([ 0.22801758, -0.14160155,  0.03256115]), array([ 0.26642955, -0.13562417,  0.05686233]), array([ 0.30937841, -0.12842124,  0.08151884]), array([ 0.35686786, -0.12002302,  0.10493408]), array([ 0.40890382, -0.11050902,  0.12556853]), array([ 0.4654932 , -0.10000392,  0.14247111]), array([ 0.52664251, -0.08865038,  0.15523269]), array([ 0.59235701, -0.07658712,  0.16385129]), array([ 0.66263942, -0.06393035,  0.16872901]), array([ 0.73748888, -0.05075794,  0.17058219]), array([ 0.81690069, -0.03710191,  0.17030003]), array([ 0.9008675 , -0.02295456,  0.16876728]), array([ 0.98938215, -0.00828909,  0.16668065]), array([1.0824422 , 0.00690753, 0.16440196])]
0.06976072393372006
[ 1.620079 13.573994  4.066966 10.128007  9.731995  3.562375 42.683416]
[INFO] [1774442215.635191237] [mpc_node]: Logging State [ 0.08282565 -0.15500821 -0.04230524  0.          0.          0.        ]
REF: [[ 8.28256524e-02  1.14313498e-01  1.38752296e-01  1.67398946e-01
   1.97795615e-01  2.20329901e-01  2.37844797e-01  2.67303508e-01
   3.48162864e-01  4.16074986e-01  4.82419162e-01  5.15219118e-01
   5.70815725e-01  6.54169316e-01  6.99630515e-01  7.39332768e-01
   7.80917186e-01  8.13475945e-01  8.67332959e-01  8.91414628e-01
   9.13256354e-01]
 [-1.55008206e-01 -2.43485730e-02 -1.67179836e-02 -8.04178653e-03
  -1.92052945e-03 -3.75582818e-04 -6.92570289e-04 -3.23295048e-03
  -1.12001213e-02 -1.93198447e-02 -2.57475120e-02 -2.67633915e-02
  -2.70340310e-02 -2.91782302e-02 -3.26822324e-02 -3.75418101e-02
  -4.38399973e-02 -4.74039908e-02 -5.17298113e-02 -5.56496480e-02
  -6.13258774e-02]]
DEBUG STATE: [ 0.08282565 -0.15500821 -0.04230524  0.1         0.          0.
  1.39521448  0.16346866]
DEBUG PARAMS NODE 0: [15.         15.          1.          1.         25.         25.
  0.          0.          0.94186428  0.          0.          0.
  0.08282565 -0.15500821  0.          0.          0.          0.
  0.          0.        ]

iter	qp_stat	qp_iter
0	0	0
1	0	0


PREDICTED STATES: [array([ 0.08282565, -0.15500821, -0.04230524]), array([ 0.08950793, -0.15528649, -0.04217542]), array([ 0.09973827, -0.15568449, -0.04154301]), array([ 0.11373609, -0.15612554, -0.03955444]), array([ 0.13163247, -0.15614095, -0.03275668]), array([ 0.15340666, -0.15405038, -0.01621388]), array([ 0.1793339 , -0.15108404,  0.00207842]), array([ 0.20945957, -0.1471177 ,  0.02170954]), array([ 0.24380215, -0.14214819,  0.04619723]), array([ 0.28243392, -0.1359985 ,  0.06875172]), array([ 0.32538885, -0.1287835 ,  0.09107861]), array([ 0.37269845, -0.12052142,  0.11183739]), array([ 0.42438778, -0.11126205,  0.12976231]), array([ 0.48047315, -0.10107556,  0.14445673]), array([ 0.54096418, -0.09002654,  0.15584253]), array([ 0.6058641 , -0.07816026,  0.16417837]), array([ 0.67516982, -0.06548898,  0.17002021]), array([ 0.74887199, -0.05198399,  0.17411307]), array([ 0.82695633, -0.03757889,  0.17724023]), array([ 0.90940658, -0.02218629,  0.18005105]), array([ 0.9962098 , -0.00572748,  0.18290512])]
0.07564115822250513
[ 1.268293  4.030229  0.836216  3.898482 10.326988  0.441421 20.801629]
[INFO] [1774442215.660510053] [mpc_node]: Logging State [ 0.08998932 -0.15342635 -0.04233949  0.          0.          0.        ]
REF: [[ 8.99893198e-02  1.14313498e-01  1.38752296e-01  1.67398946e-01
   1.97795615e-01  2.20329901e-01  2.37844797e-01  2.67303508e-01
   3.48162864e-01  4.16074986e-01  4.82419162e-01  5.15219118e-01
   5.70815725e-01  6.54169316e-01  6.99630515e-01  7.39332768e-01
   7.80917186e-01  8.13475945e-01  8.67332959e-01  8.91414628e-01
   9.13256354e-01]
 [-1.53426351e-01 -2.43485730e-02 -1.67179836e-02 -8.04178653e-03
  -1.92052945e-03 -3.75582818e-04 -6.92570289e-04 -3.23295048e-03
  -1.12001213e-02 -1.93198447e-02 -2.57475120e-02 -2.67633915e-02
  -2.70340310e-02 -2.91782302e-02 -3.26822324e-02 -3.75418101e-02
  -4.38399973e-02 -4.74039908e-02 -5.17298113e-02 -5.56496480e-02
  -6.13258774e-02]]
DEBUG STATE: [ 0.08998932 -0.15342635 -0.04233949  0.1         0.          0.
  1.51282316  0.17313782]
DEBUG PARAMS NODE 0: [15.         15.          1.          1.         25.         25.
  0.          0.          1.24641353  0.          0.          0.
  0.08998932 -0.15342635  0.          0.          0.          0.
  0.          0.        ]

iter	qp_stat	qp_iter
0	0	0
1	0	0


PREDICTED STATES: [array([ 0.08998932, -0.15342635, -0.04233949]), array([ 0.09734897, -0.15373229, -0.04218496]), array([ 0.10946789, -0.15418915, -0.04125722]), array([ 0.1263513 , -0.15453383, -0.03738774]), array([ 0.14786921, -0.15340871, -0.02357022]), array([ 0.17399906, -0.1501905 , -0.0037756 ]), array([ 0.20483758, -0.14651458,  0.01857632]), array([ 0.2402631 , -0.1414707 ,  0.04061976]), array([ 0.28022183, -0.13518887,  0.06500015]), array([ 0.32468602, -0.1276228 ,  0.09009229]), array([ 0.3736246 , -0.11879207,  0.11365717]), array([ 0.42702757, -0.10878707,  0.13438505]), array([ 0.48488922, -0.09774145,  0.15110961]), array([ 0.54720517, -0.08580868,  0.16370593]), array([ 0.61397451, -0.07313295,  0.17214981]), array([ 0.68519665, -0.05983597,  0.17683471]), array([ 0.76086945, -0.0460005 ,  0.17847437]), array([ 0.84098819, -0.03166286,  0.17795535]), array([ 0.92554631, -0.01681919,  0.17615999]), array([ 1.01453804, -0.00144603,  0.17378367]), array([1.10796292, 0.01446662, 0.17118824])]
0.0766003832957689
[ 1.672176  9.933281  0.820664 12.185922 23.299685  1.397897 49.309625]
[INFO] [1774442215.723153538] [mpc_node]: Logging State [ 0.09225358 -0.15197465 -0.0426146   0.          0.          0.        ]
REF: [[ 9.22535794e-02  1.14313498e-01  1.38752296e-01  1.67398946e-01
   1.97795615e-01  2.20329901e-01  2.37844797e-01  2.67303508e-01
   3.48162864e-01  4.16074986e-01  4.82419162e-01  5.15219118e-01
   5.70815725e-01  6.54169316e-01  6.99630515e-01  7.39332768e-01
   7.80917186e-01  8.13475945e-01  8.67332959e-01  8.91414628e-01
   9.13256354e-01]
 [-1.51974647e-01 -2.43485730e-02 -1.67179836e-02 -8.04178653e-03
  -1.92052945e-03 -3.75582818e-04 -6.92570289e-04 -3.23295048e-03
  -1.12001213e-02 -1.93198447e-02 -2.57475120e-02 -2.67633915e-02
  -2.70340310e-02 -2.91782302e-02 -3.26822324e-02 -3.75418101e-02
  -4.38399973e-02 -4.74039908e-02 -5.17298113e-02 -5.56496480e-02
  -6.13258774e-02]]
DEBUG STATE: [ 0.09225358 -0.15197465 -0.0426146   0.1         0.          0.
  1.53200767  0.18254294]
DEBUG PARAMS NODE 0: [15.         15.          1.          1.         25.         25.
  0.          0.          1.24641353  0.          0.          0.
  0.09225358 -0.15197465  0.          0.          0.          0.
  0.          0.        ]

iter	qp_stat	qp_iter
0	0	0
1	0	0


PREDICTED STATES: [array([ 0.09225358, -0.15197465, -0.0426146 ]), array([ 0.09964017, -0.15228365, -0.04245295]), array([ 0.11182794, -0.15274039, -0.04143757]), array([ 0.1287914 , -0.15298802, -0.03686554]), array([ 0.15034166, -0.15146639, -0.0218249 ]), array([ 0.17653163, -0.1483055 , -0.00156401]), array([ 0.20730979, -0.14392689,  0.02366187]), array([ 0.24266774, -0.13820162,  0.04830651]), array([ 0.28253951, -0.13120164,  0.0744464 ]), array([ 0.32690701, -0.12296284,  0.09995565]), array([ 0.37575772, -0.11356962,  0.1230433 ]), array([ 0.42909018, -0.10317336,  0.14224067]), array([ 0.48690608, -0.09195515,  0.15681541]), array([ 0.54921103, -0.0801178 ,  0.16643206]), array([ 0.61601121, -0.06785827,  0.17123815]), array([ 0.68731162, -0.05534853,  0.17178632]), array([ 0.76311478, -0.04272074,  0.168921  ]), array([ 0.84342066, -0.0300618 ,  0.16362314]), array([ 0.9282282 , -0.01742217,  0.15682733]), array([ 1.01753802, -0.00483871,  0.14924248]), array([1.11135594, 0.00763107, 0.14121703])]
0.07729377114614835
[ 2.005594  5.587235  0.973756  6.906473  7.769346  0.408523 23.650927]
[INFO] [1774442215.756414280] [mpc_node]: Logging State [ 0.09928867 -0.14752982 -0.04373412  0.04322808  0.0167267  -0.00915109]
REF: [[ 9.92886718e-02  1.14313498e-01  1.38752296e-01  1.67398946e-01
   1.97795615e-01  2.20329901e-01  2.37844797e-01  2.67303508e-01
   3.48162864e-01  4.16074986e-01  4.82419162e-01  5.15219118e-01
   5.70815725e-01  6.54169316e-01  6.99630515e-01  7.39332768e-01
   7.80917186e-01  8.13475945e-01  8.67332959e-01  8.91414628e-01
   9.13256354e-01]
 [-1.47529815e-01 -2.43485730e-02 -1.67179836e-02 -8.04178653e-03
  -1.92052945e-03 -3.75582818e-04 -6.92570289e-04 -3.23295048e-03
  -1.12001213e-02 -1.93198447e-02 -2.57475120e-02 -2.67633915e-02
  -2.70340310e-02 -2.91782302e-02 -3.26822324e-02 -3.75418101e-02
  -4.38399973e-02 -4.74039908e-02 -5.17298113e-02 -5.56496480e-02
  -6.13258774e-02]]
DEBUG STATE: [ 0.09928867 -0.14752982 -0.04373412  0.1         0.0167267  -0.00915109
  1.54587542  0.19860867]
DEBUG PARAMS NODE 0: [15.         15.          1.          1.         25.         25.
  0.          0.          1.24641353  0.          0.          0.
  0.09928867 -0.14752982  0.          0.          0.          0.
  0.          0.        ]

iter	qp_stat	qp_iter
0	0	0
1	0	0


PREDICTED STATES: [array([ 0.09928867, -0.14752982, -0.04373412]), array([ 0.10672847, -0.14701697, -0.04398458]), array([ 0.11898434, -0.14668746, -0.04302495]), array([ 0.13600742, -0.14625672, -0.03708956]), array([ 0.15762541, -0.14436506, -0.02064001]), array([ 0.18388536, -0.14123346, -0.00066505]), array([ 0.21473456, -0.13696199,  0.02121506]), array([ 0.25008065, -0.13151225,  0.04778607]), array([ 0.28990313, -0.12477126,  0.07268583]), array([ 0.33417258, -0.11687488,  0.09683831]), array([ 0.38287254, -0.10791512,  0.11860313]), array([ 0.43599536, -0.09803723,  0.13656465]), array([ 0.49353916, -0.08743101,  0.14996037]), array([ 0.55550595, -0.0763041 ,  0.15850011]), array([ 0.62189891, -0.06486047,  0.16231097]), array([ 0.69272029, -0.0532817 ,  0.16190724]), array([ 0.76797005, -0.04171152,  0.15809176]), array([ 0.84764562, -0.03024955,  0.15181222]), array([ 0.93174306, -0.018959  ,  0.14398513]), array([ 1.02025934, -0.00788891,  0.13531647]), array([1.11319515, 0.00289106, 0.12615763])]
0.07757121117607213
[ 7.088558  6.294711  0.804151  4.936496  7.879301  1.30519  28.308407]
[INFO] [1774442215.798876218] [mpc_node]: Logging State [ 0.10779442 -0.14918094 -0.04499126  0.16347367  0.00208425 -0.03066176]
REF: [[ 1.07794420e-01  1.17355499e-01  1.42217824e-01  1.71430482e-01
   2.01412496e-01  2.22476739e-01  2.40424464e-01  2.73423064e-01
   3.63667192e-01  4.28521115e-01  4.76542577e-01  5.05596442e-01
   5.54362778e-01  6.36331263e-01  6.81833820e-01  7.23139204e-01
   7.65232463e-01  7.98130306e-01  8.41317963e-01  8.87516082e-01
   9.08865552e-01]
 [-1.49180941e-01 -2.34569659e-02 -1.56014294e-02 -6.99184259e-03
  -1.50679616e-03 -3.48445019e-04 -8.35484080e-04 -3.88720419e-03
  -1.28318007e-02 -2.09518320e-02 -2.54333974e-02 -2.65759421e-02
  -2.70044647e-02 -2.83061320e-02 -3.10719504e-02 -3.53378954e-02
  -4.15386394e-02 -4.59272543e-02 -4.94227698e-02 -5.48641911e-02
  -6.00033628e-02]]
DEBUG STATE: [ 0.10779442 -0.14918094 -0.04499126  0.16347367  0.00208425 -0.03066176
  1.55142422  0.2091468 ]
DEBUG PARAMS NODE 0: [15.         15.          1.          1.         25.         25.
  0.          0.          1.24641353  0.          0.          0.
  0.10779442 -0.14918094  0.          0.          0.          0.
  0.          0.        ]

iter	qp_stat	qp_iter
0	0	0
1	0	0


PREDICTED STATES: [array([ 0.10779442, -0.14918094, -0.04499126]), array([ 0.11835783, -0.14954355, -0.04606602]), array([ 0.13362431, -0.15002494, -0.04480798]), array([ 0.15338832, -0.14993701, -0.03551593]), array([ 0.17733228, -0.14728324, -0.01476383]), array([ 0.20553594, -0.14339162,  0.00888073]), array([ 0.23785674, -0.13813196,  0.03432096]), array([ 0.27418779, -0.13155867,  0.06172523]), array([ 0.31444654, -0.12372121,  0.09063546]), array([ 0.35861486, -0.11465023,  0.11674498]), array([ 0.40666322, -0.10453772,  0.13965651]), array([ 0.45858456, -0.09358979,  0.15795477]), array([ 0.51438085, -0.08205021,  0.17087262]), array([ 0.57405868, -0.07017613,  0.17817536]), array([ 0.63762489, -0.05821377,  0.18007508]), array([ 0.7050836 , -0.04637861,  0.17719302]), array([ 0.77643468, -0.0348407 ,  0.17044942]), array([ 0.85167417, -0.02372077,  0.16090487]), array([ 0.9307962, -0.0131018,  0.1495686]), array([ 1.01379568, -0.00305501,  0.13721108]), array([1.10067091, 0.00632264, 0.12421321])]
0.0758885027453494
[ 2.043772  7.260851  0.826456  4.990353 13.489704  1.023069 29.634205]
[INFO] [1774442215.833604844] [mpc_node]: Logging State [ 0.11205523 -0.15043287 -0.04323037  0.19754225 -0.01103109  0.03245866]
REF: [[ 1.12055231e-01  1.18985744e-01  1.44097270e-01  1.73590312e-01
   2.03274027e-01  2.23618163e-01  2.41894811e-01  2.77082841e-01
   3.71882369e-01  4.40352996e-01  4.72435583e-01  4.99202379e-01
   5.43508368e-01  6.19691812e-01  6.67996514e-01  7.11834513e-01
   7.52608052e-01  7.89962272e-01  8.27072723e-01  8.82538433e-01
   9.03549724e-01]
 [-1.50432867e-01 -2.29691427e-02 -1.49988466e-02 -6.45450304e-03
  -1.31995372e-03 -3.41853488e-04 -9.26334209e-04 -4.27497382e-03
  -1.37502879e-02 -2.23806952e-02 -2.51859872e-02 -2.64059726e-02
  -2.69863747e-02 -2.77190719e-02 -3.00376799e-02 -3.39829266e-02
  -3.95633185e-02 -4.49981823e-02 -4.84573473e-02 -5.39509670e-02
  -5.85228814e-02]]
DEBUG STATE: [ 0.11205523 -0.15043287 -0.04323037  0.19754225 -0.01103109  0.03245866
  1.51777005  0.22614884]
DEBUG PARAMS NODE 0: [15.         15.          1.          1.         25.         25.
  0.          0.          1.24641353  0.          0.          0.
  0.11205523 -0.15043287  0.          0.          0.          0.
  0.          0.        ]

iter	qp_stat	qp_iter
0	0	0
1	0	0


PREDICTED STATES: [array([ 0.11205523, -0.15043287, -0.04323037]), array([ 0.12423141, -0.15144307, -0.04117892]), array([ 0.14093643, -0.15223105, -0.03663988]), array([ 0.16182016, -0.15124183, -0.02293408]), array([ 1.86629450e-01, -1.47660127e-01,  6.09185594e-05]), array([ 0.21542301, -0.14290688,  0.02706848]), array([ 0.24805856, -0.13672468,  0.05435744]), array([ 0.28442194, -0.12923021,  0.08266833]), array([ 0.32444866, -0.12050794,  0.11045408]), array([ 0.36809772, -0.11069393,  0.13642087]), array([ 0.41535338, -0.09995673,  0.15800085]), array([ 0.46620822, -0.08852651,  0.17462271]), array([ 0.52066648, -0.07666146,  0.18558425]), array([ 0.57873481, -0.06462477,  0.19076975]), array([ 0.64041851, -0.0526635 ,  0.19049121]), array([ 0.7057189 , -0.04099102,  0.18542894]), array([ 0.77463242, -0.02977524,  0.17652323]), array([ 0.8471515 , -0.01913696,  0.16482611]), array([ 0.92326675, -0.00916236,  0.15132416]), array([1.00296945e+00, 7.09183566e-05, 1.36763382e-01]), array([1.08625367, 0.00845745, 0.12150755])]
0.07355661928997624
[ 1.885431  5.421694  1.578605  7.100687 23.325702  1.5083   40.820419]
[INFO] [1774442215.881312022] [mpc_node]: Logging State [ 0.10556584 -0.14549457 -0.04470124  0.02677509  0.02996412 -0.01098445]
REF: [[ 1.05565836e-01  1.14313498e-01  1.38752296e-01  1.67398946e-01
   1.97795615e-01  2.20329901e-01  2.37844797e-01  2.67303508e-01
   3.48162864e-01  4.16074986e-01  4.82419162e-01  5.15219118e-01
   5.70815725e-01  6.54169316e-01  6.99630515e-01  7.39332768e-01
   7.80917186e-01  8.13475945e-01  8.67332959e-01  8.91414628e-01
   9.13256354e-01]
 [-1.45494569e-01 -2.43485730e-02 -1.67179836e-02 -8.04178653e-03
  -1.92052945e-03 -3.75582818e-04 -6.92570289e-04 -3.23295048e-03
  -1.12001213e-02 -1.93198447e-02 -2.57475120e-02 -2.67633915e-02
  -2.70340310e-02 -2.91782302e-02 -3.26822324e-02 -3.75418101e-02
  -4.38399973e-02 -4.74039908e-02 -5.17298113e-02 -5.56496480e-02
  -6.13258774e-02]]
DEBUG STATE: [ 0.10556584 -0.14549457 -0.04470124  0.1         0.02996412 -0.01098445
  1.47113239  0.24547096]
DEBUG PARAMS NODE 0: [15.         15.          1.          1.         25.         25.
  0.          0.          1.          0.          0.          0.
  0.10556584 -0.14549457  0.          0.          0.          0.
  0.          0.        ]

iter	qp_stat	qp_iter
0	0	0
1	0	0


PREDICTED STATES: [array([ 0.10556584, -0.14549457, -0.04470124]), array([ 0.11249467, -0.14430521, -0.04503368]), array([ 0.12330983, -0.14380798, -0.04407183]), array([ 0.13835451, -0.14511324, -0.04342434]), array([ 0.15705149, -0.14343462, -0.02629067]), array([ 0.17993111, -0.1409442 , -0.00730829]), array([ 0.20699899, -0.13755263,  0.01517366]), array([ 0.2382857 , -0.13312231,  0.03586768]), array([ 0.2738163 , -0.12776676,  0.0574972 ]), array([ 0.31361315, -0.12147103,  0.07904177]), array([ 0.35768662, -0.11423128,  0.09976572]), array([ 0.40604743, -0.10606266,  0.11758881]), array([ 0.45870112, -0.09704401,  0.13230868]), array([ 0.51565689, -0.08727181,  0.14354034]), array([ 0.57692513, -0.07684907,  0.15129012]), array([ 0.64251727, -0.06587205,  0.1558645 ]), array([ 0.7124445 , -0.05441668,  0.15780983]), array([ 0.78671666, -0.04252943,  0.15782289]), array([ 0.86534259, -0.03022833,  0.15662444]), array([ 0.94833259, -0.01751663,  0.15481139]), array([ 1.03570303, -0.00441037,  0.15271263])]
0.07727230663238532
[ 1.28327  10.365805  1.221699  5.635332 11.88953   1.193186 31.588822]
[INFO] [1774442215.918104867] [mpc_node]: Logging State [ 0.10265411 -0.14601372 -0.0458335  -0.04811533  0.0157759  -0.0390308 ]
REF: [[ 1.02654108e-01  1.14313498e-01  1.38752296e-01  1.67398946e-01
   1.97795615e-01  2.20329901e-01  2.37844797e-01  2.67303508e-01
   3.48162864e-01  4.16074986e-01  4.82419162e-01  5.15219118e-01
   5.70815725e-01  6.54169316e-01  6.99630515e-01  7.39332768e-01
   7.80917186e-01  8.13475945e-01  8.67332959e-01  8.91414628e-01
   9.13256354e-01]
 [-1.46013719e-01 -2.43485730e-02 -1.67179836e-02 -8.04178653e-03
  -1.92052945e-03 -3.75582818e-04 -6.92570289e-04 -3.23295048e-03
  -1.12001213e-02 -1.93198447e-02 -2.57475120e-02 -2.67633915e-02
  -2.70340310e-02 -2.91782302e-02 -3.26822324e-02 -3.75418101e-02
  -4.38399973e-02 -4.74039908e-02 -5.17298113e-02 -5.56496480e-02
  -6.13258774e-02]]
DEBUG STATE: [ 0.10265411 -0.14601372 -0.0458335   0.1         0.0157759  -0.0390308
  1.54544613  0.24214493]
DEBUG PARAMS NODE 0: [15.         15.          1.          1.         25.         25.
  0.          0.          0.72730261  0.          0.          0.
  0.10265411 -0.14601372  0.          0.          0.          0.
  0.          0.        ]

iter	qp_stat	qp_iter
0	0	0
1	0	0


PREDICTED STATES: [array([ 0.10265411, -0.14601372, -0.0458335 ]), array([ 0.10912665, -0.14552569, -0.04759672]), array([ 0.11863299, -0.14518747, -0.04871806]), array([ 0.13136034, -0.14502036, -0.0480989 ]), array([ 0.14748887, -0.14507619, -0.04312052]), array([ 0.1670209 , -0.1438139 , -0.02917113]), array([ 0.19012772, -0.14169685, -0.01240722]), array([ 0.21690713, -0.13886528,  0.00684803]), array([ 0.24739618, -0.13515005,  0.02474225]), array([ 0.28163469, -0.13065955,  0.04363714]), array([ 0.31965926, -0.12536776,  0.06301945]), array([ 0.36148728, -0.11923829,  0.0827831 ]), array([ 0.40714248, -0.11221459,  0.10065744]), array([ 0.45663129, -0.10429516,  0.1167637 ]), array([ 0.5099551 , -0.09546294,  0.13084444]), array([ 0.56710796, -0.08567965,  0.14300872]), array([ 0.62807764, -0.0748762 ,  0.15361877]), array([ 0.69284615, -0.06294758,  0.16320494]), array([ 0.7613908 , -0.04975585,  0.17235543]), array([ 0.83368656, -0.03514283,  0.18158274]), array([ 0.90971067, -0.01895251,  0.19119301])]
0.08376312303395668
[ 4.351902  8.260592  1.487916  6.69709   7.50905   1.612847 29.919397]
[INFO] [1774442215.956502079] [mpc_node]: Logging State [ 0.1091074  -0.14580655 -0.04458947  0.08076154  0.01748717  0.0069562 ]
REF: [[ 1.09107397e-01  1.14313498e-01  1.38752296e-01  1.67398946e-01
   1.97795615e-01  2.20329901e-01  2.37844797e-01  2.67303508e-01
   3.48162864e-01  4.16074986e-01  4.82419162e-01  5.15219118e-01
   5.70815725e-01  6.54169316e-01  6.99630515e-01  7.39332768e-01
   7.80917186e-01  8.13475945e-01  8.67332959e-01  8.91414628e-01
   9.13256354e-01]
 [-1.45806548e-01 -2.43485730e-02 -1.67179836e-02 -8.04178653e-03
  -1.92052945e-03 -3.75582818e-04 -6.92570289e-04 -3.23295048e-03
  -1.12001213e-02 -1.93198447e-02 -2.57475120e-02 -2.67633915e-02
  -2.70340310e-02 -2.91782302e-02 -3.26822324e-02 -3.75418101e-02
  -4.38399973e-02 -4.74039908e-02 -5.17298113e-02 -5.56496480e-02
  -6.13258774e-02]]
DEBUG STATE: [ 0.1091074  -0.14580655 -0.04458947  0.1         0.01748717  0.0069562
  1.67526246  0.23006953]
DEBUG PARAMS NODE 0: [15.         15.          1.          1.         25.         25.
  0.          0.          1.          0.          0.          0.
  0.1091074  -0.14580655  0.          0.          0.          0.
  0.          0.        ]

iter	qp_stat	qp_iter
0	0	0
1	0	0


PREDICTED STATES: [array([ 0.1091074 , -0.14580655, -0.04458947]), array([ 0.11624758, -0.14524542, -0.04403898]), array([ 0.12765267, -0.14485136, -0.04255709]), array([ 0.1433693 , -0.14451393, -0.03796214]), array([ 0.16336804, -0.14354614, -0.02486638]), array([ 0.18753717, -0.14004093, -0.00111491]), array([ 0.21622351, -0.13677769,  0.01640469]), array([ 0.24923669, -0.13251335,  0.03456089]), array([ 0.28652177, -0.12724504,  0.05876058]), array([ 0.32811614, -0.12085121,  0.08007321]), array([ 0.37401306, -0.11342465,  0.10096486]), array([ 0.42420763, -0.10497828,  0.12016429]), array([ 0.47870809, -0.09555   ,  0.13558882]), array([ 0.53750085, -0.08526255,  0.14846369]), array([ 0.60058277, -0.07415764,  0.15807997]), array([ 0.66794777, -0.06228187,  0.16481614]), array([ 0.73958814, -0.04965057,  0.16923185]), array([ 0.81549359, -0.03624137,  0.17202732]), array([ 0.89565186, -0.02199895,  0.17391488]), array([ 0.98005089, -0.00685063,  0.17546922]), array([1.06868279, 0.00926797, 0.17700246])]
0.08557969714617628
[ 1.704305  5.118293  5.160694  5.713638  5.218712  0.37137  23.287012]
[INFO] [1774442215.983784792] [mpc_node]: Logging State [ 0.11275205 -0.14279208 -0.04173411  0.09852185  0.03758352  0.05290512]
REF: [[ 1.12752047e-01  1.14313498e-01  1.38752296e-01  1.67398946e-01
   1.97795615e-01  2.20329901e-01  2.37844797e-01  2.67303508e-01
   3.48162864e-01  4.16074986e-01  4.82419162e-01  5.15219118e-01
   5.70815725e-01  6.54169316e-01  6.99630515e-01  7.39332768e-01
   7.80917186e-01  8.13475945e-01  8.67332959e-01  8.91414628e-01
   9.13256354e-01]
 [-1.42792078e-01 -2.43485730e-02 -1.67179836e-02 -8.04178653e-03
  -1.92052945e-03 -3.75582818e-04 -6.92570289e-04 -3.23295048e-03
  -1.12001213e-02 -1.93198447e-02 -2.57475120e-02 -2.67633915e-02
  -2.70340310e-02 -2.91782302e-02 -3.26822324e-02 -3.75418101e-02
  -4.38399973e-02 -4.74039908e-02 -5.17298113e-02 -5.56496480e-02
  -6.13258774e-02]]
DEBUG STATE: [ 0.11275205 -0.14279208 -0.04173411  0.1         0.03758352  0.05290512
  1.71159394  0.22493325]
DEBUG PARAMS NODE 0: [15.         15.          1.          1.         25.         25.
  0.          0.          1.          0.          0.          0.
  0.11275205 -0.14279208  0.          0.          0.          0.
  0.          0.        ]

iter	qp_stat	qp_iter
0	0	0
1	0	0


PREDICTED STATES: [array([ 0.11275205, -0.14279208, -0.04173411]), array([ 0.11997386, -0.14120064, -0.03887271]), array([ 0.13153139, -0.13973681, -0.03490307]), array([ 0.14743307, -0.13824763, -0.02676629]), array([ 0.16760689, -0.13595214, -0.01015835]), array([ 0.19211661, -0.13276766,  0.00869766]), array([ 0.22097529, -0.12870494,  0.02825626]), array([ 0.25413663, -0.1236493 ,  0.04890522]), array([ 0.29159498, -0.11763425,  0.07005358]), array([ 0.33334491, -0.11069833,  0.09157692]), array([ 0.37939564, -0.10286083,  0.11007298]), array([ 0.42975479, -0.09425899,  0.12557517]), array([ 0.48443229, -0.08503314,  0.13720801]), array([ 0.54343467, -0.07533413,  0.14479275]), array([ 0.60677008, -0.06530359,  0.14850734]), array([ 0.67444352, -0.05506321,  0.14882323]), array([ 0.74645813, -0.04470334,  0.14643244]), array([ 0.82281606, -0.03428082,  0.14212261]), array([ 0.90352007, -0.02382731,  0.13663283]), array([ 0.98857575, -0.01336756,  0.13051621]), array([ 1.0779941 , -0.00294526,  0.12404053])]
0.08686819432117182
[ 1.459274  9.920448  1.278886  2.595499  4.933743  0.373643 20.561493]
[INFO] [1774442216.008261280] [mpc_node]: Logging State [ 0.11802353 -0.1442439  -0.03723114  0.13709881  0.02054051  0.1091452 ]
[INFO] [1774442216.010579395] [mpc_node]: Logging State [ 0.14471944 -0.1456126  -0.02129813  0.39908554  0.01400179  0.29841488]
[INFO] [1774442216.012650175] [mpc_node]: Logging State [ 0.16654095 -0.15369565  0.00385341  0.42327239 -0.02112282  0.40743452]
[INFO] [1774442216.014487572] [mpc_node]: Logging State [ 0.16108497 -0.15652972  0.00951177  0.22218598 -0.03110188  0.28484688]
[INFO] [1774442216.016354219] [mpc_node]: Logging State [ 0.16248119 -0.15946622  0.01734084  0.15758359 -0.04293083  0.26385311]
[INFO] [1774442216.018195872] [mpc_node]: Logging State [ 0.16605747 -0.15843772  0.0347421   0.16377929 -0.02493949  0.53395426]
[INFO] [1774442216.019871025] [mpc_node]: Logging State [ 0.15943173 -0.15528706  0.04267352  0.02023434  0.00463106  0.42023777]
REF: [[ 1.59431728e-01  1.55201440e-01  1.85787334e-01  2.12743716e-01
   2.30388504e-01  2.52218985e-01  3.05275581e-01  4.07711947e-01
   4.83541774e-01  5.17096142e-01  5.74045025e-01  6.56225576e-01
   7.01574571e-01  7.41351745e-01  7.82492076e-01  8.15587961e-01
   8.70376959e-01  8.93168615e-01  9.15269063e-01  9.38968946e-01
   9.61538552e-01]
 [-1.55287061e-01 -1.15318672e-02 -3.79898215e-03 -6.30881170e-04
  -4.11292911e-04 -1.72691312e-03 -7.06933102e-03 -1.82001243e-02
  -2.58023198e-02 -2.67915894e-02 -2.70458032e-02 -2.92955957e-02
  -3.28784320e-02 -3.78389787e-02 -4.40519234e-02 -4.75822135e-02
  -5.21102636e-02 -5.60239824e-02 -6.19554152e-02 -6.94787880e-02
  -7.43751030e-02]]
DEBUG STATE: [ 0.15943173 -0.15528706  0.04267352  0.1         0.00463106  0.42023777
  1.73736389  0.22751939]
DEBUG PARAMS NODE 0: [15.         15.          1.          1.         25.         25.
  0.          0.          1.24641353  0.          0.          0.
  0.15943173 -0.15528706  0.          0.          0.          0.
  0.          0.        ]

iter	qp_stat	qp_iter
0	0	0
1	0	0


PREDICTED STATES: [array([ 0.15943173, -0.15528706,  0.04267352]), array([ 0.16710368, -0.15462628,  0.06378096]), array([ 0.1799916 , -0.15342329,  0.08539178]), array([ 0.19808866, -0.15093647,  0.10766034]), array([ 0.22117711, -0.14604002,  0.12550086]), array([ 0.24924804, -0.14024214,  0.14001235]), array([ 0.28211857, -0.13312121,  0.1545232 ]), array([ 0.31973664, -0.12494201,  0.16817623]), array([ 0.36204027, -0.11581703,  0.18052237]), array([ 0.40897947, -0.1059044 ,  0.19006443]), array([ 0.46054365, -0.09541851,  0.19496006]), array([ 0.51666878, -0.08468265,  0.19518869]), array([ 0.57735024, -0.07398969,  0.19010519]), array([ 0.64257982, -0.06367504,  0.17992911]), array([ 0.71235356, -0.05407505,  0.16505269]), array([ 0.78666978, -0.0455138 ,  0.14611763]), array([ 0.86552867, -0.03829645,  0.12388868]), array([ 0.94893272, -0.03271131,  0.09912677]), array([ 1.0368875 , -0.02904181,  0.07246508]), array([ 1.12940099, -0.02758502,  0.04431626]), array([ 1.22648062, -0.02867509,  0.01481845])]
0.08573243048231066
[ 1.396297  2.724463  0.851481  3.039544  5.265817  0.34561  13.623212]
[INFO] [1774442216.046420437] [mpc_node]: Logging State [ 0.15174306 -0.1516559   0.04099337 -0.06991641  0.02802858  0.20159835]
REF: [[ 1.51743059e-01  1.55201440e-01  1.85787334e-01  2.12743716e-01
   2.30388504e-01  2.52218985e-01  3.05275581e-01  4.07711947e-01
   4.83541774e-01  5.17096142e-01  5.74045025e-01  6.56225576e-01
   7.01574571e-01  7.41351745e-01  7.82492076e-01  8.15587961e-01
   8.70376959e-01  8.93168615e-01  9.15269063e-01  9.38968946e-01
   9.61538552e-01]
 [-1.51655901e-01 -1.15318672e-02 -3.79898215e-03 -6.30881170e-04
  -4.11292911e-04 -1.72691312e-03 -7.06933102e-03 -1.82001243e-02
  -2.58023198e-02 -2.67915894e-02 -2.70458032e-02 -2.92955957e-02
  -3.28784320e-02 -3.78389787e-02 -4.40519234e-02 -4.75822135e-02
  -5.21102636e-02 -5.60239824e-02 -6.19554152e-02 -6.94787880e-02
  -7.43751030e-02]]
DEBUG STATE: [ 0.15174306 -0.1516559   0.04099337  0.1         0.02802858  0.20159835
  1.71464861  0.21512404]
DEBUG PARAMS NODE 0: [15.         15.          1.          1.         25.         25.
  0.          0.          1.24641353  0.          0.          0.
  0.15174306 -0.1516559   0.          0.          0.          0.
  0.          0.        ]

iter	qp_stat	qp_iter
0	0	0
1	0	0


PREDICTED STATES: [array([ 0.15174306, -0.1516559 ,  0.04099337]), array([ 0.1593413 , -0.14989154,  0.05123005]), array([ 0.17220193, -0.14765419,  0.06189736]), array([ 0.19018275, -0.14428615,  0.07342223]), array([ 0.21321712, -0.1397273 ,  0.08841615]), array([ 0.24126162, -0.13426386,  0.10549759]), array([ 0.27416369, -0.12763402,  0.12476627]), array([ 0.3118807 , -0.11985252,  0.13970393]), array([ 0.35435641, -0.11115679,  0.1532613 ]), array([ 0.40155491, -0.10174167,  0.16390553]), array([ 0.45344818, -0.09185669,  0.17026024]), array([ 0.51001618, -0.08181654,  0.17143925]), array([ 0.57124463, -0.07198813,  0.1670689 ]), array([ 0.63711957, -0.06277221,  0.15707399]), array([ 0.70762111, -0.0545824 ,  0.14170831]), array([ 0.78271975, -0.04782765,  0.12151218]), array([ 0.86237385, -0.04289754,  0.0972344 ]), array([ 0.94652864, -0.04015453,  0.06972562]), array([ 1.03511571, -0.03993757,  0.03980511]), array([ 1.12805157, -0.04258051,  0.00810759]), array([ 1.22523289, -0.04844887, -0.02508033])]
0.08515765780301468
[ 3.021399  5.182999  0.867161 11.654163 16.651012  0.456045 37.832779]
REF: [[ 1.51743059e-01  1.55201440e-01  1.85787334e-01  2.12743716e-01
   2.30388504e-01  2.52218985e-01  3.05275581e-01  4.07711947e-01
   4.83541774e-01  5.17096142e-01  5.74045025e-01  6.56225576e-01
   7.01574571e-01  7.41351745e-01  7.82492076e-01  8.15587961e-01
   8.70376959e-01  8.93168615e-01  9.15269063e-01  9.38968946e-01
   9.61538552e-01]
 [-1.51655901e-01 -1.15318672e-02 -3.79898215e-03 -6.30881170e-04
  -4.11292911e-04 -1.72691312e-03 -7.06933102e-03 -1.82001243e-02
  -2.58023198e-02 -2.67915894e-02 -2.70458032e-02 -2.92955957e-02
  -3.28784320e-02 -3.78389787e-02 -4.40519234e-02 -4.75822135e-02
  -5.21102636e-02 -5.60239824e-02 -6.19554152e-02 -6.94787880e-02
  -7.43751030e-02]]
DEBUG STATE: [ 0.15174306 -0.1516559   0.04099337  0.1         0.02802858  0.20159835
  1.70315316  0.21243641]
DEBUG PARAMS NODE 0: [15.         15.          1.          1.         25.         25.
  0.          0.          1.24641353  0.          0.          0.
  0.15174306 -0.1516559   0.          0.          0.          0.
  0.          0.        ]

iter	qp_stat	qp_iter
0	0	0
1	0	0


PREDICTED STATES: [array([ 0.15174306, -0.1516559 ,  0.04099337]), array([ 0.15932476, -0.14989244,  0.05122753]), array([ 0.17215549, -0.14768495,  0.06221184]), array([ 0.19010225, -0.14454217,  0.07572564]), array([ 0.21304245, -0.14005327,  0.09110162]), array([ 0.24096582, -0.13452759,  0.10629803]), array([ 0.27374304, -0.12788928,  0.12469557]), array([ 0.3113149 , -0.12012142,  0.1419419 ]), array([ 0.35363772, -0.11134717,  0.15556984]), array([ 0.40068109, -0.10182942,  0.16630863]), array([ 0.45242299, -0.09183394,  0.17271382]), array([ 0.50884913, -0.08169107,  0.17382923]), array([ 0.56994982, -0.07178954,  0.16920128]), array([ 0.6357138 , -0.06255808,  0.15867722]), array([ 0.70612168, -0.05444576,  0.14244503]), array([ 0.78114069, -0.04790066,  0.12100885]), array([ 0.86072156, -0.0433514 ,  0.09512108]), array([ 0.94479774, -0.04119553,  0.06567791]), array([ 1.03328583, -0.04180068,  0.0335753 ]), array([ 1.12608481e+00, -4.55241367e-02, -4.72218618e-04]), array([ 1.2230702 , -0.05275497, -0.03613187])]
0.08470979358021419
[ 1.639247 16.50992   1.24426   3.032921  5.02821   0.714964 28.169522]
[INFO] [1774442216.132091502] [mpc_node]: Logging State [ 0.17342227 -0.14989228  0.07716999  0.11296202  0.0259649   0.4479618 ]
[INFO] [1774442216.135159047] [mpc_node]: Logging State [ 0.2166532  -0.13828773  0.10292821  0.45515344  0.06076694  0.53014297]
REF: [[ 0.2166532   0.25663348  0.31803613  0.41228613  0.48339391  0.51684847
   0.57361851  0.65598273  0.70134785  0.74111374  0.78231164  0.81533959
   0.87002956  0.89294804  0.91501516  0.93873296  0.96127757  0.99320779
   1.03774046  1.06059089  1.08307717]
 [-0.13828773 -0.00213824 -0.00827683 -0.01881232 -0.02579519 -0.02678801
  -0.02704408 -0.02928155 -0.03285534 -0.0378037  -0.04402787 -0.04756155
  -0.0520653  -0.05597618 -0.06187534 -0.06941056 -0.07433643 -0.0773708
  -0.08179215 -0.08675564 -0.09355303]]
DEBUG STATE: [ 0.2166532  -0.13828773  0.10292821  0.45515344  0.06076694  0.53014297
  1.69419587  0.20965304]
DEBUG PARAMS NODE 0: [15.         15.          1.          1.         25.         25.
  0.          0.          1.24641353  0.          0.          0.
  0.2166532  -0.13828773  0.          0.          0.          0.
  0.          0.        ]

iter	qp_stat	qp_iter
0	0	0
1	0	0


PREDICTED STATES: [array([ 0.2166532 , -0.13828773,  0.10292821]), array([ 0.24167084, -0.13277529,  0.11903174]), array([ 0.27166717, -0.12716829,  0.13961619]), array([ 0.30575908, -0.11832295,  0.1658279 ]), array([ 0.34453027, -0.11054315,  0.17538859]), array([ 0.3870331 , -0.10168976,  0.19195556]), array([ 0.43320649, -0.09208584,  0.19982948]), array([ 0.48291876, -0.08208186,  0.20307964]), array([ 0.53597588, -0.07210958,  0.2001679 ]), array([ 0.59221459, -0.06261328,  0.19232154]), array([ 0.6515552 , -0.05397167,  0.17793315]), array([ 0.71390017, -0.04666377,  0.15783433]), array([ 0.77915364, -0.04116543,  0.13247686]), array([ 0.84721085, -0.03793757,  0.10241189]), array([ 0.91795237, -0.03741497,  0.06828401]), array([ 0.9912413 , -0.03999662,  0.0307674 ]), array([ 1.0669234 , -0.04604364, -0.00948359]), array([ 1.14482827, -0.05588762, -0.05189978]), array([ 1.22476846, -0.0698464 , -0.09605839]), array([ 1.30653344, -0.08824397, -0.14172954]), array([ 1.38987565, -0.11143093, -0.18890762])]
0.07894218175057094
[ 1.558702  5.488159  4.993585  6.883464  5.15759   0.378315 24.459815]
[INFO] [1774442216.175323863] [mpc_node]: Logging State [ 0.23305387 -0.12721644  0.11620455  0.47871201  0.10429791  0.46812528]
REF: [[ 0.23305387  0.29999577  0.404107    0.48263405  0.51557779  0.57143225
   0.65460186  0.7000439   0.73975781  0.78125733  0.81392132  0.86799131
   0.89175888  0.9136501   0.93745312  0.95988485  0.99092423  1.03570208
   1.05906287  1.08139553  1.10536174]
 [-0.12721644 -0.00656458 -0.01772125 -0.02575813 -0.02676897 -0.02703605
  -0.02920262 -0.03272361 -0.03760396 -0.04388614 -0.04744205 -0.05180952
  -0.05572208 -0.06144804 -0.06903588 -0.07412418 -0.07721747 -0.08145439
  -0.08635911 -0.09299186 -0.10114687]]
DEBUG STATE: [ 0.23305387 -0.12721644  0.11620455  0.47871201  0.10429791  0.46812528
  1.57884364  0.17667998]
DEBUG PARAMS NODE 0: [15.         15.          1.          1.         25.         25.
  0.          0.          1.24641353  0.          0.          0.
  0.23305387 -0.12721644  0.          0.          0.          0.
  0.          0.        ]

iter	qp_stat	qp_iter
0	0	0
1	0	0


PREDICTED STATES: [array([ 0.23305387, -0.12721644,  0.11620455]), array([ 0.25915475, -0.12116204,  0.13057429]), array([ 0.28991697, -0.11469759,  0.14183927]), array([ 0.324966  , -0.10753472,  0.15152875]), array([ 0.36407953, -0.09994622,  0.16100876]), array([ 0.40699619, -0.09190544,  0.16645225]), array([ 0.45355522, -0.08374716,  0.16770766]), array([ 0.50357266, -0.0757793 ,  0.16482785]), array([ 0.5568792 , -0.06827562,  0.15762341]), array([ 0.61332835, -0.06156993,  0.14583341]), array([ 0.67278269, -0.05600798,  0.12947085]), array([ 0.73510936, -0.05197352,  0.10850862]), array([ 0.80017466, -0.04986054,  0.08302837]), array([ 0.86783868, -0.05006652,  0.05320499]), array([ 0.93795081, -0.05297728,  0.01933878]), array([ 1.0103474 , -0.05895152, -0.01813216]), array([ 1.08485152, -0.06831161, -0.05866142]), array([ 1.16127338, -0.08134154, -0.1016529 ]), array([ 1.23940969, -0.09829237, -0.14653903]), array([ 1.31903958, -0.11939833, -0.19288783]), array([ 1.39991249, -0.14490797, -0.24054534])]
0.07437592869713075
[ 1.286629  2.748848  0.773111 28.140145 18.92967   0.366891 52.245294]
REF: [[ 0.23305387  0.29999577  0.404107    0.48263405  0.51557779  0.57143225
   0.65460186  0.7000439   0.73975781  0.78125733  0.81392132  0.86799131
   0.89175888  0.9136501   0.93745312  0.95988485  0.99092423  1.03570208
   1.05906287  1.08139553  1.10536174]
 [-0.12721644 -0.00656458 -0.01772125 -0.02575813 -0.02676897 -0.02703605
  -0.02920262 -0.03272361 -0.03760396 -0.04388614 -0.04744205 -0.05180952
  -0.05572208 -0.06144804 -0.06903588 -0.07412418 -0.07721747 -0.08145439
  -0.08635911 -0.09299186 -0.10114687]]
DEBUG STATE: [ 0.23305387 -0.12721644  0.11620455  0.47871201  0.10429791  0.46812528
  1.48751857  0.15056633]
DEBUG PARAMS NODE 0: [15.         15.          1.          1.         25.         25.
  0.          0.          1.24641353  0.          0.          0.
  0.23305387 -0.12721644  0.          0.          0.          0.
  0.          0.        ]

iter	qp_stat	qp_iter
0	0	0
1	0	0


PREDICTED STATES: [array([ 0.23305387, -0.12721644,  0.11620455]), array([ 0.25903647, -0.12140727,  0.12924562]), array([ 0.28946172, -0.11526911,  0.13926932]), array([ 0.32399337, -0.1083585 ,  0.14865461]), array([ 0.362434  , -0.10081671,  0.1568846 ]), array([ 0.40459781, -0.09283658,  0.16402524]), array([ 0.45031872, -0.08460623,  0.16709675]), array([ 0.49944349, -0.07641269,  0.16636049]), array([ 0.55183825, -0.06859454,  0.16103451]), array([ 0.60737887, -0.06152722,  0.1506905 ]), array([ 0.66594713, -0.05562695,  0.13505477]), array([ 0.72742262, -0.05133932,  0.11397124]), array([ 0.79167471, -0.04912525,  0.08744517]), array([ 0.85855586, -0.04944298,  0.05567137]), array([ 0.92789772, -0.0527281 ,  0.01904927]), array([ 0.99951085, -0.05937744, -0.02183774]), array([ 1.07318672, -0.06974115, -0.06628424]), array([ 1.1487001 , -0.08412348, -0.11354932]), array([ 1.22580961, -0.10279178, -0.16295391]), array([ 1.30425294, -0.12599584, -0.21399873]), array([ 1.38373173, -0.15400156, -0.26651081])]
0.07077159979797648
[ 1.081919  2.480648  0.73839   2.394501 34.204258  0.356651 41.256367]
[INFO] [1774442216.285134286] [mpc_node]: Logging State [ 0.26531797 -0.11472652  0.15181717  0.58000189  0.12283448  0.62633443]
REF: [[ 0.26531797  0.30503712  0.40757366  0.48352508  0.51706818  0.57399687
   0.65619857  0.7015494   0.74132529  0.78247209  0.81556036  0.8703385
   0.89314395  0.91524066  0.93894258  0.96150933  0.99358893  1.03805817
   1.06083899  1.08335097  1.10731633]
 [-0.11472652 -0.00704664 -0.01818168 -0.02580152 -0.02679119 -0.02704561
  -0.02929403 -0.03287587 -0.03783505 -0.04404926 -0.04757992 -0.05210527
  -0.05601863 -0.06194645 -0.06947118 -0.07437079 -0.0773962  -0.08184641
  -0.08682086 -0.09364492 -0.10178944]]
DEBUG STATE: [ 0.26531797 -0.11472652  0.15181717  0.58000189  0.12283448  0.62633443
  1.415432    0.13480006]
DEBUG PARAMS NODE 0: [15.         15.          1.          1.         25.         25.
  0.          0.          1.24641353  0.          0.          0.
  0.26531797 -0.11472652  0.          0.          0.          0.
  0.          0.        ]

iter	qp_stat	qp_iter
0	0	0
1	0	0


PREDICTED STATES: [array([ 0.26531797, -0.11472652,  0.15181717]), array([ 0.29601597, -0.10721052,  0.16430961]), array([ 0.33082789, -0.09950481,  0.17326261]), array([ 0.36927202, -0.0911515 ,  0.18123712]), array([ 0.41106885, -0.082373  ,  0.18686526]), array([ 0.45596805, -0.07343705,  0.18913294]), array([ 0.50376175, -0.06467424,  0.18705689]), array([ 0.55423957, -0.05644893,  0.18008893]), array([ 0.60722732, -0.04911763,  0.16794472]), array([ 0.66256032, -0.04308428,  0.15049913]), array([ 0.7200768 , -0.03876229,  0.1277066 ]), array([ 0.77960993, -0.03656662,  0.0996416 ]), array([ 0.84098096, -0.03690045,  0.06650669]), array([ 0.90399527, -0.04013907,  0.02864902]), array([ 0.96844217, -0.04661412, -0.01343217]), array([ 1.03409817, -0.05660389, -0.05911195]), array([ 1.10073109, -0.07033283, -0.10770172]), array([ 1.16810287, -0.08797917, -0.15852737]), array([ 1.2359689 , -0.109688  , -0.21100838]), array([ 1.30407148, -0.13559088, -0.26474867]), array([ 1.37212327, -0.16583395, -0.31964917])]
0.06474843177845949
[ 6.983787  3.956755  0.863289  5.019794 12.777939  0.354666 29.95623 ]
[INFO] [1774442216.318179598] [mpc_node]: Logging State [ 0.2832439  -0.10120328  0.17274702  0.96620351  0.27705691  1.14960818]
REF: [[ 0.2832439   0.36630692  0.43202172  0.47487349  0.50295636  0.54987456
   0.62979217  0.67574947  0.71816143  0.75973143  0.79437276  0.83464329
   0.88620656  0.90742871  0.93129972  0.95364337  0.9809697   1.02406339
   1.05257047  1.07440768  1.09818607]
 [-0.10120328 -0.01312273 -0.02139119 -0.02533567 -0.02651054 -0.0269986
  -0.02805009 -0.03059477 -0.0347231  -0.0406813  -0.04551303 -0.0489721
  -0.05461439 -0.05958912 -0.06714332 -0.0730401  -0.07649297 -0.07986469
  -0.08477479 -0.09073425 -0.09872535]]
DEBUG STATE: [ 0.2832439  -0.10120328  0.17274702  0.96620351  0.27705691  1.14960818
  1.29496864  0.11136634]
DEBUG PARAMS NODE 0: [15.         15.          1.          1.         25.         25.
  0.          0.          1.24641353  0.          0.          0.
  0.2832439  -0.10120328  0.          0.          0.          0.
  0.          0.        ]

iter	qp_stat	qp_iter
0	0	0
1	0	1


PREDICTED STATES: [array([ 0.2832439 , -0.10120328,  0.17274702]), array([ 0.33232136, -0.08684006,  0.19665467]), array([ 0.38519285, -0.07463699,  0.20902053]), array([ 0.44038924, -0.06181676,  0.21895167]), array([ 0.49734565, -0.04891282,  0.22414185]), array([ 0.55558735, -0.03650089,  0.22302318]), array([ 0.61471378, -0.02519294,  0.21450915]), array([ 0.67437772, -0.01560151,  0.19788193]), array([ 0.73425818, -0.00834814,  0.17390116]), array([ 0.79403775, -0.00395228,  0.14248808]), array([ 0.85339573, -0.00285061,  0.10412392]), array([ 0.91200181, -0.00537659,  0.05953409]), array([ 0.96951796, -0.01174431,  0.0096498 ]), array([ 1.02560821, -0.02203918, -0.04444554]), array([ 1.07995365, -0.03621966, -0.10159011]), array([ 1.13226782, -0.05413286, -0.16064007]), array([ 1.18230651, -0.07554322, -0.22057892]), array([ 1.22986894, -0.10016724, -0.2806116 ]), array([ 1.27478523, -0.12771896, -0.34030569]), array([ 1.31689985, -0.15793624, -0.39954722]), array([ 1.35606467, -0.19056294, -0.45838794])]
0.050585484317144096
[ 4.709833  6.322616  0.6973    6.411866 15.500099  0.437453 34.079167]
[INFO] [1774442216.357516293] [mpc_node]: Logging State [ 0.28445338 -0.08570032  0.18089957  0.65208829  0.29150648  0.70455191]
REF: [[ 0.28445338  0.35068984  0.4172349   0.48200224  0.51452419  0.56962194
   0.65327633  0.69877028  0.73845619  0.78020112  0.81255748  0.86594939
   0.89075778  0.91250723  0.93636542  0.95872979  0.98904212  1.03383702
   1.05776677  1.07997717  1.10393166]
 [-0.08570032 -0.01145792 -0.0194748  -0.02572674 -0.02675231 -0.0270304
  -0.02912837 -0.03259673 -0.03741434 -0.04374219 -0.0473247  -0.05156685
  -0.05551285 -0.06109491 -0.06871163 -0.07394038 -0.07708893 -0.08116117
  -0.08602977 -0.09252323 -0.10067129]]
DEBUG STATE: [ 0.28445338 -0.08570032  0.18089957  0.65208829  0.29150648  0.70455191
  1.01170969  0.06114406]
DEBUG PARAMS NODE 0: [15.         15.          1.          1.         25.         25.
  0.          0.          1.24641353  0.          0.          0.
  0.28445338 -0.08570032  0.          0.          0.          0.
  0.          0.        ]

iter	qp_stat	qp_iter
0	0	0
1	0	0


PREDICTED STATES: [array([ 0.28445338, -0.08570032,  0.18089957]), array([ 0.31760363, -0.07502687,  0.19602252]), array([ 0.35448562, -0.06765063,  0.19639059]), array([ 0.39415824, -0.06062859,  0.19296424]), array([ 0.43638095, -0.05406264,  0.18645865]), array([ 0.48091836, -0.04806288,  0.17699667]), array([ 0.5275467 , -0.04275334,  0.16456246]), array([ 0.57606445, -0.03830068,  0.14895981]), array([ 0.62629864, -0.0349187 ,  0.12986708]), array([ 0.67810661, -0.03286224,  0.1071434 ]), array([ 0.73135969, -0.0324287 ,  0.08060093]), array([ 0.78592734, -0.03394782,  0.05013874]), array([ 0.84166225, -0.03776231,  0.01578351]), array([ 0.89839061, -0.04420329, -0.02228081]), array([ 0.95590996, -0.05356691, -0.06371491]), array([ 1.01399373, -0.0660986 , -0.10806485]), array([ 1.07239919, -0.08198818, -0.15482943]), array([ 1.13087509, -0.1013747 , -0.20353394]), array([ 1.18916625, -0.12435953, -0.25380295]), array([ 1.2470088 , -0.15102301, -0.30541612]), array([ 1.30411781, -0.18144009, -0.35836612])]
0.046371616445377906
[ 1.126465  7.774754  1.055294  6.996716  9.071527  0.344394 26.36915 ]
[INFO] [1774442216.389694125] [mpc_node]: Logging State [ 0.31683502 -0.07030007  0.22390828  0.77091177  0.28618358  0.94429458]
REF: [[ 0.31683502  0.39858967  0.47911361  0.50975383  0.56145161  0.64536315
   0.69087785  0.73092488  0.77333721  0.80494213  0.85341292  0.88809172
   0.90950415  0.93342149  0.95572093  0.98421467  1.02830604  1.05453339
   1.076485    1.10035634  1.12405083]
 [-0.07030007 -0.01700023 -0.02557651 -0.02666625 -0.02701339 -0.02871537
  -0.03184918 -0.03635803 -0.04276439 -0.0466238  -0.05033266 -0.0549762
  -0.06019066 -0.06781054 -0.07342649 -0.07674377 -0.08038063 -0.08523645
  -0.09139093 -0.09946584 -0.10678768]]
DEBUG STATE: [ 0.31683502 -0.07030007  0.22390828  0.77091177  0.28618358  0.94429458
  0.92743233  0.0298676 ]
DEBUG PARAMS NODE 0: [15.         15.          1.          1.         25.         25.
  0.          0.          1.24641353  0.          0.          0.
  0.31683502 -0.07030007  0.          0.          0.          0.
  0.          0.        ]

iter	qp_stat	qp_iter
0	0	0
1	0	0


PREDICTED STATES: [array([ 0.31683502, -0.07030007,  0.22390828]), array([ 0.35501462, -0.05727368,  0.23875646]), array([ 0.39673186, -0.04818819,  0.23349673]), array([ 0.44081898, -0.03967174,  0.22382136]), array([ 0.48696875, -0.03204744,  0.20943243]), array([ 0.53490661, -0.02559275,  0.19032448]), array([ 0.58437291, -0.02057949,  0.16696768]), array([ 0.63511982, -0.01724607,  0.13986974]), array([ 0.68691245, -0.01580175,  0.10945697]), array([ 0.73952601, -0.0164309 ,  0.07608666]), array([ 0.79274752, -0.01928479,  0.04018442]), array([ 0.8463766 , -0.0244793 ,  0.00216876]), array([ 0.90022644, -0.03209497, -0.03756726]), array([ 0.95412525, -0.04217869, -0.07865326]), array([ 1.00791707, -0.05474845, -0.12075238]), array([ 1.06146125, -0.0698009 , -0.16357762]), array([ 1.11463045, -0.08731884, -0.20690084]), array([ 1.16730829, -0.10727593, -0.25054605]), array([ 1.21938692, -0.12963981, -0.29438369]), array([ 1.270762  , -0.15437917, -0.33835574]), array([ 1.32132357, -0.18147536, -0.38252809])]
0.04041480388696915
[ 7.478073  2.547146  0.690836  4.893646 12.431754  0.396971 28.438426]
[INFO] [1774442216.422673899] [mpc_node]: Logging State [ 0.30504455 -0.06066733  0.2473993   0.40666633  0.29204531  0.792686  ]
REF: [[ 0.30504455  0.38051541  0.45448561  0.47758403  0.50726845  0.55721049
   0.64016928  0.68562842  0.72632656  0.76864421  0.80076781  0.84603651
   0.8878314   0.90921486  0.9331304   0.95543179  0.98375809  1.02773251
   1.05424584  1.0761784   1.10003824]
 [-0.06066733 -0.01475689 -0.02381665 -0.02549245 -0.02661407 -0.02700784
  -0.02847206 -0.03138798 -0.03574681 -0.04206179 -0.04620509 -0.04975674
  -0.05492538 -0.06010558 -0.06771979 -0.07337431 -0.07670956 -0.08030695
  -0.08516787 -0.09129316 -0.09935765]]
DEBUG STATE: [ 0.30504455 -0.06066733  0.2473993   0.40666633  0.29204531  0.792686
  0.80829608 -0.02809409]
DEBUG PARAMS NODE 0: [15.         15.          1.          1.         25.         25.
  0.          0.          1.24641353  0.          0.          0.
  0.30504455 -0.06066733  0.          0.          0.          0.
  0.          0.        ]

iter	qp_stat	qp_iter
0	0	0
1	0	0


PREDICTED STATES: [array([ 0.30504455, -0.06066733,  0.2473993 ]), array([ 0.32305985, -0.04384592,  0.28729275]), array([ 0.34648007, -0.03709066,  0.27383685]), array([ 0.37309235, -0.03216619,  0.25413237]), array([ 0.40274202, -0.02818915,  0.23303075]), array([ 0.43535171, -0.02495512,  0.20789489]), array([ 0.47090997, -0.02250874,  0.18007381]), array([ 0.50939502, -0.02088088,  0.15098067]), array([ 0.55077942, -0.02011827,  0.12141619]), array([ 0.59503181, -0.02033766,  0.0915345 ]), array([ 0.64211265, -0.02171012,  0.06131124]), array([ 0.69196939, -0.02446104,  0.03060999]), array([ 0.7445306 , -0.02886087, -0.00081593]), array([ 0.79970211, -0.03521059, -0.03324602]), array([ 0.85736555, -0.04382602, -0.06692959]), array([ 0.91737819, -0.05502562, -0.10205844]), array([ 0.97957323, -0.06912329, -0.13876847]), array([ 1.04375973, -0.08642427, -0.17715168]), array([ 1.109723  , -0.10722152, -0.21726417]), array([ 1.17722481, -0.13179522, -0.25914703]), array([ 1.24599885, -0.16042164, -0.30289043])]
0.04299826761468912
[ 2.909333  8.790879  0.716213  2.607116 18.843427  0.345162 34.21213 ]
[INFO] [1774442216.459868580] [mpc_node]: Logging State [ 0.36385556 -0.03978673  0.28452507  1.48724637  0.29801326  1.37301519]
REF: [[ 0.36385556  0.47624647  0.50512436  0.5535595   0.63520267  0.68074326
   0.72223806  0.7642497   0.7974203   0.84004889  0.88736415  0.90869768
   0.93260635  0.95491468  0.98294534  1.02669194  1.05374328  1.07564437
   1.09948238  1.12318099  1.14865533]
 [-0.03978673 -0.02541634 -0.02656472 -0.0270035  -0.02825956 -0.03098377
  -0.03522445 -0.04138649 -0.04585066 -0.04933581 -0.05483485 -0.05995444
  -0.06755575 -0.07327972 -0.07664783 -0.08017651 -0.0850488  -0.09112355
  -0.09916829 -0.10655326 -0.11214658]]
DEBUG STATE: [ 0.36385556 -0.03978673  0.28452507  1.48724637  0.29801326  1.37301519
  0.85996535 -0.07859159]
DEBUG PARAMS NODE 0: [15.         15.          1.          1.         25.         25.
  0.          0.          1.24641353  0.          0.          0.
  0.36385556 -0.03978673  0.          0.          0.          0.
  0.          0.        ]

iter	qp_stat	qp_iter
0	0	0
1	0	1


PREDICTED STATES: [array([ 0.36385556, -0.03978673,  0.28452507]), array([ 0.43434681, -0.01507898,  0.29089069]), array([ 0.51849412, -0.04788288, -0.00327813]), array([ 0.59471925, -0.04437744, -0.05926781]), array([ 0.66978601, -0.04080311, -0.10034653]), array([ 0.74322795, -0.03951763, -0.12240639]), array([ 0.81432167, -0.04043265, -0.14264553]), array([ 0.88258183, -0.04359407, -0.15945435]), array([ 0.94760472, -0.04893364, -0.17219794]), array([ 1.00900972, -0.05616736, -0.18052746]), array([ 1.06644153, -0.06498798, -0.1870175 ]), array([ 1.11963957, -0.07513717, -0.19244453]), array([ 1.16841333, -0.08632345, -0.19786386]), array([ 1.21263835, -0.09819679, -0.20354924]), array([ 1.25225546, -0.11033997, -0.20949713]), array([ 1.2872769 , -0.12225824, -0.21546506]), array([ 1.31779484, -0.13337296, -0.22098254]), array([ 1.34399182, -0.14302069, -0.22541615]), array([ 1.36615054, -0.15046548, -0.22808407]), array([ 1.38465911, -0.15492885, -0.22841556]), array([ 1.40001147, -0.15563007, -0.22609701])]
0.021652115522032687
[ 1.078495  2.451496  0.703188 12.284933  4.446689  0.299881 21.264682]
[INFO] [1774442216.483899198] [mpc_node]: Logging State [ 0.396173   -0.02904342  0.278767    1.43696002  0.24822377  0.63128291]
[INFO] [1774442216.485708787] [mpc_node]: Logging State [ 0.44299283 -0.01223564  0.33503093  1.53680821  0.22122181  1.23982416]
[INFO] [1774442216.496755636] [mpc_node]: Logging State [ 0.46072112 -0.00770009  0.33476319  1.18456287  0.16759201  0.66161653]
[INFO] [1774442216.498848017] [mpc_node]: Logging State [0.53422983 0.01808244 0.34219254 1.36725414 0.13494517 0.42995006]
REF: [[ 0.53422983  0.63938368  0.68484294  0.72565904  0.76793896  0.80019841
   0.8450189   0.88778795  0.90916666  0.93308175  0.9553836   0.98368214
   1.02763633  1.05419837  1.07612786  1.09998573  1.12368159  1.14923001
   1.17558337  1.19155751  1.21084388]
 [ 0.01808244 -0.02843714 -0.03132138 -0.03566018 -0.04195437 -0.04614599
  -0.04968298 -0.05491692 -0.06009144 -0.0677046  -0.07336557 -0.07670383
  -0.08029472 -0.08515658 -0.09127707 -0.09933978 -0.10668853 -0.11224081
  -0.11504539 -0.11562325 -0.11566631]]
DEBUG STATE: [ 0.53422983  0.01808244  0.34219254  1.36725414  0.13494517  0.42995006
  0.43304231 -0.23859159]
DEBUG PARAMS NODE 0: [1.50000000e+01 1.50000000e+01 1.00000000e+00 1.00000000e+00
 2.50000000e+01 2.50000000e+01 0.00000000e+00 0.00000000e+00
 1.24641353e+00 0.00000000e+00 0.00000000e+00 0.00000000e+00
 5.34229834e-01 1.80824373e-02 0.00000000e+00 0.00000000e+00
 0.00000000e+00 0.00000000e+00 0.00000000e+00 0.00000000e+00]

iter	qp_stat	qp_iter
0	0	0
1	0	11


PREDICTED STATES: [array([0.53422983, 0.01808244, 0.34219254]), array([0.59843451, 0.03687227, 0.31255652]), array([0.66416362, 0.04515126, 0.24971955]), array([0.73712406, 0.06561453, 0.23228558]), array([0.80377365, 0.07584284, 0.18515918]), array([0.86856422, 0.07735238, 0.11815513]), array([0.93167769, 0.07325614, 0.049319  ]), array([ 0.99251606,  0.0642035 , -0.01914403]), array([ 1.05029215,  0.05101465, -0.08546625]), array([ 1.10429455,  0.03448816, -0.14885179]), array([ 1.15397554,  0.01549292, -0.20853614]), array([ 1.19898756, -0.00508786, -0.26386747]), array([ 1.2392134 , -0.0264424 , -0.31453822]), array([ 1.27464731, -0.04782572, -0.36104044]), array([ 1.30538489, -0.0686218 , -0.4034489 ]), array([ 1.33155451, -0.08831764, -0.44164391]), array([ 1.35333195, -0.10644628, -0.47457   ]), array([ 1.37093473, -0.12259235, -0.49973282]), array([ 1.38433007, -0.13686457, -0.52479967]), array([ 1.39374946, -0.14875988, -0.54630908]), array([ 1.39932434, -0.15845102, -0.56502747])]
0.004137749387201301
[ 1.135009  2.576267  0.707317  6.878632  9.781436  0.321033 21.399694]
[INFO] [1774442216.523202645] [mpc_node]: Logging State [0.61950329 0.05154852 0.33802631 2.96955274 0.14510177 0.10762605]
[INFO] [1774442216.537058343] [mpc_node]: Logging State [ 0.66236903  0.06975933  0.33299523  2.47153179  0.13623176 -0.02145156]
REF: [[ 0.66236903  0.77831216  0.8102546   0.86233991  0.88945682  0.9110334
   0.93493747  0.95725019  0.98665239  1.03122602  1.05612854  1.07819836
   1.10212097  1.12581755  1.1516796   1.17747408  1.19304543  1.21363977
   1.27164     1.31486171  1.33566511]
 [ 0.06975933 -0.04348009 -0.04712103 -0.05116951 -0.05524729 -0.06064654
  -0.06827856 -0.07369419 -0.07692144 -0.08077637 -0.08562275 -0.09194236
  -0.10006343 -0.10725478 -0.11262574 -0.115149   -0.11564737 -0.11563255
  -0.11443334 -0.11616663 -0.11831154]]
DEBUG STATE: [ 0.66236903  0.06975933  0.33299523  2.47153179  0.13623176 -0.02145156
  0.08275499 -0.34      ]
DEBUG PARAMS NODE 0: [15.         15.          1.          1.         25.         25.
  0.          0.          1.24641353  0.          0.          0.
  0.66236903  0.06975933  0.          0.          0.          0.
  0.          0.        ]

iter	qp_stat	qp_iter
0	0	0
1	0	17


PREDICTED STATES: [array([0.66236903, 0.06975933, 0.33299523]), array([0.7779176 , 0.10457992, 0.28969252]), array([0.8935677 , 0.11695989, 0.1770118 ]), array([1.00709932, 0.11957413, 0.0749559 ]), array([ 1.11656595,  0.11294021, -0.03881139]), array([ 1.21809361,  0.09663716, -0.14193909]), array([ 1.31149788,  0.07141613, -0.24156176]), array([ 1.3958779 ,  0.03930863, -0.33482833]), array([ 1.4707447 ,  0.00239449, -0.42065344]), array([ 1.53597626, -0.03734824, -0.49880159]), array([ 1.59181526, -0.07808656, -0.56919495]), array([ 1.63878743, -0.11819747, -0.63192637]), array([ 1.67759355, -0.1563374 , -0.68719092]), array([ 1.70900072, -0.19148352, -0.73461136]), array([ 1.73380052, -0.22280977, -0.77519925]), array([ 1.75268274, -0.24975783, -0.80970142]), array([ 1.76624977, -0.27206593, -0.83692291]), array([ 1.77415304, -0.29026242, -0.86373096]), array([ 1.77703057, -0.30392532, -0.89088678]), array([ 1.77497843, -0.31291442, -0.91793591]), array([ 1.76849058, -0.31727509, -0.94471343])]
-0.027684390895427832
[ 1.133249  2.634893  0.721717  3.096282 13.749391  0.361003 21.696535]
[INFO] [1774442216.573178849] [mpc_node]: Logging State [ 0.70179734  0.08440546  0.32632341  2.00572292  0.1142972  -0.09762044]
REF: [[ 0.70179734  0.79718256  0.83962444  0.88730484  0.90863223  0.93253968
   0.95484921  0.98284279  1.02655891  1.05368072  1.07557806  1.0994132
   1.12311226  1.14857644  1.1750518   1.19116587  1.21014266  1.26023371
   1.32894715  1.3553248   1.38169366]
 [ 0.08440546 -0.04582484 -0.04930692 -0.05482342 -0.05993541 -0.06753483
  -0.07326763 -0.07663997 -0.08016012 -0.08503405 -0.09110255 -0.0991447
  -0.10653462 -0.11213353 -0.11501431 -0.11561619 -0.11567347 -0.11455429
  -0.1175586  -0.12010596 -0.11962792]]
DEBUG STATE: [ 0.70179734  0.08440546  0.32632341  2.00572292  0.1142972  -0.09762044
 -0.55368782 -0.34      ]
DEBUG PARAMS NODE 0: [15.         15.          1.          1.         25.         25.
  0.          0.          1.24641353  0.          0.          0.
  0.70179734  0.08440546  0.          0.          0.          0.
  0.          0.        ]

iter	qp_stat	qp_iter
0	0	0
1	0	18


PREDICTED STATES: [array([0.70179734, 0.08440546, 0.32632341]), array([0.79508814, 0.10978637, 0.28113996]), array([0.88703696, 0.11593435, 0.18265948]), array([0.97571707, 0.11294308, 0.08806209]), array([ 1.05973624,  0.10220171, -0.00287051]), array([ 1.13830148,  0.08566048, -0.08779522]), array([ 1.21074441,  0.06444256, -0.16724312]), array([ 1.27669708,  0.03977764, -0.24119144]), array([ 1.33600908,  0.01285533, -0.30946574]), array([ 1.38870465, -0.01521136, -0.37191578]), array([ 1.43494792, -0.04340845, -0.42844711]), array([ 1.47500593, -0.07083695, -0.47901607]), array([ 1.50921434, -0.09671956, -0.52365634]), array([ 1.53795066, -0.12039593, -0.56272306]), array([ 1.56157919, -0.14139066, -0.59370702]), array([ 1.58050181, -0.15919666, -0.62128572]), array([ 1.5945019 , -0.17396931, -0.64623713]), array([ 1.60330941, -0.18591456, -0.67282252]), array([ 1.60736582, -0.19470313, -0.70005093]), array([ 1.60685568, -0.20004809, -0.7275802 ]), array([ 1.60202137, -0.20176554, -0.75512798])]
-0.04326220488660603
[ 1.197858  2.511177  0.714901 10.678262 19.106156  0.405099 34.613453]
REF: [[ 0.70179734  0.79718256  0.83962444  0.88730484  0.90863223  0.93253968
   0.95484921  0.98284279  1.02655891  1.05368072  1.07557806  1.0994132
   1.12311226  1.14857644  1.1750518   1.19116587  1.21014266  1.26023371
   1.32894715  1.3553248   1.38169366]
 [ 0.08440546 -0.04582484 -0.04930692 -0.05482342 -0.05993541 -0.06753483
  -0.07326763 -0.07663997 -0.08016012 -0.08503405 -0.09110255 -0.0991447
  -0.10653462 -0.11213353 -0.11501431 -0.11561619 -0.11567347 -0.11455429
  -0.1175586  -0.12010596 -0.11962792]]
DEBUG STATE: [ 0.70179734  0.08440546  0.32632341  2.00572292  0.1142972  -0.09762044
 -0.8652441  -0.34      ]
DEBUG PARAMS NODE 0: [15.         15.          1.          1.         25.         25.
  0.          0.          1.24641353  0.          0.          0.
  0.70179734  0.08440546  0.          0.          0.          0.
  0.          0.        ]

iter	qp_stat	qp_iter
0	0	0
1	0	18


PREDICTED STATES: [array([0.70179734, 0.08440546, 0.32632341]), array([0.7946517 , 0.1096445 , 0.28119634]), array([0.88530071, 0.11685282, 0.18786619]), array([0.97200938, 0.11482957, 0.09685021]), array([1.05356488, 0.10549851, 0.01057344]), array([ 1.12912329,  0.0902321 , -0.07055366]), array([ 1.1981617 ,  0.07042333, -0.14623319]), array([ 1.2604424 ,  0.04742417, -0.21625898]), array([ 1.3159594 ,  0.02248799, -0.28050379]), array([ 1.36488328, -0.00326526, -0.33890568]), array([ 1.40750843, -0.02886577, -0.39145524]), array([ 1.44420602, -0.05349699, -0.43818591]), array([ 1.47538415, -0.07648605, -0.47934591]), array([ 1.50145926, -0.09725519, -0.51696243]), array([ 1.52276412, -0.11554516, -0.54791586]), array([ 1.53951348, -0.13120521, -0.57441588]), array([ 1.55151994, -0.1444732 , -0.6010175 ]), array([ 1.55900784, -0.15517173, -0.62827032]), array([ 1.5621867 , -0.16310266, -0.6559004 ]), array([ 1.56125891, -0.16806886, -0.68373996]), array([ 1.55641778, -0.16986988, -0.7115699 ])]
-0.056417098765712485
[ 1.149409  2.73848   0.718869  9.98557  12.512876  0.392875 27.498079]
[INFO] [1774442216.655174960] [mpc_node]: Logging State [ 0.78169888  0.10902838  0.30676497  2.29184473  0.07607041 -0.35645286]
REF: [[ 0.78169888  0.89541303  0.91785985  0.94134711  0.96424666  0.99810321
   1.0413821   1.06358388  1.08638837  1.11032177  1.13428239  1.1611746
   1.18326907  1.19873141  1.22640901  1.31092953  1.32982643  1.35639445
   1.38262648  1.40686682  1.43127236]
 [ 0.10902838 -0.05652253 -0.06278166 -0.07015029 -0.07475676 -0.07769599
  -0.0824399  -0.08755791 -0.09467241 -0.10275791 -0.10932128 -0.1138606
  -0.11540339 -0.11570364 -0.11539138 -0.11584942 -0.11765628 -0.12016339
  -0.11956456 -0.1190691  -0.12370274]]
DEBUG STATE: [ 0.78169888  0.10902838  0.30676497  2.29184473  0.07607041 -0.35645286
 -1.12834198 -0.34      ]
DEBUG PARAMS NODE 0: [15.         15.          1.          1.         25.         25.
  0.          0.          1.24641353  0.          0.          0.
  0.78169888  0.10902838  0.          0.          0.          0.
  0.          0.        ]

iter	qp_stat	qp_iter
0	0	0
1	0	18


PREDICTED STATES: [array([0.78169888, 0.10902838, 0.30676497]), array([0.88881541, 0.13470544, 0.25075899]), array([0.99234338, 0.14048107, 0.14572823]), array([1.0905041 , 0.13440891, 0.04272666]), array([ 1.18182093,  0.11932433, -0.05436913]), array([ 1.26531866,  0.0971541 , -0.14510824]), array([ 1.34048482,  0.06980562, -0.22919952]), array([ 1.40719781,  0.03907382, -0.30647459]), array([ 1.4656421 ,  0.00657012, -0.37686774]), array([ 1.51622259, -0.02631602, -0.44039704]), array([ 1.55948605, -0.05842924, -0.49714644]), array([ 1.5960541 , -0.08884125, -0.54724629]), array([ 1.62656732, -0.11683932, -0.59069412]), array([ 1.65166196, -0.14183105, -0.62934442]), array([ 1.67186247, -0.16352488, -0.66175437]), array([ 1.68752356, -0.18180681, -0.68861249]), array([ 1.69849131, -0.19696362, -0.71562315]), array([ 1.70505553, -0.2088961 , -0.7430136 ]), array([ 1.70749297, -0.21745181, -0.77077746]), array([ 1.7060654 , -0.2224772 , -0.79876252]), array([ 1.70101485, -0.22380465, -0.82674324])]
-0.07227940032094234
[ 1.389224  5.861963  0.781527  6.748676 10.337324  7.064813 32.183527]
[INFO] [1774442216.706285789] [mpc_node]: Logging State [ 0.93116997  0.14329408  0.2532641   2.44548144  0.01645859 -0.63255165]
REF: [[ 0.93116997  1.02747727  1.05412034  1.07604483  1.09989942  1.12359567
   1.14913138  1.17550386  1.19149823  1.21073683  1.26216061  1.32660702
   1.35238227  1.37911283  1.40342119  1.42778199  1.45229051  1.4767713
   1.50096602  1.52516697  1.54990015]
 [ 0.14329408 -0.08027457 -0.08513804 -0.09125066 -0.09931039 -0.10666538
  -0.11222474 -0.1150408  -0.1156222  -0.11566744 -0.11452265 -0.11730247
  -0.11991927 -0.11980119 -0.11888294 -0.12279171 -0.12927945 -0.13431004
  -0.14008607 -0.14684451 -0.15121003]]
DEBUG STATE: [ 0.93116997  0.14329408  0.2532641   2.44548144  0.01645859 -0.63255165
 -1.44558801 -0.34      ]
DEBUG PARAMS NODE 0: [15.         15.          1.          1.         25.         25.
  0.          0.          1.24641353  0.          0.          0.
  0.93116997  0.14329408  0.          0.          0.          0.
  0.          0.        ]

iter	qp_stat	qp_iter
0	0	0
1	0	18


PREDICTED STATES: [array([0.93116997, 0.14329408, 0.2532641 ]), array([1.04716267, 0.16224626, 0.18425471]), array([1.15761573, 0.16112943, 0.07275968]), array([ 1.26080581,  0.14707443, -0.03601309]), array([ 1.35538434,  0.12344838, -0.13806881]), array([ 1.44052648,  0.09267712, -0.23300199]), array([ 1.51594825,  0.05704707, -0.32058943]), array([ 1.58179902,  0.01862385, -0.40073273]), array([ 1.63854447, -0.02081008, -0.47343645]), array([ 1.68685732, -0.05977851, -0.53878787]), array([ 1.72752355, -0.09710536, -0.59693827]), array([ 1.76136764, -0.13188941, -0.64808552]), array([ 1.78919645, -0.16346834, -0.69246434]), array([ 1.81176963, -0.19135479, -0.73145322]), array([ 1.82971416, -0.21530696, -0.76420359]), array([ 1.84343347, -0.23530015, -0.79130448]), array([ 1.85278901, -0.25160422, -0.81830529]), array([ 1.85806906, -0.26418821, -0.84568102]), array([ 1.85958808, -0.27295913, -0.8734294 ]), array([ 1.85763366, -0.27780818, -0.90139918]), array([ 1.85247052, -0.27860483, -0.92936441])]
-0.08731710709354042
[ 3.092537 16.507808  1.04019   9.314351 26.728777  1.424105 58.107768]
REF: [[ 0.93116997  1.02747727  1.05412034  1.07604483  1.09989942  1.12359567
   1.14913138  1.17550386  1.19149823  1.21073683  1.26216061  1.32660702
   1.35238227  1.37911283  1.40342119  1.42778199  1.45229051  1.4767713
   1.50096602  1.52516697  1.54990015]
 [ 0.14329408 -0.08027457 -0.08513804 -0.09125066 -0.09931039 -0.10666538
  -0.11222474 -0.1150408  -0.1156222  -0.11566744 -0.11452265 -0.11730247
  -0.11991927 -0.11980119 -0.11888294 -0.12279171 -0.12927945 -0.13431004
  -0.14008607 -0.14684451 -0.15121003]]
DEBUG STATE: [ 0.93116997  0.14329408  0.2532641   2.44548144  0.01645859 -0.63255165
 -1.74634214 -0.34      ]
DEBUG PARAMS NODE 0: [15.         15.          1.          1.         25.         25.
  0.          0.          1.24641353  0.          0.          0.
  0.93116997  0.14329408  0.          0.          0.          0.
  0.          0.        ]

iter	qp_stat	qp_iter
0	0	0
1	0	18


PREDICTED STATES: [array([0.93116997, 0.14329408, 0.2532641 ]), array([1.04674522, 0.16214795, 0.18430673]), array([1.15587028, 0.16052983, 0.0736046 ]), array([ 1.25720121,  0.1463898 , -0.03361288]), array([ 1.34962302,  0.12315005, -0.13374264]), array([ 1.43252828,  0.09324879, -0.22651974]), array([ 1.50580099,  0.05891907, -0.31183328]), array([ 1.56970519,  0.02213405, -0.38967493]), array([ 1.62477198, -0.01543201, -0.46011969]), array([ 1.67169868, -0.05241034, -0.52330849]), array([ 1.71126544, -0.08772146, -0.57943207]), array([ 1.74427046, -0.12054475, -0.62871619]), array([ 1.77148285, -0.15028127, -0.67140455]), array([ 1.79360595, -0.17654007, -0.70664333]), array([ 1.81129934, -0.19899084, -0.73781923]), array([ 1.82477886, -0.21777095, -0.7645034 ]), array([ 1.83392625, -0.23314739, -0.79155318]), array([ 1.83906944, -0.24505154, -0.81899831]), array([ 1.84050803, -0.25338951, -0.84681145]), array([ 1.83851581, -0.25805159, -0.87483168]), array([ 1.83334357, -0.25890695, -0.90283866])]
-0.09866842194848481
[23.069663 20.142281  2.451528 31.558965  6.018031  0.409195 83.649663]
[INFO] [1774442216.857760399] [mpc_node]: Logging State [ 1.02029348  0.15487049  0.1712752   2.12080048 -0.02523209 -0.99511245]
REF: [[ 1.02029348  1.13425272  1.16114238  1.18325232  1.19871211  1.22635991
   1.31079703  1.32963224  1.35615984  1.38242202  1.40666518  1.43106831
   1.45558257  1.48004036  1.50419335  1.5284584   1.55321503  1.57752897
   1.6029939   1.63841995  1.72052688]
 [ 0.15487049 -0.10931454 -0.11385707 -0.11540278 -0.11570353 -0.11539252
  -0.11583929 -0.11763466 -0.1201513  -0.11957845 -0.11905459 -0.12364834
  -0.13002896 -0.13497434 -0.14100577 -0.14763312 -0.151549   -0.15280606
  -0.15260071 -0.1511721  -0.14773233]]
DEBUG STATE: [ 1.02029348  0.15487049  0.1712752   2.12080048 -0.02523209 -0.99511245
 -1.97336844 -0.34      ]
DEBUG PARAMS NODE 0: [15.         15.          1.          1.         25.         25.
  0.          0.          1.24641353  0.          0.          0.
  1.02029348  0.15487049  0.          0.          0.          0.
  0.          0.        ]

iter	qp_stat	qp_iter
0	0	0
1	0	15


PREDICTED STATES: [array([1.02029348, 0.15487049, 0.1712752 ]), array([1.12120592, 0.15944979, 0.09401711]), array([ 1.21479692,  0.14683659, -0.00538661]), array([ 1.30018925,  0.12663133, -0.09745818]), array([ 1.37716491,  0.10103722, -0.1827608 ]), array([ 1.44576587,  0.07181247, -0.26133703]), array([ 1.50628224,  0.04050421, -0.33325262]), array([ 1.55917107,  0.00841838, -0.39862155]), array([ 1.60499043, -0.02337227, -0.45759762]), array([ 1.64434706, -0.05400939, -0.51036519]), array([ 1.67785629, -0.08282458, -0.55713009]), array([ 1.70611288, -0.10931257, -0.59811137]), array([ 1.72970374, -0.13307761, -0.6334178 ]), array([ 1.74911024, -0.15385062, -0.66546967]), array([ 1.76463847, -0.17167409, -0.69120813]), array([ 1.77604896, -0.18687331, -0.71720063]), array([ 1.78351991, -0.19947965, -0.74444151]), array([ 1.78744362, -0.20930544, -0.77208418]), array([ 1.78805864, -0.21624807, -0.80004674]), array([ 1.78558817, -0.2201933 , -0.82815511]), array([ 1.78023725, -0.22101276, -0.85621624])]
-0.1026697510172246
[ 1.114688  2.666989  0.858489  3.250399  4.901838  0.325194 13.117597]
[INFO] [1774442216.873948230] [mpc_node]: Logging State [ 1.10903013  0.15641533  0.09374898  2.6558385  -0.13229496 -2.01433451]
REF: [[ 1.10903013  1.20274835  1.23735926  1.33370585  1.36089838  1.38655399
   1.41076279  1.4352074   1.45972655  1.48414751  1.50826009  1.53262035
   1.5573635   1.58164937  1.60780341  1.64721828  1.7400846   1.76541232
   1.78965504  1.81413895  1.83885409]
 [ 0.15641533 -0.11571299 -0.11511239 -0.11809173 -0.1203364  -0.11930416
  -0.11944495 -0.12477096 -0.13091932 -0.1358447  -0.14218119 -0.14854018
  -0.1519073  -0.15285536 -0.15245457 -0.15073813 -0.14768938 -0.14854981
  -0.15148902 -0.15677506 -0.1612961 ]]
DEBUG STATE: [ 1.10903013  0.15641533  0.09374898  2.6558385  -0.13229496 -2.01433451
 -2.05339502 -0.34      ]
DEBUG PARAMS NODE 0: [15.         15.          1.          1.         25.         25.
  0.          0.          1.24641353  0.          0.          0.
  1.10903013  0.15641533  0.          0.          0.          0.
  0.          0.        ]

iter	qp_stat	qp_iter
0	0	0
1	0	13


PREDICTED STATES: [array([1.10903013, 0.15641533, 0.09374898]), array([ 1.23685285,  0.14948814, -0.01801066]), array([ 1.35457683,  0.12573776, -0.1412609 ]), array([ 1.46118575,  0.09003409, -0.25732874]), array([ 1.55595952,  0.04602515, -0.3658258 ]), array([ 1.63872944, -0.00341242, -0.46631317]), array([ 1.70990327, -0.05564145, -0.55823271]), array([ 1.77023622, -0.10848746, -0.64162257]), array([ 1.82071573, -0.16019639, -0.71663083]), array([ 1.86244546, -0.20941199, -0.7834856 ]), array([ 1.89655391, -0.2551356 , -0.84241781]), array([ 1.92406742, -0.29697251, -0.88123714]), array([ 1.94627606, -0.33317743, -0.95514945]), array([ 1.96332288, -0.36541826, -0.99521108]), array([ 1.97679587, -0.39230466, -1.02270516]), array([ 1.98600912, -0.41475026, -1.0524926 ]), array([ 1.99145074, -0.43255685, -1.08088367]), array([ 1.99362239, -0.44579724, -1.10928664]), array([ 1.99286159, -0.45449162, -1.13799554]), array([ 1.98950145, -0.45861546, -1.16689742]), array([ 1.98384964, -0.45810718, -1.19578495])]
-0.1155254353367517
[ 1.135617  3.451044  0.76655   3.671243  5.028498  0.374155 14.427107]
[INFO] [1774442216.891367232] [mpc_node]: Logging State [ 1.18880558  0.15424565  0.01734926  2.14061474 -0.13543406 -1.62513464]
[INFO] [1774442216.893583329] [mpc_node]: Logging State [ 1.28847105  0.12766172 -0.13188978  1.95552706 -0.20104526 -2.00426848]
REF: [[ 1.28847105  1.37935381  1.40365607  1.42802011  1.45252908  1.47700839
   1.50119989  1.52540507  1.55014083  1.57450597  1.5995982   1.63270485
   1.70622688  1.74742929  1.77213057  1.7964115   1.82094355  1.84576503
   1.87094824  1.89556869  1.91930561]
 [ 0.12766172 -0.11978527 -0.11889165 -0.12285237 -0.12933524 -0.13435758
  -0.14015208 -0.14690345 -0.1512363  -0.15274493 -0.15268809 -0.15144245
  -0.14803788 -0.14779982 -0.14909196 -0.15281871 -0.15825194 -0.16201497
  -0.16175979 -0.15762891 -0.15544264]]
DEBUG STATE: [ 1.28847105  0.12766172 -0.13188978  1.95552706 -0.20104526 -2.00426848
 -2.31050871 -0.34      ]
DEBUG PARAMS NODE 0: [15.         15.          1.          1.         25.         25.
  0.          0.          1.24641353  0.          0.          0.
  1.28847105  0.12766172  0.          0.          0.          0.
  0.          0.        ]

iter	qp_stat	qp_iter
0	0	0
1	0	2


PREDICTED STATES: [array([ 1.28847105,  0.12766172, -0.13188978]), array([ 1.37787531,  0.09769995, -0.22762549]), array([ 1.4575346 ,  0.05400026, -0.31256065]), array([ 1.52729493,  0.01018472, -0.38411899]), array([ 1.58849935, -0.03227069, -0.44669281]), array([ 1.64201554, -0.07291084, -0.50379392]), array([ 1.68856257, -0.11143556, -0.55688739]), array([ 1.72879592, -0.14756116, -0.60622511]), array([ 1.76334612, -0.18101739, -0.65162909]), array([ 1.79281146, -0.21157968, -0.69286785]), array([ 1.81774658, -0.23908525, -0.72979482]), array([ 1.8386572 , -0.26343658, -0.76214936]), array([ 1.85592976, -0.28452273, -0.7926776 ]), array([ 1.87032911, -0.30243202, -0.81876587]), array([ 1.88186628, -0.31734785, -0.83671587]), array([ 1.88944655, -0.32973067, -0.86146488]), array([ 1.8931598 , -0.3398971 , -0.89071823]), array([ 1.89393241, -0.34758402, -0.92076371]), array([ 1.8921472 , -0.35270418, -0.95118493]), array([ 1.88805732, -0.35520064, -0.98167573]), array([ 1.88187121, -0.35499748, -1.01207444])]
-0.1168630122592683
[ 1.151585  2.695854  0.700629  3.402339 14.313184  0.36241  22.626001]
[INFO] [1774442216.924558437] [mpc_node]: Logging State [ 1.36000384  0.10295819 -0.23233137  2.20232219 -0.26839392 -2.73505917]
[INFO] [1774442216.928997574] [mpc_node]: Logging State [ 1.41916373  0.08250261 -0.30447761  2.35606333 -0.26782244 -2.88019871]
REF: [[ 1.41916373  1.52270472  1.54740428  1.57182921  1.59666328  1.62806512
   1.69425519  1.75089986  1.77541469  1.7997324   1.82428797  1.84916712
   1.87434895  1.89879146  1.92260671  1.94981311  1.9811332   2.0064799
   2.0351227   2.07946083  2.13893162]
 [ 0.08250261 -0.1462196  -0.15092164 -0.15267199 -0.15275148 -0.15165353
  -0.14844667 -0.14788283 -0.14942465 -0.15352865 -0.15892971 -0.16225846
  -0.16132667 -0.15708971 -0.15552995 -0.1585176  -0.16274631 -0.16380053
  -0.16220517 -0.15878232 -0.15552441]]
DEBUG STATE: [ 1.41916373  0.08250261 -0.30447761  2.35606333 -0.26782244 -2.88019871
 -2.33726025 -0.32160824]
DEBUG PARAMS NODE 0: [15.         15.          1.          1.         25.         25.
  0.          0.          1.24641353  0.          0.          0.
  1.41916373  0.08250261  0.          0.          0.          0.
  0.          0.        ]

iter	qp_stat	qp_iter
0	0	0
1	0	1


PREDICTED STATES: [array([ 1.41916373,  0.08250261, -0.30447761]), array([ 1.52170513,  0.02999159, -0.4045586 ]), array([ 1.61769871, -0.01969412, -0.45742576]), array([ 1.70614392, -0.06626689, -0.48239344]), array([ 1.78667562, -0.11036287, -0.49868555]), array([ 1.85878432, -0.15273846, -0.51616407]), array([ 1.92225554, -0.19360821, -0.53804015]), array([ 1.97719171, -0.23279698, -0.56442321]), array([ 2.02398744, -0.26991704, -0.59390305]), array([ 2.06325278, -0.30452163, -0.6244566 ]), array([ 2.09582066, -0.33607636, -0.65616563]), array([ 2.12243018, -0.36428444, -0.68863451]), array([ 2.14395589, -0.38897882, -0.71261495]), array([ 2.1614884 , -0.40987764, -0.73430532]), array([ 2.17429569, -0.42782948, -0.75979991]), array([ 2.18295956, -0.44283769, -0.78656621]), array([ 2.18815201, -0.45498157, -0.81387855]), array([ 2.19027709, -0.46421039, -0.84125184]), array([ 2.18960684, -0.47050261, -0.86879545]), array([ 2.18640046, -0.47383409, -0.89641838]), array([ 2.18088091, -0.4741469 , -0.92398751])]
-0.12490860809706766
[ 1.200035  9.50306   0.816184  3.209373  5.046995  0.35553  20.131177]
REF: [[ 1.41916373  1.52270472  1.54740428  1.57182921  1.59666328  1.62806512
   1.69425519  1.75089986  1.77541469  1.7997324   1.82428797  1.84916712
   1.87434895  1.89879146  1.92260671  1.94981311  1.9811332   2.0064799
   2.0351227   2.07946083  2.13893162]
 [ 0.08250261 -0.1462196  -0.15092164 -0.15267199 -0.15275148 -0.15165353
  -0.14844667 -0.14788283 -0.14942465 -0.15352865 -0.15892971 -0.16225846
  -0.16132667 -0.15708971 -0.15552995 -0.1585176  -0.16274631 -0.16380053
  -0.16220517 -0.15878232 -0.15552441]]
DEBUG STATE: [ 1.41916373  0.08250261 -0.30447761  2.35606333 -0.26782244 -2.88019871
 -2.49817216 -0.17861429]
DEBUG PARAMS NODE 0: [15.         15.          1.          1.         25.         25.
  0.          0.          1.24641353  0.          0.          0.
  1.41916373  0.08250261  0.          0.          0.          0.
  0.          0.        ]

iter	qp_stat	qp_iter
0	0	0
1	0	5


PREDICTED STATES: [array([ 1.41916373,  0.08250261, -0.30447761]), array([ 1.52487897,  0.03697223, -0.3595351 ]), array([ 1.62477483, -0.00275605, -0.36801025]), array([ 1.71669207, -0.03931965, -0.37413242]), array([ 1.80019912, -0.07387769, -0.38429672]), array([ 1.87481907, -0.10767029, -0.40340327]), array([ 1.94026198, -0.14139101, -0.43245057]), array([ 1.99657947, -0.1750432 , -0.46964946]), array([ 2.04419414, -0.20811442, -0.51184934]), array([ 2.08385023, -0.23985206, -0.55564874]), array([ 2.11644277, -0.26948637, -0.5981787 ]), array([ 2.14299158, -0.29632139, -0.63790701]), array([ 2.1644366 , -0.31996495, -0.6731223 ]), array([ 2.18158514, -0.3401888 , -0.70385388]), array([ 2.19450678, -0.35744774, -0.73059481]), array([ 2.20351655, -0.37189651, -0.75756984]), array([ 2.20902471, -0.38355968, -0.78476045]), array([ 2.21137255, -0.3924358 , -0.8121716 ]), array([ 2.21085226, -0.39852622, -0.83981239]), array([ 2.20772178, -0.4018012 , -0.86754745]), array([ 2.20219863, -0.40219647, -0.89521058])]
-0.13117580011182084
[ 1.334983  3.224382  0.746741  3.110907 13.171679  0.425996 22.014688]
[INFO] [1774442217.004247601] [mpc_node]: Logging State [ 1.43025403  0.05767066 -0.33006317  1.61480931 -0.27911286 -1.73449074]
[INFO] [1774442217.014634174] [mpc_node]: Logging State [ 1.50815102  0.01148262 -0.41623521  2.08085747 -0.34462608 -2.24382948]
REF: [[ 1.50815102  1.59325486  1.6229937   1.68126363  1.75845031  1.78274232
   1.80715532  1.83178039  1.85679631  1.88189708  1.90594268  1.93023005
   1.95913184  1.98947885  2.01407045  2.04651734  2.09564926  2.16299531
   2.25628582  2.28374843  2.30484578]
 [ 0.01148262 -0.15280934 -0.1518742  -0.14901231 -0.14815594 -0.1503518
  -0.1551913  -0.16027872 -0.16251228 -0.16011985 -0.1560996  -0.15602718
  -0.15991679 -0.16342979 -0.16357101 -0.16129857 -0.15775357 -0.15440299
  -0.1481702  -0.144541   -0.14055454]]
DEBUG STATE: [ 1.50815102  0.01148262 -0.41623521  2.08085747 -0.34462608 -2.24382948
 -2.623516   -0.02969272]
DEBUG PARAMS NODE 0: [1.50000000e+01 1.50000000e+01 1.00000000e+00 1.00000000e+00
 2.50000000e+01 2.50000000e+01 0.00000000e+00 0.00000000e+00
 1.24641353e+00 0.00000000e+00 0.00000000e+00 0.00000000e+00
 1.50815102e+00 1.14826152e-02 0.00000000e+00 0.00000000e+00
 0.00000000e+00 0.00000000e+00 0.00000000e+00 0.00000000e+00]

iter	qp_stat	qp_iter
0	0	0
1	0	2


PREDICTED STATES: [array([ 1.50815102,  0.01148262, -0.41623521]), array([ 1.5961559 , -0.03675113, -0.44420026]), array([ 1.6812672 , -0.07007298, -0.40357849]), array([ 1.76041602, -0.09676026, -0.36949595]), array([ 1.83278648, -0.11967929, -0.3472605 ]), array([ 1.89817516, -0.14043093, -0.33706533]), array([ 1.95667165, -0.15990609, -0.3371018 ]), array([ 2.00856561, -0.17844884, -0.34462604]), array([ 2.0542523 , -0.19606894, -0.35683042]), array([ 2.09415943, -0.21260797, -0.37130071]), array([ 2.12870812, -0.22784273, -0.38557076]), array([ 2.1583006 , -0.24155655, -0.39699999]), array([ 2.18329983, -0.25353148, -0.41101924]), array([ 2.2038832 , -0.26388606, -0.42214297]), array([ 2.21989488, -0.27315265, -0.43726192]), array([ 2.23207917, -0.28110088, -0.45236893]), array([ 2.24069033, -0.28770557, -0.4676159 ]), array([ 2.24592772, -0.29294357, -0.48300399]), array([ 2.24797116, -0.29678738, -0.49846616]), array([ 2.24695385, -0.29918498, -0.51393224]), array([ 2.24296214, -0.30006343, -0.52933021])]
-0.13052861128124585
[ 1.204163  3.178396  0.738582  2.805905 20.430674  3.850928 32.208648]
[INFO] [1774442217.054451780] [mpc_node]: Logging State [ 1.55424417 -0.02507135 -0.47987512  1.89372858 -0.35670524 -2.01131999]
REF: [[ 1.55424417  1.62614295  1.68929503  1.75372348  1.77812876  1.80248129
   1.8270592   1.85198833  1.8771532   1.90144377  1.92538261  1.95321471
   1.98437245  2.00926234  2.03920633  2.08546818  2.14756007  2.24148631
   2.27762377  2.29776759  2.32914698]
 [-0.02507135 -0.15173848 -0.14865019 -0.14796877 -0.14973687 -0.15413548
  -0.15945851 -0.16240101 -0.1609115  -0.15668381 -0.15566671 -0.15902984
  -0.1630459  -0.16373948 -0.16188253 -0.15838175 -0.15512023 -0.14961439
  -0.14548716 -0.14200906 -0.13514006]]
DEBUG STATE: [ 1.55424417 -0.02507135 -0.47987512  1.89372858 -0.35670524 -2.01131999
 -2.61057223  0.13030728]
DEBUG PARAMS NODE 0: [15.         15.          1.          1.         25.         25.
  0.          0.          1.24641353  0.          0.          0.
  1.55424417 -0.02507135  0.          0.          0.          0.
  0.          0.        ]

iter	qp_stat	qp_iter
0	0	0
1	0	1


PREDICTED STATES: [array([ 1.55424417, -0.02507135, -0.47987512]), array([ 1.63010084, -0.07339014, -0.50394208]), array([ 1.70439407, -0.10412948, -0.4533429 ]), array([ 1.77325086, -0.12820154, -0.40801583]), array([ 1.83630287, -0.14735102, -0.36846878]), array([ 1.89371682, -0.16234172, -0.33340574]), array([ 1.94579274, -0.17387158, -0.30205966]), array([ 1.99286228, -0.18258677, -0.27397026]), array([ 2.03521583, -0.18906341, -0.2493649 ]), array([ 2.07304076, -0.1938093 , -0.22846048]), array([ 2.10642245, -0.1973364 , -0.21104121]), array([ 2.13535554, -0.19984798, -0.19168323]), array([ 2.16013104, -0.20160845, -0.17648943]), array([ 2.18110605, -0.2027179 , -0.16334662]), array([ 2.19847228, -0.20314004, -0.15033458]), array([ 2.21241204, -0.20296558, -0.13724972]), array([ 2.22306246, -0.20229946, -0.12401815]), array([ 2.23054031, -0.20123519, -0.1106469 ]), array([ 2.23491601, -0.1998508 , -0.09718193]), array([ 2.23621613, -0.19821471, -0.08368706]), array([ 2.23442363, -0.19638783, -0.07023071])]
-0.1262478307271799
[ 1.601646  6.09413   0.714804 21.048548 13.592075  0.673268 43.724471]
REF: [[ 1.55424417  1.62614295  1.68929503  1.75372348  1.77812876  1.80248129
   1.8270592   1.85198833  1.8771532   1.90144377  1.92538261  1.95321471
   1.98437245  2.00926234  2.03920633  2.08546818  2.14756007  2.24148631
   2.27762377  2.29776759  2.32914698]
 [-0.02507135 -0.15173848 -0.14865019 -0.14796877 -0.14973687 -0.15413548
  -0.15945851 -0.16240101 -0.1609115  -0.15668381 -0.15566671 -0.15902984
  -0.1630459  -0.16373948 -0.16188253 -0.15838175 -0.15512023 -0.14961439
  -0.14548716 -0.14200906 -0.13514006]]
DEBUG STATE: [ 1.55424417 -0.02507135 -0.47987512  1.89372858 -0.35670524 -2.01131999
 -2.52495661  0.21000205]
DEBUG PARAMS NODE 0: [15.         15.          1.          1.         25.         25.
  0.          0.          1.24641353  0.          0.          0.
  1.55424417 -0.02507135  0.          0.          0.          0.
  0.          0.        ]

iter	qp_stat	qp_iter
0	0	0
1	0	1


PREDICTED STATES: [array([ 1.55424417, -0.02507135, -0.47987512]), array([ 1.62972419, -0.07325254, -0.50429849]), array([ 1.70383013, -0.10271541, -0.45141992]), array([ 1.77256234, -0.12589501, -0.40568168]), array([ 1.83557497, -0.14427866, -0.36508217]), array([ 1.89298483, -0.15825258, -0.32672135]), array([ 1.94493675, -0.16831445, -0.28953924]), array([ 1.99160288, -0.17505285, -0.253566  ]), array([ 2.03317977, -0.17909393, -0.21962439]), array([ 2.06991711, -0.18108349, -0.18859559]), array([ 2.10204562, -0.18161873, -0.1606435 ]), array([ 2.12980364, -0.18119395, -0.13504822]), array([ 2.15341613, -0.17994794, -0.11056715]), array([ 2.17310752, -0.17773959, -0.08594821]), array([ 2.18908198, -0.17477576, -0.06119387]), array([ 2.20151378, -0.17126398, -0.03623326]), array([ 2.21055135, -0.16737213, -0.01100491]), array([ 2.21631581, -0.1632584 ,  0.01446001]), array([ 2.21890219, -0.15907681,  0.04007002]), array([ 2.21837939, -0.15497824,  0.06570993]), array([ 2.21479033, -0.15111154,  0.09125753])]
-0.12196590286061573
[ 1.102912 19.567001  2.272994 13.995862 25.076025  0.366475 62.381269]
[INFO] [1774442217.170450895] [mpc_node]: Logging State [ 1.5875891  -0.04986728 -0.5270174   1.61915692 -0.32164065 -1.67960619]
REF: [[ 1.5875891   1.69707165  1.74954695  1.77412723  1.7984296   1.82297563
   1.84783178  1.87301658  1.89753028  1.92130599  1.94822207  1.97954074
   2.0051719   2.03324937  2.07662499  2.13500974  2.22477587  2.27088447
   2.29190463  2.31755341  2.37449622]
 [-0.04986728 -0.14833928 -0.1478477  -0.14928853 -0.15324667 -0.15866849
  -0.16217202 -0.16150642 -0.15729547 -0.15548532 -0.15828025 -0.16258466
  -0.16381904 -0.16235109 -0.15897995 -0.15571024 -0.15096135 -0.14642925
  -0.14313138 -0.13776193 -0.1258501 ]]
DEBUG STATE: [ 1.5875891  -0.04986728 -0.5270174   1.61915692 -0.32164065 -1.67960619
 -2.43931806  0.24387498]
DEBUG PARAMS NODE 0: [15.         15.          1.          1.         25.         25.
  0.          0.          1.24641353  0.          0.          0.
  1.5875891  -0.04986728  0.          0.          0.          0.
  0.          0.        ]

iter	qp_stat	qp_iter
0	0	0
1	0	4


PREDICTED STATES: [array([ 1.5875891 , -0.04986728, -0.5270174 ]), array([ 1.64999618, -0.09276512, -0.54284386]), array([ 1.71143583, -0.11961608, -0.49443286]), array([ 1.76849271, -0.13965594, -0.44285905]), array([ 1.8210418 , -0.15383957, -0.39035955]), array([ 1.86899566, -0.16332231, -0.33961891]), array([ 1.91235167, -0.16920396, -0.2923145 ]), array([ 1.9512084 , -0.17244994, -0.24938453]), array([ 1.98576623, -0.17386103, -0.21252992]), array([ 2.01624249, -0.17407179, -0.18113034]), array([ 2.042878  , -0.1735088 , -0.15359573]), array([ 2.06592042, -0.17249912, -0.12816598]), array([ 2.08555105, -0.17042185, -0.10269372]), array([ 2.10193291, -0.16757615, -0.07726867]), array([ 2.11518521, -0.16417501, -0.05193076]), array([ 2.12540172, -0.16034919, -0.02643247]), array([ 2.13266175e+00, -1.56235240e-01, -6.97712838e-04]), array([ 2.13703081, -0.15197515,  0.02523409]), array([ 2.13856166, -0.14771141,  0.05127602]), array([ 2.13729571, -0.14358563,  0.07732466]), array([ 2.13326443, -0.13973817,  0.10327097])]
-0.11342840819911304
[ 6.657025 19.35317   0.979773 13.977494 25.367297  0.395628 66.730387]
[INFO] [1774442217.251370142] [mpc_node]: Logging State [ 1.64704964 -0.08604296 -0.58561429  1.86706074 -0.2663522  -1.80308721]
REF: [[ 1.64704964  1.75174108  1.77621959  1.80054734  1.82510918  1.85000295
   1.87518128  1.89957879  1.92342485  1.95081525  1.98211175  2.00730202
   2.03631599  2.08124257  2.14144632  2.23375266  2.27438914  2.29473148
   2.32292184  2.38588618  2.43034088]
 [-0.08604296 -0.14790659 -0.14951361 -0.15370702 -0.15908977 -0.16230644
  -0.16120839 -0.15696519 -0.15556452 -0.15866809 -0.16284106 -0.1637855
  -0.16211135 -0.15866097 -0.15540605 -0.15027114 -0.14595157 -0.1426008
  -0.13654776 -0.12386855 -0.11734583]]
DEBUG STATE: [ 1.64704964 -0.08604296 -0.58561429  1.86706074 -0.2663522  -1.80308721
 -2.26856816  0.21602363]
DEBUG PARAMS NODE 0: [15.         15.          1.          1.         25.         25.
  0.          0.          1.24641353  0.          0.          0.
  1.64704964 -0.08604296  0.          0.          0.          0.
  0.          0.        ]

iter	qp_stat	qp_iter
0	0	0
1	0	12


PREDICTED STATES: [array([ 1.64704964, -0.08604296, -0.58561429]), array([ 1.71818189, -0.1378068 , -0.59138668]), array([ 1.79079437, -0.16834656, -0.51483017]), array([ 1.8594553 , -0.19040257, -0.44169444]), array([ 1.92330491, -0.20596726, -0.37400301]), array([ 1.98199793, -0.21622846, -0.31177178]), array([ 2.03537377, -0.22228962, -0.25468882]), array([ 2.08343985, -0.22511866, -0.203386  ]), array([ 2.12632213, -0.22556072, -0.15891735]), array([ 2.16420015, -0.22440704, -0.12117102]), array([ 2.1972979 , -0.2222842 , -0.08875822]), array([ 2.22590938, -0.22023731, -0.06184737]), array([ 2.25017723, -0.21680694, -0.03251878]), array([ 2.27038919, -0.21268709, -0.00516802]), array([ 2.28673549, -0.20809404,  0.02199141]), array([ 2.29937065, -0.2031717 ,  0.04935278]), array([ 2.3084348 , -0.19809179,  0.07701675]), array([ 2.3140509 , -0.19302883,  0.10495279]), array([ 2.31632276, -0.18815717,  0.13306078]), array([ 2.31533417, -0.18364986,  0.16121264]), array([ 2.31114871, -0.17967856,  0.18927144])]
-0.11145875215540312
[ 4.039413 14.359778  0.826168  2.777777 18.947366  0.356203 41.306705]
[INFO] [1774442217.298760223] [mpc_node]: Logging State [ 1.67958508 -0.11293684 -0.62430196  1.83055499 -0.25033648 -1.72139873]
REF: [[ 1.67958508  1.7919162   1.81641735  1.84116627  1.86632047  1.89114952
   1.91488925  1.9404711   1.97119636  1.99872978  2.02455909  2.06304974
   2.11716731  2.19723841  2.26494161  2.28801375  2.31097458  2.35935738
   2.41757701  2.45880078  2.48540562]
 [-0.11293684 -0.15191362 -0.15728086 -0.16156858 -0.1621961  -0.15842284
  -0.15546927 -0.15718216 -0.16160613 -0.16380429 -0.16298473 -0.15998884
  -0.1565841  -0.15270144 -0.14718328 -0.14382633 -0.13922904 -0.12871933
  -0.11904161 -0.11428292 -0.11231511]]
DEBUG STATE: [ 1.67958508 -0.11293684 -0.62430196  1.83055499 -0.25033648 -1.72139873
 -2.22917504  0.33699764]
DEBUG PARAMS NODE 0: [15.         15.          1.          1.         25.         25.
  0.          0.          1.24641353  0.          0.          0.
  1.67958508 -0.11293684  0.          0.          0.          0.
  0.          0.        ]

iter	qp_stat	qp_iter
0	0	0
1	0	14


PREDICTED STATES: [array([ 1.67958508, -0.11293684, -0.62430196]), array([ 1.74696478, -0.16566009, -0.62928248]), array([ 1.815612  , -0.19823593, -0.55428454]), array([ 1.88109161, -0.22184421, -0.48086646]), array([ 1.94233203, -0.23904676, -0.41374139]), array([ 1.99898551, -0.25100907, -0.35261732]), array([ 2.05088392, -0.2587652 , -0.29720149]), array([ 2.09799246, -0.26322423, -0.24722714]), array([ 2.14037321, -0.26516314, -0.20275606]), array([ 2.17814741, -0.26525142, -0.16369821]), array([ 2.21147711, -0.26405998, -0.12974946]), array([ 2.24054293, -0.26205589, -0.09986883]), array([ 2.26554063, -0.25951679, -0.07258392]), array([ 2.28660042, -0.2561945 , -0.04576181]), array([ 2.30383687, -0.25218218, -0.0187172 ]), array([ 2.3173606 , -0.2476916 ,  0.00860732]), array([ 2.32726186, -0.24291846,  0.03624566]), array([ 2.33361638, -0.23805069,  0.06417813]), array([ 2.33648901, -0.23327546,  0.09230928]), array([ 2.33593464, -0.22877981,  0.12050405]), array([ 2.33199866, -0.22474975,  0.14861382])]
-0.10738344911053102
[ 1.22842   8.849569  0.698804  9.124842 20.425457  0.772407 41.099499]
[INFO] [1774442217.356474701] [mpc_node]: Logging State [ 1.7177972  -0.14540133 -0.65613828  1.68311869 -0.22300825 -1.34261951]
REF: [[ 1.7177972   1.82619819  1.8511116   1.87628332  1.90062101  1.92451541
   1.95215187  1.98338581  2.00839572  2.03792109  2.08360514  2.14483982
   2.23815327  2.27622003  2.29639582  2.32628136  2.39228666  2.4361831
   2.4689485   2.49785857  2.53698939]
 [-0.14540133 -0.15929773 -0.16236264 -0.16104522 -0.15680547 -0.15561814
  -0.15886949 -0.16295897 -0.16376155 -0.16198449 -0.15850341 -0.15524712
  -0.14990496 -0.14569157 -0.14227908 -0.1357868  -0.12281753 -0.11662716
  -0.11347683 -0.1113865  -0.10710664]]
DEBUG STATE: [ 1.7177972  -0.14540133 -0.65613828  1.68311869 -0.22300825 -1.34261951
 -2.14766898  0.34      ]
DEBUG PARAMS NODE 0: [15.         15.          1.          1.         25.         25.
  0.          0.          1.24641353  0.          0.          0.
  1.7177972  -0.14540133  0.          0.          0.          0.
  0.          0.        ]

iter	qp_stat	qp_iter
0	0	0
1	0	15


PREDICTED STATES: [array([ 1.7177972 , -0.14540133, -0.65613828]), array([ 1.77890415, -0.19427155, -0.65188513]), array([ 1.84139326, -0.22486483, -0.58014251]), array([ 1.90078496, -0.24819239, -0.51280986]), array([ 1.95641665, -0.26594577, -0.45118123]), array([ 2.00807291, -0.2790892 , -0.39492459]), array([ 2.05565399, -0.28846978, -0.34373869]), array([ 2.09914182, -0.29482415, -0.29735067]), array([ 2.13857431, -0.29878761, -0.25558324]), array([ 2.17403756, -0.30089876, -0.21924665]), array([ 2.20561661, -0.30165575, -0.18727843]), array([ 2.23341634, -0.30144681, -0.15845105]), array([ 2.25754394, -0.30041674, -0.13155173]), array([ 2.27806609, -0.298298  , -0.10464232]), array([ 2.29504891, -0.2952902 , -0.07750038]), array([ 2.30852949, -0.29159037, -0.05002531]), array([ 2.31853484, -0.28739382, -0.02221723]), array([ 2.32508509, -0.28288958,  0.00588749]), array([ 2.32819772, -0.27826698,  0.03419071]), array([ 2.32788992, -0.27371647,  0.06255753]), array([ 2.32417995, -0.26942806,  0.09083917])]
-0.10097975797627448
[ 1.142466 19.201518  0.791223  3.464644 11.734773  0.348042 36.682666]
[INFO] [1774442217.399005953] [mpc_node]: Logging State [ 1.75462372 -0.1850847  -0.69477833  1.6404568  -0.23100218 -1.24501847]
REF: [[ 1.75462372  1.86637025  1.89119734  1.91493644  1.94052719  1.97125973
   1.99877721  2.02461935  2.06314525  2.11728986  2.19743401  2.26495451
   2.28802116  2.31098618  2.35938466  2.41758239  2.45880439  2.48540949
   2.52113667  2.55532352  2.58242   ]
 [-0.1850847  -0.16219243 -0.15841403 -0.15546805 -0.15718959 -0.16161428
  -0.16380509 -0.16298069 -0.15998146 -0.15657789 -0.15269063 -0.14718171
  -0.14382504 -0.13922648 -0.12871393 -0.11904086 -0.11428261 -0.11231484
  -0.10912556 -0.10424658 -0.09922705]]
DEBUG STATE: [ 1.75462372 -0.1850847  -0.69477833  1.6404568  -0.23100218 -1.24501847
 -2.01959516  0.34      ]
DEBUG PARAMS NODE 0: [15.         15.          1.          1.         25.         25.
  0.          0.          1.24641353  0.          0.          0.
  1.75462372 -0.1850847   0.          0.          0.          0.
  0.          0.        ]

iter	qp_stat	qp_iter
0	0	0
1	0	14


PREDICTED STATES: [array([ 1.75462372, -0.1850847 , -0.69477833]), array([ 1.81228071, -0.2350791 , -0.69047681]), array([ 1.87227089, -0.26740325, -0.62066235]), array([ 1.92971726, -0.29261423, -0.55451753]), array([ 1.98393156, -0.31231585, -0.493679  ]), array([ 2.03466472, -0.32739419, -0.43784166]), array([ 2.08176988, -0.33863342, -0.38673758]), array([ 2.12517273, -0.34672326, -0.34013583]), array([ 2.16484784, -0.35226626, -0.29776551]), array([ 2.20081764, -0.35578384, -0.26039855]), array([ 2.23310893, -0.35775111, -0.22757285]), array([ 2.26176238, -0.35857108, -0.19805153]), array([ 2.28684741, -0.35850796, -0.17088617]), array([ 2.3084015 , -0.3572766 , -0.14401687]), array([ 2.32644406, -0.35500465, -0.11695616]), array([ 2.34097549, -0.35188602, -0.08959388]), array([ 2.35198735, -0.34811543, -0.06190715]), array([ 2.35946848, -0.34388226, -0.03390793]), array([ 2.36341005, -0.33937837, -0.00568387]), array([ 2.36380825, -0.33479915,  0.02262978]), array([ 2.36066574, -0.33034143,  0.05087924])]
-0.09443486060360053
[ 3.003479  3.924466  4.540836  4.266268 13.680846  0.353546 29.769441]
[INFO] [1774442217.431931838] [mpc_node]: Logging State [ 1.75786112 -0.20836367 -0.71926246  1.25817559 -0.28906037 -1.04220838]
REF: [[ 1.75786112  1.84724719  1.87243229  1.89697671  1.92073874  1.94752946
   1.97883326  2.00460154  2.03244277  2.07539094  2.13333118  2.222321
   2.27001323  2.29126852  2.31641051  2.37193389  2.42099991  2.46097039
   2.48781654  2.52445742  2.55729912]
 [-0.20836367 -0.16213043 -0.16158128 -0.15738803 -0.15546996 -0.15817773
  -0.16251    -0.16382496 -0.16241323 -0.1590676  -0.15579031 -0.1511379
  -0.14654407 -0.14324787 -0.13801904 -0.12631685 -0.11857173 -0.11409971
  -0.11214415 -0.10873656 -0.10390785]]
DEBUG STATE: [ 1.75786112 -0.20836367 -0.71926246  1.25817559 -0.28906037 -1.04220838
 -1.88869721  0.34      ]
DEBUG PARAMS NODE 0: [15.         15.          1.          1.         25.         25.
  0.          0.          1.24641353  0.          0.          0.
  1.75786112 -0.20836367  0.          0.          0.          0.
  0.          0.        ]

iter	qp_stat	qp_iter
0	0	0
1	0	16


PREDICTED STATES: [array([ 1.75786112, -0.20836367, -0.71926246]), array([ 1.79910056, -0.24849497, -0.72305883]), array([ 1.84243526, -0.27406879, -0.66994635]), array([ 1.88316192, -0.29557303, -0.62139304]), array([ 1.92136646, -0.31381126, -0.57687852]), array([ 1.95725372, -0.32930669, -0.53589179]), array([ 1.99102152, -0.3424608 , -0.49799865]), array([ 2.02284589, -0.35358127, -0.46283476]), array([ 2.05288239, -0.3629017 , -0.43065096]), array([ 2.08120293, -0.37065139, -0.39824805]), array([ 2.10799562, -0.37686812, -0.3709668 ]), array([ 2.1332684 , -0.38179093, -0.34399591]), array([ 2.15710283, -0.38536952, -0.31751348]), array([ 2.17959546, -0.38745653, -0.29066726]), array([ 2.20077922, -0.38823803, -0.26377323]), array([ 2.2206501 , -0.38779991, -0.23682891]), array([ 2.23918602, -0.38622814, -0.20976746]), array([ 2.25635133, -0.3835882 , -0.18234522]), array([ 2.27210478, -0.37994137, -0.15437291]), array([ 2.28640469, -0.37535701, -0.12578872]), array([ 2.29921163, -0.36991519, -0.09660885])]
-0.08247724326189657
[ 1.388552  8.215375  0.691508  5.488831  9.811101  0.345707 25.941074]
[INFO] [1774442217.465238725] [mpc_node]: Logging State [ 1.7787954  -0.24741851 -0.72229047  1.38867763 -0.35319613 -0.6142033 ]
REF: [[ 1.7787954   1.89589857  1.91964016  1.94619099  1.97744287  2.00349758
   2.03090032  2.0730121   2.1301372   2.21754422  2.26846734  2.29019902
   2.31454765  2.36768388  2.41948286  2.46003881  2.48676141  2.5230121
   2.55644234  2.58380036  2.63358942]
 [-0.24741851 -0.15757182 -0.15544752 -0.15798144 -0.16235841 -0.16383262
  -0.16253062 -0.15923915 -0.15594369 -0.15146776 -0.1467441  -0.1434412
  -0.13843639 -0.12710841 -0.11877873 -0.11417753 -0.1122193  -0.10890802
  -0.10405539 -0.09895474 -0.0884675 ]]
DEBUG STATE: [ 1.7787954  -0.24741851 -0.72229047  1.38867763 -0.35319613 -0.6142033
 -1.64954487  0.34      ]
DEBUG PARAMS NODE 0: [15.         15.          1.          1.         25.         25.
  0.          0.          1.24641353  0.          0.          0.
  1.7787954  -0.24741851  0.          0.          0.          0.
  0.          0.        ]

iter	qp_stat	qp_iter
0	0	0
1	0	19


PREDICTED STATES: [array([ 1.7787954 , -0.24741851, -0.72229047]), array([ 1.8240187 , -0.29342353, -0.72565657]), array([ 1.873219  , -0.32269764, -0.66870384]), array([ 1.92059309, -0.346421  , -0.61282485]), array([ 1.96565351, -0.36600731, -0.56241259]), array([ 2.00986895, -0.38010941, -0.57094262]), array([ 2.04928628, -0.3953    , -0.51280509]), array([ 2.08641368, -0.40760106, -0.45849128]), array([ 2.12072317, -0.41767689, -0.376351  ]), array([ 2.1537288 , -0.42396512, -0.34386581]), array([ 2.18424484, -0.42871818, -0.30953244]), array([ 2.21239782, -0.43229125, -0.28107301]), array([ 2.23817696, -0.43476057, -0.25425743]), array([ 2.26165143, -0.4359058 , -0.22744565]), array([ 2.28283674, -0.43585328, -0.20055355]), array([ 2.3017291 , -0.43473026, -0.17351321]), array([ 2.31831301, -0.43265056, -0.1461852 ]), array([ 2.3325635 , -0.42971689, -0.11830314]), array([ 2.34445076, -0.42603964, -0.08958058]), array([ 2.35394634, -0.42174362, -0.05981643]), array([ 2.36102639, -0.41696235, -0.02893323])]
-0.07578575458006215
[ 1.103808  6.227285  0.688756  2.974519 15.489954  0.344138 26.82846 ]
[INFO] [1774442217.497474382] [mpc_node]: Logging State [ 1.82486696 -0.28374988 -0.70640952  1.61094469 -0.26061657 -0.0772985 ]
[INFO] [1774442217.501165882] [mpc_node]: Logging State [ 1.86872203 -0.30474957 -0.69954156  1.49407508 -0.14018687  0.04551308]
REF: [[ 1.86872203  1.94264423  1.97362299  2.00055503  2.02692095  2.06678518
   2.1219765   2.20487882  2.26565327  2.28842881  2.31162963  2.36089536
   2.41788096  2.45900369  2.48562407  2.52143596  2.55550294  2.58263845
   2.63075198  2.72218488  2.74626828]
 [-0.30474957 -0.15747673 -0.16191118 -0.16382736 -0.16282198 -0.15970255
  -0.15634287 -0.15226535 -0.14709648 -0.14375419 -0.13908463 -0.128416
  -0.11899948 -0.11426549 -0.11229972 -0.10909122 -0.10421603 -0.09918403
  -0.08908956 -0.07779802 -0.07768262]]
DEBUG STATE: [ 1.86872203 -0.30474957 -0.69954156  1.49407508 -0.14018687  0.04551308
 -1.51571509  0.31542823]
DEBUG PARAMS NODE 0: [15.         15.          1.          1.         25.         25.
  0.          0.          1.24641353  0.          0.          0.
  1.86872203 -0.30474957  0.          0.          0.          0.
  0.          0.        ]

iter	qp_stat	qp_iter
0	0	0
1	0	18


PREDICTED STATES: [array([ 1.86872203, -0.30474957, -0.69954156]), array([ 1.9251639 , -0.34616675, -0.66251075]), array([ 1.98304296, -0.3751242 , -0.59456659]), array([ 2.03874104, -0.39847437, -0.53102431]), array([ 2.0918932 , -0.41702667, -0.47175587]), array([ 2.1422102 , -0.43145718, -0.41670676]), array([ 2.18960679, -0.44278829, -0.36585547]), array([ 2.23388202, -0.45096795, -0.31873337]), array([ 2.27484616, -0.45655515, -0.27489803]), array([ 2.31235042, -0.45984533, -0.2341136 ]), array([ 2.34656052, -0.46143051, -0.19983484]), array([ 2.37736966, -0.4617998 , -0.16561834]), array([ 2.40489231, -0.46118588, -0.13658534]), array([ 2.42910183, -0.45965497, -0.10982931]), array([ 2.45000591, -0.45705144, -0.08292895]), array([ 2.46760954, -0.45354926, -0.05582606]), array([ 2.48190164, -0.44932182, -0.02838212]), array([ 2.49286538e+00, -4.44543199e-01, -4.89829136e-04]), array([ 2.50048508, -0.43939314,  0.02787173]), array([ 2.50475094, -0.43405615,  0.0566643 ]), array([ 2.50566222, -0.4287255 ,  0.08575057])]
-0.07299118199826893
[ 1.176642  8.781503  0.769975  4.05375   5.754855  0.325289 20.862014]
[INFO] [1774442217.525025871] [mpc_node]: Logging State [ 1.90501771 -0.33080892 -0.68149836  1.42777424 -0.09198921  0.27006349]
[INFO] [1774442217.526824579] [mpc_node]: Logging State [ 1.94030061 -0.34745177 -0.6220194   1.39550493 -0.00790765  1.11797271]
[INFO] [1774442217.528448018] [mpc_node]: Logging State [ 1.97252231 -0.37327326 -0.59111812  1.47170374 -0.02356837  1.15841222]
[INFO] [1774442217.530070914] [mpc_node]: Logging State [ 1.97115327 -0.38836054 -0.54006021  1.02732089 -0.10340875  1.37421763]
[INFO] [1774442217.531989945] [mpc_node]: Logging State [ 2.01821815 -0.40947997 -0.50193275  1.16864279 -0.04894033  1.22781763]
[INFO] [1774442217.534020596] [mpc_node]: Logging State [ 2.0191598  -0.41096449 -0.46218116  0.77640942 -0.0472854   1.54178937]
REF: [[ 2.0191598   2.07580749  2.13389601  2.22315165  2.27030276  2.29147716
   2.31678258  2.3727722   2.42137141  2.46119197  2.48807172  2.52480429
   2.55750458  2.58515154  2.63697176  2.71842127  2.74318091  2.76548782
   2.80479007  2.85926762  2.91065752]
 [-0.41096449 -0.15903791 -0.15576333 -0.15107871 -0.14650608 -0.14320978
  -0.13793542 -0.12616326 -0.11852135 -0.11408139 -0.11212589 -0.10869492
  -0.10387233 -0.09868711 -0.08773053 -0.07784869 -0.0777012  -0.07736073
  -0.07692513 -0.07603351 -0.07252085]]
DEBUG STATE: [ 2.0191598  -0.41096449 -0.46218116  0.77640942 -0.0472854   1.54178937
 -1.45982364  0.34      ]
DEBUG PARAMS NODE 0: [15.         15.          1.          1.         25.         25.
  0.          0.          1.24641353  0.          0.          0.
  2.0191598  -0.41096449  0.          0.          0.          0.
  0.          0.        ]

iter	qp_stat	qp_iter
0	0	0
1	0	17


PREDICTED STATES: [array([ 2.0191598 , -0.41096449, -0.46218116]), array([ 2.0534967 , -0.42190781, -0.41728256]), array([ 2.08967149, -0.42248681, -0.38228445]), array([ 2.12236278, -0.42254971, -0.35022783]), array([ 2.1525592 , -0.4225181 , -0.32002362]), array([ 2.1811159 , -0.42257275, -0.29094571]), array([ 2.2087543 , -0.42272851, -0.26239827]), array([ 2.23603135, -0.42295122, -0.23252451]), array([ 2.26342314, -0.42300688, -0.20173372]), array([ 2.29128898, -0.42261207, -0.17030579]), array([ 2.31987837, -0.42163339, -0.13851004]), array([ 2.34940069, -0.41991127, -0.108729  ]), array([ 2.37988628, -0.41751095, -0.07516041]), array([ 2.41155858, -0.41514517, -0.04760581]), array([ 2.44439479, -0.41247847, -0.02122251]), array([ 2.4784724 , -0.40923004,  0.00459646]), array([ 2.5138446, -0.4053234,  0.0298883]), array([ 2.55052097, -0.40067216,  0.05517876]), array([ 2.58848813, -0.39517874,  0.08117466]), array([ 2.62771921, -0.38872948,  0.10852038]), array([ 2.66818229, -0.38121558,  0.13762785])]
-0.05561872392974737
[ 1.16173   2.784689  0.679412  3.238718 11.064193  0.341162 19.269904]
[INFO] [1774442217.560941539] [mpc_node]: Logging State [ 2.05152093 -0.40937163 -0.41742225  0.72208224  0.03228916  1.2859811 ]
[INFO] [1774442217.577570406] [mpc_node]: Logging State [ 2.10612101 -0.42822161 -0.33005527  1.49163764  0.07473947  2.70880266]
REF: [[ 2.10612101  2.19630063  2.26488166  2.28797934  2.31092076  2.35923089
   2.41755208  2.45878404  2.48538766  2.5211062   2.55530522  2.58239779
   2.63017317  2.72234679  2.74639803  2.76963811  2.81362786  2.86005375
   2.91228139  2.96104055  2.98601879]
 [-0.42822161 -0.15275299 -0.14719054 -0.14383229 -0.13924088 -0.12874439
  -0.11904507 -0.11428436 -0.11231637 -0.10912905 -0.10424969 -0.09923142
  -0.08921668 -0.07779626 -0.07768166 -0.07726423 -0.07701063 -0.07598825
  -0.07241059 -0.07113863 -0.07456283]]
DEBUG STATE: [ 2.10612101 -0.42822161 -0.33005527  1.49163764  0.07473947  2.70880266
 -1.11237448  0.34      ]
DEBUG PARAMS NODE 0: [15.         15.          1.          1.         25.         25.
  0.          0.          1.24641353  0.          0.          0.
  2.10612101 -0.42822161  0.          0.          0.          0.
  0.          0.        ]

iter	qp_stat	qp_iter
0	0	0
1	0	19


PREDICTED STATES: [array([ 2.10612101, -0.42822161, -0.33005527]), array([ 2.17793248, -0.43924587, -0.24063879]), array([ 2.24691205, -0.4483676 , -0.1683378 ]), array([ 2.31281064, -0.45384367, -0.09621668]), array([ 2.3752967 , -0.45619195, -0.01777392]), array([ 2.43443555, -0.45540772,  0.05834829]), array([ 2.49025589, -0.45150522,  0.12829244]), array([ 2.54271798, -0.44459318,  0.19296774]), array([ 2.59178104, -0.43483232,  0.25292862]), array([ 2.63736201, -0.42247108,  0.30831273]), array([ 2.67943019, -0.40768812,  0.35846689]), array([ 2.71795353, -0.39074059,  0.40351965]), array([ 2.75296919, -0.37186189,  0.43993422]), array([ 2.78434709, -0.35156013,  0.47730657]), array([ 2.81226243, -0.32995074,  0.51149228]), array([ 2.83665553, -0.30722358,  0.54311384]), array([ 2.85752656, -0.28356153,  0.5724015 ]), array([ 2.87488218, -0.25914745,  0.59948517]), array([ 2.88870869, -0.23419921,  0.62435165]), array([ 2.89898549, -0.20899319,  0.64678739]), array([ 2.90570625, -0.18384989,  0.66647607])]
-0.05532425458787041
[ 1.166018  2.942774  0.886682  3.285855 18.430168  0.406636 27.118133]
REF: [[ 2.10612101  2.19630063  2.26488166  2.28797934  2.31092076  2.35923089
   2.41755208  2.45878404  2.48538766  2.5211062   2.55530522  2.58239779
   2.63017317  2.72234679  2.74639803  2.76963811  2.81362786  2.86005375
   2.91228139  2.96104055  2.98601879]
 [-0.42822161 -0.15275299 -0.14719054 -0.14383229 -0.13924088 -0.12874439
  -0.11904507 -0.11428436 -0.11231637 -0.10912905 -0.10424969 -0.09923142
  -0.08921668 -0.07779626 -0.07768166 -0.07726423 -0.07701063 -0.07598825
  -0.07241059 -0.07113863 -0.07456283]]
DEBUG STATE: [ 2.10612101 -0.42822161 -0.33005527  1.49163764  0.07473947  2.70880266
 -1.10648509  0.34      ]
DEBUG PARAMS NODE 0: [15.         15.          1.          1.         25.         25.
  0.          0.          1.24641353  0.          0.          0.
  2.10612101 -0.42822161  0.          0.          0.          0.
  0.          0.        ]

iter	qp_stat	qp_iter
0	0	0
1	0	16


PREDICTED STATES: [array([ 2.10612101, -0.42822161, -0.33005527]), array([ 2.17796439, -0.4392513 , -0.24061219]), array([ 2.24744889, -0.44149873, -0.16751887]), array([ 2.31382651, -0.43882276, -0.09764593]), array([ 2.37692382, -0.43188382, -0.03083733]), array([ 2.43663303, -0.42126259,  0.03304139]), array([ 2.49289733, -0.40749873,  0.0941848 ]), array([ 2.5456979 , -0.39109949,  0.15264448]), array([ 2.59504956, -0.37253154,  0.20835266]), array([ 2.64099584, -0.35223157,  0.26122975]), array([ 2.683615  , -0.33063239,  0.31138165]), array([ 2.72300819, -0.30814405,  0.35907331]), array([ 2.75927853, -0.2851204 ,  0.40460445]), array([ 2.79254165, -0.2618511 ,  0.4464856 ]), array([ 2.8229362 , -0.23873463,  0.4888484 ]), array([ 2.85055844, -0.21596211,  0.52997504]), array([ 2.87608378, -0.19416939,  0.56129369]), array([ 2.89938626, -0.17332506,  0.58883914]), array([ 2.91952096, -0.15258539,  0.62237115]), array([ 2.93644222, -0.13197939,  0.66527563]), array([ 2.95018535, -0.11160602,  0.7191306 ])]
-0.05271003837006394
[ 1.539821  2.891284  0.78383  21.552723  9.073991  0.379211 36.22086 ]
[INFO] [1774442217.658907426] [mpc_node]: Logging State [ 2.13277238 -0.43248014 -0.31833755  1.11632711  0.07518309  1.54439962]
REF: [[ 2.13277238  2.17755935  2.26275692  2.28681194  2.30913829  2.35503397
   2.41667651  2.45818661  2.48475366  2.5202186   2.55477025  2.58175335
   2.62863846  2.72259226  2.74659444  2.76990867  2.81420185  2.86007573
   2.91232673  2.96104646  2.98602403]
 [-0.43248014 -0.15371376 -0.1474441  -0.14403256 -0.13963132 -0.12958548
  -0.11916687 -0.11433608 -0.11236092 -0.10923004 -0.10434048 -0.09935816
  -0.08955385 -0.07779366 -0.07768018 -0.07725792 -0.07701602 -0.07598697
  -0.07240753 -0.07113899 -0.07456401]]
DEBUG STATE: [ 2.13277238 -0.43248014 -0.31833755  1.11632711  0.07518309  1.54439962
 -1.05420077  0.34      ]
DEBUG PARAMS NODE 0: [15.         15.          1.          1.         25.         25.
  0.          0.          1.24641353  0.          0.          0.
  2.13277238 -0.43248014  0.          0.          0.          0.
  0.          0.        ]

iter	qp_stat	qp_iter
0	0	0
1	0	19


PREDICTED STATES: [array([ 2.13277238, -0.43248014, -0.31833755]), array([ 2.18651676, -0.43957236, -0.25891538]), array([ 2.23804759, -0.44278671, -0.20450071]), array([ 2.28760358, -0.44351656, -0.15234333]), array([ 2.33551248, -0.44200823, -0.10200544]), array([ 2.38203851, -0.43839068, -0.05310808]), array([ 2.42737846, -0.43272632, -0.0053356 ]), array([ 2.47166529, -0.42503734,  0.04157096]), array([ 2.51497387, -0.41532445,  0.08781964]), array([ 2.5573293 , -0.40358235,  0.13356542]), array([ 2.59871657, -0.38981204,  0.17895639]), array([ 2.63909324, -0.37403793,  0.22431401]), array([ 2.67840494, -0.35629604,  0.26952633]), array([ 2.71657734, -0.33662068,  0.31458868]), array([ 2.75353703, -0.3150612 ,  0.35899338]), array([ 2.78924071, -0.29175402,  0.403938  ]), array([ 2.82362119, -0.26677866,  0.44938781]), array([ 2.85662446, -0.24033537,  0.49604636]), array([ 2.88826621, -0.21259442,  0.54465285]), array([ 2.91855017, -0.18345132,  0.58362345]), array([ 2.9509446 , -0.1559045 ,  0.60400308])]
-0.043177948483637665
[ 1.16381   2.645325  0.732725  3.159772  4.947664  0.361642 13.010938]
[INFO] [1774442217.691454900] [mpc_node]: Logging State [ 2.17343662 -0.4251424  -0.31565176  0.94452685  0.12920392  0.85065539]
REF: [[ 2.17343662  2.21112894  2.26677531  2.28910899  2.3127268   2.363462
   2.41841419  2.45935452  2.4860053   2.52196621  2.55581991  2.58302706
   2.6316932   2.72184513  2.74599543  2.76908997  2.8124632   2.86000946
   2.91219002  2.96102866  2.98600824]
 [-0.4251424  -0.15188466 -0.14695776 -0.14363496 -0.13884179 -0.12791553
  -0.11892576 -0.1142355  -0.11227283 -0.10903002 -0.10416196 -0.09910743
  -0.08888297 -0.0778018  -0.07768458 -0.07727702 -0.07699941 -0.07599082
  -0.07241677 -0.07113792 -0.07456047]]
DEBUG STATE: [ 2.17343662 -0.4251424  -0.31565176  0.94452685  0.12920392  0.85065539
 -0.86355897  0.34      ]
DEBUG PARAMS NODE 0: [15.         15.          1.          1.         25.         25.
  0.          0.          1.24641353  0.          0.          0.
  2.17343662 -0.4251424   0.          0.          0.          0.
  0.          0.        ]

iter	qp_stat	qp_iter
0	0	0
1	0	12


PREDICTED STATES: [array([ 2.17343662, -0.4251424 , -0.31565176]), array([ 2.21939093, -0.43063737, -0.2674007 ]), array([ 2.26344886, -0.43363274, -0.22093397]), array([ 2.30592854, -0.43462466, -0.17618472]), array([ 2.34713708, -0.43381109, -0.13279748]), array([ 2.3873448 , -0.43132396, -0.09040643]), array([ 2.42678207, -0.42724247, -0.04867438]), array([ 2.46563416, -0.42160746, -0.00717756]), array([ 2.50403032, -0.414452  ,  0.03563382]), array([ 2.54194632, -0.40600633,  0.0943618 ]), array([ 2.57725324, -0.39423021,  0.27916145]), array([ 2.60258754, -0.3665208 ,  0.77279686]), array([ 2.63518475, -0.34110363,  0.82137072]), array([ 2.66115031, -0.30283341,  0.85923375]), array([ 2.68623024, -0.26415917,  0.89342103]), array([ 2.71055091, -0.2252409 ,  0.92275038]), array([ 2.73424026, -0.18612917,  0.95041222]), array([ 2.7572508 , -0.14676265,  0.97599698]), array([ 2.77950904, -0.10702972,  1.00056024]), array([ 2.80093958, -0.06683477,  1.02497544]), array([ 2.82147269, -0.02618246,  1.04788084])]
-0.034820207609944774
[ 4.861677 10.796474  0.965436  9.69641   9.588342  0.380651 36.28899 ]
REF: [[ 2.17343662  2.21112894  2.26677531  2.28910899  2.3127268   2.363462
   2.41841419  2.45935452  2.4860053   2.52196621  2.55581991  2.58302706
   2.6316932   2.72184513  2.74599543  2.76908997  2.8124632   2.86000946
   2.91219002  2.96102866  2.98600824]
 [-0.4251424  -0.15188466 -0.14695776 -0.14363496 -0.13884179 -0.12791553
  -0.11892576 -0.1142355  -0.11227283 -0.10903002 -0.10416196 -0.09910743
  -0.08888297 -0.0778018  -0.07768458 -0.07727702 -0.07699941 -0.07599082
  -0.07241677 -0.07113792 -0.07456047]]
DEBUG STATE: [ 2.17343662 -0.4251424  -0.31565176  0.94452685  0.12920392  0.85065539
 -0.69640415  0.34      ]
DEBUG PARAMS NODE 0: [15.         15.          1.          1.         25.         25.
  0.          0.          1.24641353  0.          0.          0.
  2.17343662 -0.4251424   0.          0.          0.          0.
  0.          0.        ]

iter	qp_stat	qp_iter
0	0	0
1	0	28


PREDICTED STATES: [array([ 2.17343662, -0.4251424 , -0.31565176]), array([ 2.21965065, -0.43067236, -0.26716708]), array([ 2.26452189, -0.43537437, -0.22969184]), array([ 2.3081435 , -0.43915539, -0.19455925]), array([ 2.35006316, -0.44205425, -0.11176273]), array([ 2.38893848, -0.46713115,  0.21618862]), array([ 2.42760883, -0.46305801,  0.22236658]), array([ 2.46555012, -0.45907985,  0.19867689]), array([ 2.50338056, -0.45860065,  0.16186694]), array([ 2.54201214, -0.46069366,  0.1209498 ]), array([ 2.58316644, -0.46457195,  0.28532807]), array([ 2.56014601, -0.48268863,  0.72760405]), array([ 2.57494338, -0.31665611,  1.46125135]), array([ 2.60289624, -0.20578117,  1.5403727 ]), array([ 2.6476685 , -0.10695322,  1.5437982 ]), array([ 2.69038935, -0.00885713,  1.53994201]), array([2.73139319, 0.08792575, 1.5438478 ]), array([2.77052668, 0.18411866, 1.5291822 ]), array([2.80824551, 0.27909972, 1.51146796]), array([2.84465449, 0.37278913, 1.49179767]), array([2.87981263, 0.46514929, 1.47082721])]
-0.025557812437533713
[ 1.859766 12.489611  2.73096   4.182809 14.735628  0.438253 36.437027]
[INFO] [1774442217.784609767] [mpc_node]: Logging State [ 2.20466885 -0.43351959 -0.23653257  0.91838101  0.11271462  1.4459741 ]
REF: [[ 2.20466885  2.2519764   2.28195462  2.30257593  2.33974622  2.40970613
   2.45272995  2.47959443  2.51287211  2.5500618   2.57648856  2.61690611
   2.71410328  2.73935072  2.76115705  2.79569775  2.85540518  2.90266652
   2.95963979  2.98478815  3.00900547]
 [-0.43351959 -0.14861899 -0.14482757 -0.1410312  -0.13279552 -0.12015806
  -0.11483565 -0.11272025 -0.11001939 -0.10512199 -0.10038326 -0.09210965
  -0.07793445 -0.07771591 -0.07745729 -0.07687751 -0.0762458  -0.07307519
  -0.07105973 -0.07429313 -0.08211394]]
DEBUG STATE: [ 2.20466885 -0.43351959 -0.23653257  0.91838101  0.11271462  1.4459741
 -0.51115625  0.34      ]
DEBUG PARAMS NODE 0: [15.         15.          1.          1.         25.         25.
  0.          0.          1.24641353  0.          0.          0.
  2.20466885 -0.43351959  0.          0.          0.          0.
  0.          0.        ]

iter	qp_stat	qp_iter
0	0	0
1	0	4


PREDICTED STATES: [array([ 2.20466885, -0.43351959, -0.23653257]), array([ 2.25028326, -0.43541255, -0.18694521]), array([ 2.29468014, -0.43473605, -0.14027228]), array([ 2.33743965, -0.43207733, -0.09508858]), array([ 2.37813639, -0.42761741, -0.05120946]), array([ 2.41451478, -0.42208911,  0.1944771 ]), array([ 2.44005962, -0.40645809,  0.3104848 ]), array([ 2.46004667, -0.38945307,  0.35941522]), array([ 2.47889542, -0.37016586,  0.41035586]), array([ 2.49639725, -0.34889964,  0.45931086]), array([ 2.51209347, -0.32626136,  0.50259741]), array([ 2.5225769 , -0.29501777,  0.44075249]), array([ 2.56087948, -0.30867927,  0.1117577 ]), array([ 2.56660797, -0.01695208,  0.06261087]), array([2.62215941, 0.0207128 , 0.4631213 ]), array([2.70777319, 0.04242697, 0.57779226]), array([2.81342048, 0.05403321, 0.54001259]), array([2.9327992 , 0.06023253, 0.45560848]), array([3.05854253, 0.06253907, 0.3681385 ]), array([3.18808776, 0.06089343, 0.28781948]), array([3.3196232 , 0.05547245, 0.21707701])]
-0.026962032147625305
[ 2.872308  6.762916  1.265061  6.131474  7.736321  0.373835 25.141915]
[INFO] [1774442217.831506074] [mpc_node]: Logging State [ 2.21943549 -0.43615022 -0.22998227  0.80295812  0.09736281  0.89687272]
REF: [[ 2.21943549  2.24622972  2.27961094  2.29986136  2.33366788  2.40358163
   2.44713977  2.47533761  2.50676729  2.54548267  2.57202152  2.6080212
   2.69702109  2.71859471  2.74332716  2.7656656   2.80516807  2.85933929
   2.91080573  2.96085126  2.98585105]
 [-0.43615022 -0.14918008 -0.14519005 -0.14158898 -0.13412935 -0.12106181
  -0.1153968  -0.11301725 -0.11061402 -0.10584974 -0.10123649 -0.09400292
  -0.07868554 -0.0778459  -0.07770048 -0.07735664 -0.07692845 -0.07602941
  -0.07251075 -0.07112735 -0.07452537]]
DEBUG STATE: [ 2.21943549 -0.43615022 -0.22998227  0.80295812  0.09736281  0.89687272
 -0.53924064  0.34      ]
DEBUG PARAMS NODE 0: [15.         15.          1.          1.         25.         25.
  0.          0.          1.24641353  0.          0.          0.
  2.21943549 -0.43615022  0.          0.          0.          0.
  0.          0.        ]

iter	qp_stat	qp_iter
0	0	0
1	0	21


PREDICTED STATES: [array([ 2.21943549, -0.43615022, -0.22998227]), array([ 2.25886141, -0.4375722 , -0.18892035]), array([ 2.29597259, -0.43721924, -0.15043594]), array([ 2.33005757, -0.43570414, -0.11315201]), array([ 2.36058387, -0.43340056, -0.07891884]), array([ 2.38714475, -0.43070831, -0.04817249]), array([ 2.40464226, -0.42302333, -0.10094329]), array([ 2.42957132, -0.41572111, -0.07838125]), array([ 2.45268691, -0.41282316, -0.05870322]), array([ 2.47233057, -0.40979116, -0.03921305]), array([ 2.48749303, -0.40634278, -0.01731039]), array([ 2.49779448, -0.40297605,  0.00648786]), array([ 2.5138282 , -0.39632896,  0.03074103]), array([ 2.53099075, -0.41062716,  0.05745382]), array([ 2.63506515, -0.4344514 ,  0.08046042]), array([ 2.73369412, -0.45652078, -0.2101795 ]), array([ 2.8099447 , -0.47145807, -0.36942421]), array([ 2.84782905, -0.41884741, -0.15023601]), array([ 2.85826166, -0.30045976,  0.32630562]), array([ 2.85434577, -0.12498301,  1.00920424]), array([2.84436624, 0.09063573, 1.79144699])]
-0.03896667330858011
[ 1.281126  4.104151  0.753526  7.291956 21.656917  0.398284 35.48596 ]
[INFO] [1774442217.873006256] [mpc_node]: Logging State [ 2.21591991 -0.42787082 -0.23524775  0.47100219  0.11169292  0.42453446]
REF: [[ 2.21591991  2.22968958  2.2727519   2.29335513  2.32025143  2.38037134
   2.42593926  2.46374532  2.49112151  2.52885558  2.55992526  2.58838311
   2.64535821  2.70945394  2.73466153  2.75656334  2.78652485  2.8453535
   2.88310839  2.9498192   2.97689994]
 [-0.42787082 -0.15059257 -0.14617793 -0.1428617  -0.13715264 -0.12480949
  -0.11791254 -0.11387487 -0.11190445 -0.10819414 -0.10344967 -0.09804273
  -0.08594672 -0.07806777 -0.07772827 -0.07754902 -0.07693396 -0.07670419
  -0.0744652  -0.07077934 -0.07283289]]
DEBUG STATE: [ 2.21591991 -0.42787082 -0.23524775  0.47100219  0.11169292  0.42453446
 -0.77933347  0.34      ]
DEBUG PARAMS NODE 0: [15.         15.          1.          1.         25.         25.
  0.          0.          1.24641353  0.          0.          0.
  2.21591991 -0.42787082  0.          0.          0.          0.
  0.          0.        ]

iter	qp_stat	qp_iter
0	0	0
1	0	18


PREDICTED STATES: [array([ 2.21591991, -0.42787082, -0.23524775]), array([ 2.23906223, -0.42824346, -0.2088024 ]), array([ 2.26107169, -0.42892557, -0.18856427]), array([ 2.28310144, -0.42936748, -0.1677452 ]), array([ 2.30651623, -0.42923464, -0.14253886]), array([ 2.33285772, -0.42801576, -0.11533068]), array([ 2.3638654 , -0.42595353, -0.08840385]), array([ 2.40086123, -0.44036335,  0.04584326]), array([ 2.45182731, -0.44619817,  0.08847523]), array([ 2.51196443, -0.44229303,  0.1350106 ]), array([ 2.58381417, -0.43514516,  0.20245911]), array([ 2.66979535, -0.42644087,  0.27953097]), array([ 2.77203053, -0.41606567,  0.36178951]), array([ 2.89205179, -0.40233738,  0.44972016]), array([ 3.0321415 , -0.33603047,  0.57018738]), array([ 3.21394101, -0.25566025,  0.70570302]), array([ 3.46173582, -0.218403  ,  1.02163583]), array([ 3.66354613, -0.15143461,  1.26998322]), array([ 3.80087788, -0.04516902,  1.30546308]), array([3.89353446, 0.02897771, 1.0586194 ]), array([4.02749448, 0.1258877 , 0.67033724])]
-0.02142482002286841
[ 1.220515  4.037077  6.168756  8.625338 12.851638  0.605617 33.508941]
[INFO] [1774442217.911336618] [mpc_node]: Logging State [ 2.22369862 -0.42693882 -0.22447657  0.39126325  0.10774441  0.39658015]
REF: [[ 2.22369862  2.225714    2.27122923  2.2921633   2.31802536  2.37554261
   2.42279721  2.46202074  2.48904008  2.52611023  2.55827924  2.58616237
   2.63955394  2.71599684  2.74108008  2.76303831  2.79961257  2.85765289
   2.90731367  2.96039555  2.98544905]
 [-0.42693882 -0.15089256 -0.14638339 -0.1430837  -0.13765556 -0.12566178
  -0.11832918 -0.11401343 -0.11205624 -0.1085364  -0.10373789 -0.09848619
  -0.08717333 -0.07789278 -0.07771013 -0.07741621 -0.07688873 -0.07612437
  -0.07275067 -0.07110099 -0.07443649]]
DEBUG STATE: [ 2.22369862 -0.42693882 -0.22447657  0.39126325  0.10774441  0.39658015
 -0.4284964   0.34      ]
DEBUG PARAMS NODE 0: [15.         15.          1.          1.         25.         25.
  0.          0.          1.24641353  0.          0.          0.
  2.22369862 -0.42693882  0.          0.          0.          0.
  0.          0.        ]

iter	qp_stat	qp_iter
0	0	0
1	0	20


PREDICTED STATES: [array([ 2.22369862, -0.42693882, -0.22447657]), array([ 2.24338639, -0.42608726, -0.19945651]), array([ 2.26243425, -0.424946  , -0.17244069]), array([ 2.28139056, -0.42344201, -0.14567368]), array([ 2.30068463, -0.42143062, -0.11892693]), array([ 2.32076723, -0.41943296, -0.09761286]), array([ 2.34177442, -0.4171995 , -0.07470446]), array([ 2.36380723, -0.41453576, -0.04831393]), array([ 2.38432682, -0.40273715, -0.09793026]), array([ 2.41582578, -0.39671096, -0.05551567]), array([ 2.45017205e+00, -3.95892721e-01, -1.85246058e-03]), array([ 2.48631331, -0.39283514,  0.07015249]), array([ 2.52592254, -0.38703956,  0.15768197]), array([ 2.57248061, -0.38105596,  0.22856593]), array([ 2.63161482, -0.37939218,  0.27120394]), array([ 2.70929249, -0.37972413,  0.33418212]), array([ 2.80603067, -0.37167085,  0.44493267]), array([ 2.94173795, -0.32565425,  0.50053288]), array([ 3.09783743, -0.26754668,  0.59113984]), array([ 3.2209819 , -0.23533803,  0.78874068]), array([ 3.25046842, -0.19193804,  0.96831921])]
-0.011566354465761075
[ 1.403721  2.688654  0.756662  3.207357  5.47744   0.36897  13.902804]
[INFO] [1774442217.929484537] [mpc_node]: Logging State [ 2.21497754 -0.41659861 -0.22938155  0.14695569  0.12999256  0.1516926 ]
[INFO] [1774442217.931895359] [mpc_node]: Logging State [ 2.20927759 -0.40617579 -0.24205456  0.          0.          0.        ]
[INFO] [1774442217.933925626] [mpc_node]: Logging State [ 2.19948004 -0.39597117 -0.25405794  0.          0.          0.        ]
[INFO] [1774442217.936167675] [mpc_node]: Logging State [ 2.22528122 -0.39301371 -0.22706217  0.58841055  0.12672156  0.84785011]
REF: [[ 2.22528122  2.27767124  2.29781549  2.3292485   2.39733347  2.44107571
   2.47157478  2.50145941  2.54073375  2.56799756  2.60080347  2.67902102
   2.69591959  2.71703732  2.74199551  2.76408235  2.80181087  2.85849849
   2.90906553  2.9606291   2.98565474]
 [-0.39301371 -0.14548017 -0.14199956 -0.13511722 -0.12201807 -0.11605765
  -0.11328496 -0.11108754 -0.10656799 -0.10198982 -0.09551168 -0.08032523
  -0.07875988 -0.07787265 -0.07770654 -0.07739279 -0.07690178 -0.07607715
  -0.07262983 -0.07111436 -0.07448181]]
DEBUG STATE: [ 2.22528122 -0.39301371 -0.22706217  0.58841055  0.12672156  0.84785011
 -0.23132709  0.34      ]
DEBUG PARAMS NODE 0: [15.         15.          1.          1.         25.         25.
  0.          0.          1.24641353  0.          0.          0.
  2.22528122 -0.39301371  0.          0.          0.          0.
  0.          0.        ]

iter	qp_stat	qp_iter
0	0	0
1	0	20


PREDICTED STATES: [array([ 2.22528122, -0.39301371, -0.22706217]), array([ 2.25523297, -0.39381166, -0.19622278]), array([ 2.28496375, -0.39442348, -0.1671167 ]), array([ 2.31487939, -0.39453433, -0.14093631]), array([ 2.34522943, -0.39384558, -0.11485661]), array([ 2.37626331, -0.39244087, -0.08864509]), array([ 2.40825459, -0.38989302, -0.07234832]), array([ 2.4410809 , -0.38647274, -0.04225985]), array([ 2.47509248, -0.38243162, -0.01271016]), array([ 2.50884556, -0.39035601,  0.12994571]), array([ 2.54944897, -0.37885342,  0.16840715]), array([ 2.59063325, -0.36462028,  0.21156995]), array([ 2.63236106, -0.34837527,  0.25244224]), array([ 2.67459205, -0.33009402,  0.29080982]), array([ 2.71655485, -0.30748743,  0.33856401]), array([ 2.75845477, -0.2812898 ,  0.38681195]), array([ 2.80078737, -0.25312488,  0.4317698 ]), array([ 2.84356635, -0.22290079,  0.48286465]), array([ 2.88706433, -0.19109246,  0.54226206]), array([ 2.9360673 , -0.1609795 ,  0.58247404]), array([ 2.98258833, -0.12442432,  0.6181031 ])]
-0.005136805407762975
[ 1.338215  2.639789  0.705204  4.010837  4.958288  0.362954 14.015287]
[INFO] [1774442217.956326885] [mpc_node]: Logging State [ 2.23671675 -0.39062662 -0.22147249  0.50762555  0.1349162   0.54365058]
REF: [[ 2.23671675  2.27367198  2.29411605  2.3217151   2.38343577  2.42829451
   2.46497066  2.49265068  2.53081125  2.56112579  2.59006673  2.64985507
   2.70397442  2.72810294  2.75098375  2.77653571  2.8278709   2.86279283
   2.91788617  2.96189427  2.98678087]
 [-0.39062662 -0.14605142 -0.14271805 -0.13682122 -0.12428248 -0.11760674
  -0.1137786  -0.1117908  -0.10794279 -0.10323732 -0.09770465 -0.08503007
  -0.07829074 -0.07775173 -0.07763628 -0.07710858 -0.07707084 -0.07582565
  -0.0720382  -0.07119194 -0.07473583]]
DEBUG STATE: [ 2.23671675 -0.39062662 -0.22147249  0.50762555  0.1349162   0.54365058
 -0.10273611  0.34      ]
DEBUG PARAMS NODE 0: [15.         15.          1.          1.         25.         25.
  0.          0.          1.24641353  0.          0.          0.
  2.23671675 -0.39062662  0.          0.          0.          0.
  0.          0.        ]

iter	qp_stat	qp_iter
0	0	0
1	0	19


PREDICTED STATES: [array([ 2.23671675, -0.39062662, -0.22147249]), array([ 2.26284906, -0.39109887, -0.19379417]), array([ 2.28918753, -0.39107915, -0.16646599]), array([ 2.31608316, -0.39033266, -0.1373695 ]), array([ 2.34384417, -0.38878256, -0.10712896]), array([ 2.37269535, -0.38628174, -0.07541407]), array([ 2.40280386, -0.38269459, -0.04206332]), array([ 2.43429131, -0.37784284, -0.00706407]), array([ 2.46721706, -0.37157968,  0.02961806]), array([ 2.50160453, -0.36371682,  0.06803527]), array([ 2.53407866, -0.34404432,  0.0304093 ]), array([ 2.57835857, -0.33078855,  0.07706777]), array([ 2.62468241, -0.31708654,  0.12748789]), array([ 2.67201051, -0.30041201,  0.17991229]), array([ 2.72011624, -0.28055547,  0.23424262]), array([ 2.76879038, -0.25728146,  0.29047808]), array([ 2.81774566, -0.23039152,  0.34875275]), array([ 2.86665396, -0.19971545,  0.40904856]), array([ 2.9151756 , -0.16505688,  0.47130238]), array([ 2.96292926, -0.12623385,  0.5353899 ]), array([ 3.00943931, -0.0832054 ,  0.60170535])]
0.0025191274908608592
[ 1.610159  3.316641  0.945979  4.765899  8.041641  0.398892 19.079211]
[INFO] [1774442218.002947984] [mpc_node]: Logging State [ 2.26144597 -0.39248716 -0.21728406  0.60106867  0.13059186  0.35254738]
[INFO] [1774442218.007201867] [mpc_node]: Logging State [ 2.27516424 -0.39174222 -0.21393817  0.60417352  0.13842476  0.26062188]
REF: [[ 2.27516424  2.27845091  2.29861687  2.3309607   2.39994602  2.44363029
   2.47307341  2.50355669  2.54271076  2.5696021   2.60359531  2.68628045
   2.70390141  2.72800837  2.75090755  2.77641071  2.82762335  2.86267263
   2.91764265  2.9618495   2.98674068]
 [-0.39174222 -0.14536461 -0.14183979 -0.13473286 -0.12161385 -0.11577294
  -0.11317749 -0.11090517 -0.10627367 -0.10169129 -0.09493129 -0.07955287
  -0.07829423 -0.07775223 -0.07763724 -0.07711125 -0.0770718  -0.07583294
  -0.07205408 -0.07118904 -0.07472659]]
DEBUG STATE: [ 2.27516424 -0.39174222 -0.21393817  0.60417352  0.13842476  0.26062188
  0.05038255  0.34      ]
DEBUG PARAMS NODE 0: [15.         15.          1.          1.         25.         25.
  0.          0.          1.24641353  0.          0.          0.
  2.27516424 -0.39174222  0.          0.          0.          0.
  0.          0.        ]

iter	qp_stat	qp_iter
0	0	0
1	0	19


PREDICTED STATES: [array([ 2.27516424, -0.39174222, -0.21393817]), array([ 2.30599349, -0.39218443, -0.18112775]), array([ 2.33721675, -0.39186015, -0.14695273]), array([ 2.36906328, -0.39041641, -0.11580851]), array([ 2.40155508, -0.3879565 , -0.07913614]), array([ 2.43483692, -0.38424137, -0.04166481]), array([ 2.46895897, -0.37912185, -0.00351967]), array([ 2.50393981, -0.37248194,  0.03536685]), array([ 2.53976641, -0.36419622,  0.07513254]), array([ 2.57639608, -0.35413327,  0.11590231]), array([ 2.61375897, -0.34215956,  0.15776277]), array([ 2.65190457, -0.33779481,  0.28413563]), array([ 2.6917581 , -0.31827171,  0.33246012]), array([ 2.73104979, -0.29409627,  0.38085109]), array([ 2.77015731, -0.26723895,  0.42956979]), array([ 2.80887524, -0.23766387,  0.47953123]), array([ 2.84698228, -0.20531107,  0.53083483]), array([ 2.88424602, -0.17013631,  0.583488  ]), array([ 2.92044403, -0.132133  ,  0.63732127]), array([ 2.95536447, -0.09132392,  0.69215958]), array([ 2.98874665, -0.0477036 ,  0.74817637])]
0.006578226584393849
[ 5.643044  7.747393  0.807832  4.625638  8.418197  0.375403 27.617507]
[INFO] [1774442218.055731662] [mpc_node]: Logging State [ 2.28256102 -0.39058205 -0.21471445  0.5009291   0.13521689  0.12359115]
REF: [[ 2.28256102  2.31491098  2.36851905  2.41973876  2.46019911  2.48694089
   2.52325915  2.55658898  2.58398451  2.63404537  2.72061378  2.74499858
   2.76776922  2.80965029  2.85986745  2.91189696  2.96099073  2.98597459
   3.01016397  3.03126353  3.05019609]
 [-0.39058205 -0.13835518 -0.12695118 -0.11874368 -0.11416405 -0.11220656
  -0.10887895 -0.10403021 -0.09891833 -0.08836779 -0.07781678 -0.07769118
  -0.07730784 -0.07697142 -0.07599903 -0.07243661 -0.07113564 -0.07455294
  -0.08263071 -0.09303306 -0.10103657]]
DEBUG STATE: [ 2.28256102 -0.39058205 -0.21471445  0.5009291   0.13521689  0.12359115
  0.13156453  0.34      ]
DEBUG PARAMS NODE 0: [15.         15.          1.          1.         25.         25.
  0.          0.          1.24641353  0.          0.          0.
  2.28256102 -0.39058205  0.          0.          0.          0.
  0.          0.        ]

iter	qp_stat	qp_iter
0	0	0
1	0	16


PREDICTED STATES: [array([ 2.28256102, -0.39058205, -0.21471445]), array([ 2.30848264, -0.39080439, -0.18936111]), array([ 2.3352754 , -0.39076398, -0.16011124]), array([ 2.36334369, -0.38990609, -0.12903339]), array([ 2.39301786, -0.38801472, -0.09954655]), array([ 2.42444035, -0.38507975, -0.06492358]), array([ 2.45778914, -0.38077042, -0.02828411]), array([ 2.49313984, -0.37481893,  0.01044253]), array([ 2.53051038, -0.36696111,  0.05131042]), array([ 2.5698626 , -0.35692136,  0.09437962]), array([ 2.61110571, -0.34441636,  0.13971669]), array([ 2.65409945, -0.32915877,  0.18739369]), array([ 2.69475183, -0.30234485,  0.17232186]), array([ 2.74329683, -0.28056096,  0.22608098]), array([ 2.7934626 , -0.2560055 ,  0.28447343]), array([ 2.84429762, -0.22731276,  0.34492275]), array([ 2.89545182, -0.19428567,  0.4075857 ]), array([ 2.94654735, -0.15674086,  0.47224191]), array([ 2.99714594, -0.11449682,  0.53884116]), array([ 3.0467571 , -0.06739274,  0.60750899]), array([ 3.09482935, -0.01528216,  0.67853005])]
0.014445550834245056
[ 6.407354  9.470036  0.834808 18.074445 25.207837  0.379627 60.374107]
[INFO] [1774442218.141765618] [mpc_node]: Logging State [ 2.28920601 -0.3899418  -0.21459687  0.          0.          0.        ]
REF: [[ 2.28920601  2.29529811  2.32405027  2.38810897  2.43230028  2.466988
   2.49524921  2.53399549  2.56316186  2.59304907  2.65795387  2.6951695
   2.71597602  2.74106152  2.76301751  2.79956893  2.85763334  2.90727318
   2.96038994  2.98544412  3.00964672]
 [-0.3899418  -0.14249202 -0.13629202 -0.12349869 -0.11710036 -0.11362366
  -0.11159274 -0.10751991 -0.10287323 -0.09710187 -0.08348133 -0.07881237
  -0.0778932  -0.0777102  -0.07741667 -0.07688851 -0.07612545 -0.07275347
  -0.07110068 -0.07443541 -0.08239862]]
DEBUG STATE: [ 2.28920601 -0.3899418  -0.21459687  0.1         0.          0.
  0.28891102  0.34      ]
DEBUG PARAMS NODE 0: [15.         15.          1.          1.         25.         25.
  0.          0.          1.24641353  0.          0.          0.
  2.28920601 -0.3899418   0.          0.          0.          0.
  0.          0.        ]

iter	qp_stat	qp_iter
0	0	0
1	0	20


PREDICTED STATES: [array([ 2.28920601, -0.3899418 , -0.21459687]), array([ 2.29466907, -0.39112901, -0.21442321]), array([ 2.30198011, -0.39192295, -0.21328478]), array([ 2.31193345, -0.39314866, -0.20879088]), array([ 2.32506705, -0.39486074, -0.19755924]), array([ 2.34181547, -0.39655906, -0.18082185]), array([ 2.36250099, -0.39800366, -0.1573835 ]), array([ 2.38739883, -0.39872577, -0.12934161]), array([ 2.41667862, -0.39826271, -0.09718499]), array([ 2.45042454, -0.39612363, -0.06100833]), array([ 2.48863091, -0.39177193, -0.02070754]), array([ 2.53120006, -0.38463069,  0.02393591]), array([ 2.57794282, -0.37409889,  0.07325583]), array([ 2.62867325, -0.36078011,  0.13073237]), array([ 2.68250255, -0.34199957,  0.18997906]), array([ 2.73942215, -0.31797835,  0.25415385]), array([ 2.79882943, -0.28803651,  0.32321538]), array([ 2.86001027, -0.25152146,  0.39707606]), array([ 2.92213626, -0.20782349,  0.47566167]), array([ 2.98426538, -0.15640151,  0.55886112]), array([ 3.04532889, -0.09679619,  0.64665013])]
0.02807027063014549
[ 1.973977 11.118339  1.429546 14.960755 22.284007  6.450812 58.217436]
[INFO] [1774442218.208140923] [mpc_node]: Logging State [ 2.26216235 -0.3888684  -0.24530729 -0.28329904 -0.02795092 -0.422175  ]
REF: [[ 2.26216235  2.29529811  2.32405027  2.38810897  2.43230028  2.466988
   2.49524921  2.53399549  2.56316186  2.59304907  2.65795387  2.6951695
   2.71597602  2.74106152  2.76301751  2.79956893  2.85763334  2.90727318
   2.96038994  2.98544412  3.00964672]
 [-0.3888684  -0.14249202 -0.13629202 -0.12349869 -0.11710036 -0.11362366
  -0.11159274 -0.10751991 -0.10287323 -0.09710187 -0.08348133 -0.07881237
  -0.0778932  -0.0777102  -0.07741667 -0.07688851 -0.07612545 -0.07275347
  -0.07110068 -0.07443541 -0.08239862]]
DEBUG STATE: [ 2.26216235 -0.3888684  -0.24530729 -0.28329904 -0.02795092 -0.422175
  0.56140541  0.34      ]
DEBUG PARAMS NODE 0: [15.         15.          1.          1.         25.         25.
  0.          0.          1.24641353  0.          0.          0.
  2.26216235 -0.3888684   0.          0.          0.          0.
  0.          0.        ]

iter	qp_stat	qp_iter
0	0	0
1	0	21


PREDICTED STATES: [array([ 2.26216235, -0.3888684 , -0.24530729]), array([ 2.2513434 , -0.38749849, -0.26672872]), array([ 2.25386753, -0.38997287, -0.28834796]), array([ 2.27108276, -0.39582539, -0.30871162]), array([ 2.30132032, -0.40445515, -0.32144452]), array([ 2.34326403, -0.41292164, -0.3021095 ]), array([ 2.39605813, -0.41456029, -0.25104665]), array([ 2.45912962, -0.4176407 , -0.20594145]), array([ 2.53045107, -0.41516097, -0.11813077]), array([ 2.60998447, -0.40766104, -0.03539331]), array([ 2.69694545, -0.39413733,  0.05064791]), array([ 2.7904299 , -0.37327239,  0.14509955]), array([ 2.88942968, -0.34378229,  0.25083053]), array([ 2.99277924, -0.30417299,  0.36609928]), array([ 3.09888044, -0.25238788,  0.48781224]), array([ 3.20605629, -0.18705418,  0.61640888]), array([ 3.31224469, -0.10678319,  0.75176939]), array([ 3.41503861, -0.01039301,  0.89374459]), array([3.51167586, 0.10300288, 1.04218718]), array([3.59905751, 0.2339027 , 1.19689158]), array([3.67378429, 0.38230325, 1.35763481])]
0.26509141711143974
[ 1.223684  9.816477  2.762769 12.865973  8.803168  0.379723 35.851794]
[INFO] [1774442218.262380387] [mpc_node]: Logging State [ 2.23221684 -0.38829623 -0.25198498  0.          0.          0.        ]
REF: [[ 2.23221684  2.29529811  2.32405027  2.38810897  2.43230028  2.466988
   2.49524921  2.53399549  2.56316186  2.59304907  2.65795387  2.6951695
   2.71597602  2.74106152  2.76301751  2.79956893  2.85763334  2.90727318
   2.96038994  2.98544412  3.00964672]
 [-0.38829623 -0.14249202 -0.13629202 -0.12349869 -0.11710036 -0.11362366
  -0.11159274 -0.10751991 -0.10287323 -0.09710187 -0.08348133 -0.07881237
  -0.0778932  -0.0777102  -0.07741667 -0.07688851 -0.07612545 -0.07275347
  -0.07110068 -0.07443541 -0.08239862]]
DEBUG STATE: [ 2.23221684 -0.38829623 -0.25198498  0.1         0.          0.
  5.30182834  0.34      ]
DEBUG PARAMS NODE 0: [15.         15.          1.          1.         25.         25.
  0.          0.          1.          0.          0.          0.
  2.23221684 -0.38829623  0.          0.          0.          0.
  0.          0.        ]

iter	qp_stat	qp_iter
0	0	0
1	0	24


PREDICTED STATES: [array([ 2.23221684, -0.38829623, -0.25198498]), array([ 2.24327802, -0.39119142, -0.25190816]), array([ 2.26586316, -0.3981957 , -0.25291759]), array([ 2.29883231, -0.40687505, -0.22559978]), array([ 2.34233815, -0.40422457, -0.1484585 ]), array([ 2.39514557, -0.40262113, -0.08927062]), array([ 2.4562233 , -0.3976749 , -0.02642406]), array([ 2.52471293, -0.38716313,  0.04323034]), array([ 2.59979549, -0.37041319,  0.11656013]), array([ 2.6798777 , -0.34628384,  0.19307578]), array([ 2.76382372, -0.31353075,  0.27446852]), array([ 2.85006435, -0.27060703,  0.36351717]), array([ 2.9365343 , -0.21589211,  0.46292888]), array([ 3.02097426, -0.14832483,  0.57168352]), array([ 3.10128092, -0.06786418,  0.68603455]), array([3.1750529 , 0.02550095, 0.80557498]), array([3.23976552, 0.13141408, 0.93010136]), array([3.29285768, 0.24905152, 1.05940503]), array([3.33182237, 0.37708596, 1.19326174]), array([3.35431158, 0.51367299, 1.33142262]), array([3.35825031, 0.65646764, 1.4736041 ])]
0.2405518015702347
[ 1.28519   5.295417  0.862298  5.967021 20.477299  0.480174 34.367399]
[INFO] [1774442218.303218246] [mpc_node]: Logging State [ 2.21426733 -0.38781069 -0.2538047   0.          0.          0.        ]
REF: [[ 2.21426733  2.29529811  2.32405027  2.38810897  2.43230028  2.466988
   2.49524921  2.53399549  2.56316186  2.59304907  2.65795387  2.6951695
   2.71597602  2.74106152  2.76301751  2.79956893  2.85763334  2.90727318
   2.96038994  2.98544412  3.00964672]
 [-0.38781069 -0.14249202 -0.13629202 -0.12349869 -0.11710036 -0.11362366
  -0.11159274 -0.10751991 -0.10287323 -0.09710187 -0.08348133 -0.07881237
  -0.0778932  -0.0777102  -0.07741667 -0.07688851 -0.07612545 -0.07275347
  -0.07110068 -0.07443541 -0.08239862]]
DEBUG STATE: [ 2.21426733 -0.38781069 -0.2538047   0.1         0.          0.
  4.81103603  0.34      ]
DEBUG PARAMS NODE 0: [15.         15.          1.          1.         25.         25.
  0.          0.          0.72730261  0.          0.          0.
  2.21426733 -0.38781069  0.          0.          0.          0.
  0.          0.        ]

iter	qp_stat	qp_iter
0	0	0
1	0	20


PREDICTED STATES: [array([ 2.21426733, -0.38781069, -0.2538047 ]), array([ 2.22329172, -0.39013792, -0.253462  ]), array([ 2.24048126, -0.39482233, -0.25213869]), array([ 2.26560733, -0.39678118, -0.22601021]), array([ 2.29851278, -0.39798111, -0.19397575]), array([ 2.33893324, -0.39837633, -0.15157768]), array([ 2.38667775, -0.3968639 , -0.10201509]), array([ 2.44140568, -0.39233702, -0.04488536]), array([ 2.50264767, -0.38356108,  0.01993193]), array([ 2.56979115, -0.3692244 ,  0.09222138]), array([ 2.64207637, -0.34801584,  0.17146361]), array([ 2.71856996, -0.3186475 ,  0.25712398]), array([ 2.79815259, -0.27987013,  0.34882133]), array([ 2.87944339, -0.23051553,  0.44645888]), array([ 2.96065619, -0.16954438,  0.55027495]), array([ 3.03971579, -0.09609319,  0.6601915 ]), array([ 3.11428579, -0.00961537,  0.77604221]), array([3.18179263, 0.09003927, 0.89763503]), array([3.2394894 , 0.20254268, 1.02474745]), array([3.2845474 , 0.32701685, 1.15711851]), array([3.3141733 , 0.46198146, 1.2944402 ])]
0.23229365290268295
[ 1.414761  5.175959  0.77519  20.334031  6.688835  0.375307 34.764083]
[INFO] [1774442218.342541533] [mpc_node]: Logging State [ 2.23543245 -0.38763561 -0.22675876  0.          0.          0.        ]
REF: [[ 2.23543245  2.29529811  2.32405027  2.38810897  2.43230028  2.466988
   2.49524921  2.53399549  2.56316186  2.59304907  2.65795387  2.6951695
   2.71597602  2.74106152  2.76301751  2.79956893  2.85763334  2.90727318
   2.96038994  2.98544412  3.00964672]
 [-0.38763561 -0.14249202 -0.13629202 -0.12349869 -0.11710036 -0.11362366
  -0.11159274 -0.10751991 -0.10287323 -0.09710187 -0.08348133 -0.07881237
  -0.0778932  -0.0777102  -0.07741667 -0.07688851 -0.07612545 -0.07275347
  -0.07110068 -0.07443541 -0.08239862]]
DEBUG STATE: [ 2.23543245 -0.38763561 -0.22675876  0.1         0.          0.
  4.64587306  0.34      ]
DEBUG PARAMS NODE 0: [15.         15.          1.          1.         25.         25.
  0.          0.          0.72730261  0.          0.          0.
  2.23543245 -0.38763561  0.          0.          0.          0.
  0.          0.        ]

iter	qp_stat	qp_iter
0	0	0
1	0	20


PREDICTED STATES: [array([ 2.23543245, -0.38763561, -0.22675876]), array([ 2.2443668 , -0.38968426, -0.22642743]), array([ 2.26121438, -0.39317387, -0.22258317]), array([ 2.28563783, -0.3949581 , -0.20052116]), array([ 2.31743336, -0.39525162, -0.16617624]), array([ 2.35636115, -0.39408473, -0.12648537]), array([ 2.40207663, -0.39073774, -0.07863211]), array([ 2.454243  , -0.38429956, -0.02384883]), array([ 2.51241864, -0.37375207,  0.03769742]), array([ 2.57604544, -0.35801893,  0.10587108]), array([ 2.64441953, -0.33598089,  0.18052266]), array([ 2.71666195, -0.30650422,  0.26151541]), array([ 2.79169142, -0.26847644,  0.34872215]), array([ 2.86820183, -0.22085095,  0.44202126]), array([ 2.9446479 , -0.16270042,  0.54129119]), array([ 3.01924249, -0.09327795,  0.64640547]), array([ 3.08996394, -0.01208065,  0.75723114]), array([3.1545804 , 0.08108093, 0.87362233]), array([3.21069297, 0.18601285, 0.99541467]), array([3.25579971, 0.30207227, 1.12241952]), array([3.28738124, 0.42811259, 1.25441783])]
0.2234528399248609
[ 1.581678 31.39912   1.492363  3.751053  5.496     1.02931  44.749524]
[INFO] [1774442218.391541677] [mpc_node]: Logging State [ 2.24898699 -0.38673155 -0.22348791  0.          0.          0.        ]
REF: [[ 2.24898699  2.29529811  2.32405027  2.38810897  2.43230028  2.466988
   2.49524921  2.53399549  2.56316186  2.59304907  2.65795387  2.6951695
   2.71597602  2.74106152  2.76301751  2.79956893  2.85763334  2.90727318
   2.96038994  2.98544412  3.00964672]
 [-0.38673155 -0.14249202 -0.13629202 -0.12349869 -0.11710036 -0.11362366
  -0.11159274 -0.10751991 -0.10287323 -0.09710187 -0.08348133 -0.07881237
  -0.0778932  -0.0777102  -0.07741667 -0.07688851 -0.07612545 -0.07275347
  -0.07110068 -0.07443541 -0.08239862]]
DEBUG STATE: [ 2.24898699 -0.38673155 -0.22348791  0.1         0.          0.
  4.4690568   0.34      ]
DEBUG PARAMS NODE 0: [15.         15.          1.          1.         25.         25.
  0.          0.          0.72730261  0.          0.          0.
  2.24898699 -0.38673155  0.          0.          0.          0.
  0.          0.        ]

iter	qp_stat	qp_iter
0	0	0
1	0	20


PREDICTED STATES: [array([ 2.24898699, -0.38673155, -0.22348791]), array([ 2.25777544, -0.3887171 , -0.22316769]), array([ 2.27418775, -0.39211832, -0.21972766]), array([ 2.29790848, -0.39404114, -0.19941629]), array([ 2.32874283, -0.39432088, -0.16614377]), array([ 2.36645421, -0.39329463, -0.12596889]), array([ 2.41076537, -0.39010961, -0.07979099]), array([ 2.46133912, -0.38399852, -0.02662316]), array([ 2.51777383, -0.37400735,  0.03308056]), array([ 2.57955576, -0.35911694,  0.09922856]), array([ 2.64603596, -0.3382605 ,  0.17168307]), array([ 2.71640239, -0.31035304,  0.25031666]), array([ 2.78965476, -0.27432443,  0.33501073]), array([ 2.86458336, -0.22915941,  0.42565218]), array([ 2.93975384, -0.17394489,  0.52212971]), array([ 3.01350079, -0.10792435,  0.62432972]), array([ 3.08393249, -0.03055848,  0.73213199]), array([3.14895022, 0.05840997, 0.84540502]), array([3.20628428, 0.15889016, 0.96400108]), array([3.25354915, 0.27038008, 1.08775102]), array([3.28831864, 0.39191186, 1.21645888])]
0.2153099823596655
[ 2.432935  3.03804   0.872442  7.262003  6.659201  0.423757 20.688378]
[INFO] [1774442218.415542278] [mpc_node]: Logging State [ 2.26083504 -0.38628745 -0.22095744  0.          0.          0.        ]
[INFO] [1774442218.418442522] [mpc_node]: Logging State [ 2.24025974 -0.38384008 -0.25220228 -0.56256805 -0.03232529 -1.10289696]
[INFO] [1774442218.420953219] [mpc_node]: Logging State [ 2.25582927 -0.38378842 -0.22530022  0.          0.          0.        ]
REF: [[ 2.25582927  2.29529811  2.32405027  2.38810897  2.43230028  2.466988
   2.49524921  2.53399549  2.56316186  2.59304907  2.65795387  2.6951695
   2.71597602  2.74106152  2.76301751  2.79956893  2.85763334  2.90727318
   2.96038994  2.98544412  3.00964672]
 [-0.38378842 -0.14249202 -0.13629202 -0.12349869 -0.11710036 -0.11362366
  -0.11159274 -0.10751991 -0.10287323 -0.09710187 -0.08348133 -0.07881237
  -0.0778932  -0.0777102  -0.07741667 -0.07688851 -0.07612545 -0.07275347
  -0.07110068 -0.07443541 -0.08239862]]
DEBUG STATE: [ 2.25582927 -0.38378842 -0.22530022  0.1         0.          0.
  4.30619965  0.34      ]
DEBUG PARAMS NODE 0: [15.         15.          1.          1.         25.         25.
  0.          0.          0.72730261  0.          0.          0.
  2.25582927 -0.38378842  0.          0.          0.          0.
  0.          0.        ]

iter	qp_stat	qp_iter
0	0	0
1	0	20


PREDICTED STATES: [array([ 2.25582927, -0.38378842, -0.22530022]), array([ 2.26447399, -0.38575849, -0.22498966]), array([ 2.28047732, -0.38914387, -0.22187702]), array([ 2.30355292, -0.39129319, -0.20301925]), array([ 2.3335502 , -0.39164649, -0.17269519]), array([ 2.37020425, -0.39087985, -0.1334965 ]), array([ 2.41328871, -0.38817406, -0.08827196]), array([ 2.46249805, -0.38268266, -0.03672796]), array([ 2.51746398, -0.37355578,  0.02133453]), array([ 2.577719  , -0.35981528,  0.08568726]), array([ 2.64266891, -0.34043774,  0.15620087]), array([ 2.71156752, -0.31437653,  0.23275745]), array([ 2.78349233, -0.28059175,  0.31524755]), array([ 2.85732342, -0.23808648,  0.40356713]), array([ 2.9317275 , -0.18595002,  0.49761433]), array([ 3.0051494 , -0.12340798,  0.5972858 ]), array([ 3.07581365, -0.04987856,  0.70247288]), array([3.14173867, 0.03496657, 0.81305746]), array([3.20076626, 0.13113934, 0.92890771]), array([3.2506085 , 0.23827371, 1.04987354]), array([3.2889132 , 0.35557041, 1.17578199])]
0.20786949553685063
[ 1.333895  2.922901  0.848377  3.312448  4.927599  0.661875 14.007095]
[INFO] [1774442218.438282267] [mpc_node]: Logging State [ 2.22279175 -0.38162301 -0.2590915  -0.38965023 -0.03507061 -0.52095957]
[INFO] [1774442218.440549341] [mpc_node]: Logging State [ 2.24281673 -0.38057536 -0.23020893 -0.01744294  0.01373544  0.17560513]
[INFO] [1774442218.442625305] [mpc_node]: Logging State [ 2.26323496 -0.38643834 -0.22111821  0.17863833  0.0057476   0.19943091]
[INFO] [1774442218.470255804] [mpc_node]: Logging State [ 2.27951693 -0.38569774 -0.2152505   0.29023931  0.03136727  0.19178031]
REF: [[ 2.27951693  2.30461797  2.34444008  2.41285468  2.45534366  2.48192605
   2.51621254  2.55228068  2.57888045  2.62206167  2.7201503   2.74461946
   2.76728017  2.8086076   2.85978767  2.91173225  2.96096952  2.98595579
   3.01014566  3.03124967  3.0501794 ]
 [-0.38569774 -0.14060277 -0.13178689 -0.1197056  -0.11459021 -0.1125583
  -0.10967067 -0.10475772 -0.09991993 -0.09099371 -0.07782294 -0.07769347
  -0.07731923 -0.07696104 -0.07600364 -0.07244777 -0.07113438 -0.07454874
  -0.08262246 -0.09302624 -0.1010308 ]]
DEBUG STATE: [ 2.27951693 -0.38569774 -0.2152505   0.29023931  0.03136727  0.19178031
  4.15738991  0.34      ]
DEBUG PARAMS NODE 0: [15.         15.          1.          1.         25.         25.
  0.          0.          0.72730261  0.          0.          0.
  2.27951693 -0.38569774  0.          0.          0.          0.
  0.          0.        ]

iter	qp_stat	qp_iter
0	0	0
1	0	12


PREDICTED STATES: [array([ 2.27951693, -0.38569774, -0.2152505 ]), array([ 2.29764815, -0.38751731, -0.20186865]), array([ 2.32279221, -0.38863471, -0.17413237]), array([ 2.35457805, -0.38458452, -0.12169457]), array([ 2.3927904 , -0.38238036, -0.08295593]), array([ 2.43691621, -0.37800181, -0.03692613]), array([ 2.48657616, -0.37049458,  0.01486488]), array([ 2.54129907, -0.35910941,  0.07285116]), array([ 2.60054308, -0.34296584,  0.13652952]), array([ 2.66369777, -0.3212871 ,  0.20488049]), array([ 2.7301208 , -0.29348519,  0.27654852]), array([ 2.79904153, -0.25887556,  0.35129934]), array([ 2.86949688, -0.21666506,  0.42989898]), array([ 2.94027659, -0.16599688,  0.51369353]), array([ 3.00990197, -0.10605147,  0.60401284]), array([ 3.07667942, -0.03620225,  0.70145229]), array([3.13885812, 0.04381422, 0.80521948]), array([3.1947207 , 0.13387328, 0.91394315]), array([3.24241091, 0.23361049, 1.02717974]), array([3.27998714, 0.34235645, 1.14481134]), array([3.30551279, 0.45907842, 1.266724  ])]
0.19721858047880564
[ 1.241924 18.22773   0.902138 16.974382 17.21026   1.180866 55.7373  ]
[INFO] [1774442218.534822704] [mpc_node]: Logging State [ 2.28736509 -0.38333551 -0.21013037  0.30316293  0.06139506  0.21100152]
REF: [[ 2.28736509  2.30525005  2.34590859  2.41361377  2.45593924  2.48249227
   2.51701982  2.55279481  2.57945702  2.62334747  2.72111101  2.74540278
   2.7682986   2.81077853  2.85993427  2.91203487  2.96100854  2.98599039
   3.01017936  3.03127518  3.05021012]
 [-0.38333551 -0.14046875 -0.13147537 -0.1195977  -0.11453585 -0.1125189
  -0.10958386 -0.10467228 -0.09980762 -0.09071348 -0.07781049 -0.07768861
  -0.07729549 -0.07698271 -0.07599517 -0.07242727 -0.07113671 -0.07455648
  -0.08263765 -0.09303878 -0.10104142]]
DEBUG STATE: [ 2.28736509 -0.38333551 -0.21013037  0.30316293  0.06139506  0.21100152
  3.94437161  0.34      ]
DEBUG PARAMS NODE 0: [15.         15.          1.          1.         25.         25.
  0.          0.          0.72730261  0.          0.          0.
  2.28736509 -0.38333551  0.          0.          0.          0.
  0.          0.        ]

iter	qp_stat	qp_iter
0	0	0
1	0	20


PREDICTED STATES: [array([ 2.28736509, -0.38333551, -0.21013037]), array([ 2.30623413, -0.38381825, -0.19316243]), array([ 2.33176399, -0.38374549, -0.16557252]), array([ 2.36366768, -0.38292161, -0.13384127]), array([ 2.40153727, -0.38064132, -0.09340148]), array([ 2.44505317, -0.37608657, -0.04793704]), array([ 2.49382638, -0.36862313,  0.00363309]), array([ 2.54742556, -0.35747469,  0.06075448]), array([ 2.605342  , -0.341843  ,  0.12330062]), array([ 2.66697327, -0.32090866,  0.19113639]), array([ 2.73160577, -0.29385026,  0.26415053]), array([ 2.79840538, -0.25986921,  0.34222622]), array([ 2.86640132, -0.21821748,  0.42523958]), array([ 2.93447538, -0.16823016,  0.51306568]), array([ 3.0013611 , -0.10935896,  0.60558786]), array([ 3.06564998, -0.04120358,  0.70270658]), array([3.12579842, 0.03645521, 0.80434385]), array([3.18013525, 0.12361756, 0.91044426]), array([3.22689073, 0.22002086, 1.02093289]), array([3.26423868, 0.32509986, 1.13571659]), array([3.29034628, 0.43795404, 1.25469052])]
0.18766419833209558
[ 2.263362 11.08957   0.714613 11.540143 16.522624  0.407116 42.537428]
[INFO] [1774442218.596847547] [mpc_node]: Logging State [ 2.26477354e+00 -3.83351470e-01 -1.72863216e-01 -2.01979633e-01
  1.73960608e-03  9.78354136e-01]
REF: [[ 2.26477354  2.29529811  2.32405027  2.38810897  2.43230028  2.466988
   2.49524921  2.53399549  2.56316186  2.59304907  2.65795387  2.6951695
   2.71597602  2.74106152  2.76301751  2.79956893  2.85763334  2.90727318
   2.96038994  2.98544412  3.00964672]
 [-0.38335147 -0.14249202 -0.13629202 -0.12349869 -0.11710036 -0.11362366
  -0.11159274 -0.10751991 -0.10287323 -0.09710187 -0.08348133 -0.07881237
  -0.0778932  -0.0777102  -0.07741667 -0.07688851 -0.07612545 -0.07275347
  -0.07110068 -0.07443541 -0.08239862]]
DEBUG STATE: [ 2.26477354e+00 -3.83351470e-01 -1.72863216e-01 -2.01979633e-01
  1.73960608e-03  9.78354136e-01  3.75328397e+00  3.40000000e-01]
DEBUG PARAMS NODE 0: [15.         15.          1.          1.         25.         25.
  0.          0.          0.72730261  0.          0.          0.
  2.26477354 -0.38335147  0.          0.          0.          0.
  0.          0.        ]

iter	qp_stat	qp_iter
0	0	0
1	0	18


PREDICTED STATES: [array([ 2.26477354, -0.38335147, -0.17286322]), array([ 2.25818096, -0.38224937, -0.1241439 ]), array([ 2.25896412, -0.37926019, -0.11004315]), array([ 2.26674973, -0.37771946, -0.10325515]), array([ 2.28119449, -0.37606883, -0.09202668]), array([ 2.3021395 , -0.37427881, -0.06787313]), array([ 2.32961287, -0.37145499, -0.03960089]), array([ 2.36352146, -0.36716058, -0.00389256]), array([ 2.40374241, -0.36065141,  0.03845239]), array([ 2.45005597, -0.35106296,  0.08745429]), array([ 2.50213034, -0.33742902,  0.14305093]), array([ 2.55949254, -0.31870459,  0.20517733]), array([ 2.62149924, -0.29379173,  0.27376669]), array([ 2.6873088 , -0.26157241,  0.34874951]), array([ 2.7558571 , -0.22094989,  0.43005225]), array([ 2.82583977, -0.17089818,  0.51759562]), array([ 2.89570257, -0.11051823,  0.61129234]), array([ 2.9636419 , -0.03909957,  0.71104456]), array([3.02761921, 0.04381314, 0.81674108]), array([3.08539963, 0.13834887, 0.92819892]), array([3.13460298, 0.24424445, 1.0452303 ])]
0.18781444353359067
[ 1.237924 18.179857  0.83692   7.618525 27.790088  0.396971 56.060285]
[INFO] [1774442218.659871394] [mpc_node]: Logging State [ 2.24372984 -0.38134554 -0.1798821  -0.53462586 -0.01624076  0.35061619]
REF: [[ 2.24372984  2.29529811  2.32405027  2.38810897  2.43230028  2.466988
   2.49524921  2.53399549  2.56316186  2.59304907  2.65795387  2.6951695
   2.71597602  2.74106152  2.76301751  2.79956893  2.85763334  2.90727318
   2.96038994  2.98544412  3.00964672]
 [-0.38134554 -0.14249202 -0.13629202 -0.12349869 -0.11710036 -0.11362366
  -0.11159274 -0.10751991 -0.10287323 -0.09710187 -0.08348133 -0.07881237
  -0.0778932  -0.0777102  -0.07741667 -0.07688851 -0.07612545 -0.07275347
  -0.07110068 -0.07443541 -0.08239862]]
DEBUG STATE: [ 2.24372984 -0.38134554 -0.1798821  -0.53462586 -0.01624076  0.35061619
  3.75628887  0.34      ]
DEBUG PARAMS NODE 0: [15.         15.          1.          1.         25.         25.
  0.          0.          0.72730261  0.          0.          0.
  2.24372984 -0.38134554  0.          0.          0.          0.
  0.          0.        ]

SQP_RTI: QP solver returned error status 37 QP iteration 2.

iter	qp_stat	qp_iter
0	0	0
1	37	2


PREDICTED STATES: [array([ 2.24372984, -0.38134554, -0.1798821 ]), array([ 2.25818096, -0.38224937, -0.1241439 ]), array([ 2.25896412, -0.37926019, -0.11004315]), array([ 2.26674973, -0.37771946, -0.10325515]), array([ 2.28119449, -0.37606883, -0.09202668]), array([ 2.3021395 , -0.37427881, -0.06787313]), array([ 2.32961287, -0.37145499, -0.03960089]), array([ 2.36352146, -0.36716058, -0.00389256]), array([ 2.40374241, -0.36065141,  0.03845239]), array([ 2.45005597, -0.35106296,  0.08745429]), array([ 2.50213034, -0.33742902,  0.14305093]), array([ 2.55949254, -0.31870459,  0.20517733]), array([ 2.62149924, -0.29379173,  0.27376669]), array([ 2.6873088 , -0.26157241,  0.34874951]), array([ 2.7558571 , -0.22094989,  0.43005225]), array([ 2.82583977, -0.17089818,  0.51759562]), array([ 2.89570257, -0.11051823,  0.61129234]), array([ 2.9636419 , -0.03909957,  0.71104456]), array([3.02761921, 0.04381314, 0.81674108]), array([3.08539963, 0.13834887, 0.92819892]), array([3.13460298, 0.24424445, 1.0452303 ])]
0.0
[WARN] [1774442218.715438065] [mpc_node]: MPC solver failed with status: 4
[INFO] [1774442218.723814628] [mpc_node]: Logging State [ 2.27018908 -0.37404307 -0.1564531   0.21511959  0.13722015  0.87222417]
REF: [[ 2.27018908  2.30094155  2.33606059  2.40630624  2.44969266  2.47716987
   2.50938954  2.54754768  2.57396057  2.61176181  2.70507534  2.72950911
   2.75212664  2.77845114  2.83159424  2.86510226  2.92250317  2.96294561
   2.98773157  3.0118678   3.03255244]
 [-0.37404307 -0.14136873 -0.13360071 -0.1206558  -0.11513457 -0.11288895
  -0.11036527 -0.10552567 -0.10086817 -0.09321056 -0.07823981 -0.07774503
  -0.07762108 -0.0770689  -0.07704382 -0.07568316 -0.07174322 -0.07126314
  -0.07495818 -0.08340986 -0.09366245]]
DEBUG STATE: [ 2.27018908 -0.37404307 -0.1564531   0.21511959  0.13722015  0.87222417
  0.          0.        ]
DEBUG PARAMS NODE 0: [15.         15.          1.          1.         25.         25.
  0.          0.          0.72730261  0.          0.          0.
  2.27018908 -0.37404307  0.          0.          0.          0.
  0.          0.        ]

iter	qp_stat	qp_iter
0	0	0
1	0	5


PREDICTED STATES: [array([ 2.27018908, -0.37404307, -0.1564531 ]), array([ 2.28198987, -0.36873909, -0.11332329]), array([ 2.29435393, -0.36312337, -0.0704002 ]), array([ 2.30783031, -0.35715575, -0.02717199]), array([ 2.32263459, -0.35026406,  0.01646846]), array([ 2.33918306, -0.34384077,  0.0482017 ]), array([ 2.35779289, -0.33827359,  0.06608335]), array([ 2.37805455, -0.33159863,  0.08633136]), array([ 2.39993096, -0.32344258,  0.10804856]), array([ 2.42359951, -0.31454251,  0.13474794]), array([ 2.44911017, -0.30467796,  0.16370958]), array([ 2.47660366, -0.29393994,  0.19461417]), array([ 2.50652716, -0.28285616,  0.22487021]), array([ 2.5398582 , -0.27242984,  0.2498785 ]), array([ 2.57794745, -0.26352041,  0.26675784]), array([ 2.62246459, -0.25661653,  0.27469942]), array([ 2.67530353, -0.25164923,  0.27476651]), array([ 2.73845958, -0.24785785,  0.26926592]), array([ 2.81391102, -0.24372217,  0.26086261]), array([ 2.90350274, -0.23694066,  0.25182028]), array([ 3.00878075, -0.22440568,  0.24375046])]
0.012660625029339512
[ 1.237732 20.196747  0.787543  4.326013 26.029717  0.429132 53.006884]
[INFO] [1774442218.780499348] [mpc_node]: Logging State [ 2.29086959 -0.37121698 -0.14729755  0.52333183  0.17449179  0.696341  ]
REF: [[ 2.29086959  2.31600435  2.37101445  2.42062254  2.46074277  2.48755605
   2.52410224  2.55708873  2.5846178   2.6356257   2.71951188  2.74409306
   2.76661286  2.80718505  2.85964179  2.91143096  2.96093091  2.98592157
   3.01011232  3.03122442  3.05014903]
 [-0.37121698 -0.13811023 -0.12648627 -0.11862303 -0.11411861 -0.11216276
  -0.10877901 -0.10394417 -0.09879295 -0.08802302 -0.07783193 -0.07769647
  -0.07733474 -0.07694715 -0.07601205 -0.07246821 -0.07113207 -0.07454109
  -0.08260744 -0.09301384 -0.1010203 ]]
DEBUG STATE: [ 2.29086959 -0.37121698 -0.14729755  0.52333183  0.17449179  0.696341
  0.2532125   0.06489084]
DEBUG PARAMS NODE 0: [15.         15.          1.          1.         25.         25.
  0.          0.          0.78624395  0.          0.          0.
  2.29086959 -0.37121698  0.          0.          0.          0.
  0.          0.        ]

iter	qp_stat	qp_iter
0	0	0
1	0	15


PREDICTED STATES: [array([ 2.29086959, -0.37121698, -0.14729755]), array([ 2.31794068, -0.3712897 , -0.12907003]), array([ 2.34580024, -0.37148484, -0.1127078 ]), array([ 2.37474108, -0.37160021, -0.10689991]), array([ 2.40510154, -0.37239672, -0.11632603]), array([ 2.43747386, -0.37549404, -0.14686392]), array([ 2.4699671 , -0.37764342, -0.14710801]), array([ 2.50231742, -0.37442669, -0.11538144]), array([ 2.53634715, -0.37045732, -0.08809243]), array([ 2.57199415, -0.36602762, -0.05844251]), array([ 2.60862414, -0.35903009, -0.02349169]), array([ 2.64647678, -0.34720741, -0.06138388]), array([ 2.68680796, -0.33935307, -0.01643122]), array([ 2.72855413, -0.32996177,  0.0271202 ]), array([ 2.77153371, -0.31890339,  0.07121879]), array([ 2.81557456, -0.30606618,  0.11638087]), array([ 2.86045769, -0.29120112,  0.16328364]), array([ 2.90596748, -0.27395618,  0.21252813]), array([ 2.95192948, -0.25391754,  0.26438221]), array([ 2.99821811, -0.23063717,  0.31874235]), array([ 3.04474354, -0.20362408,  0.37549533])]
0.01850452871743116
[ 1.233732  8.551352  0.782615  5.135349 19.952164  0.40062  36.055832]
[INFO] [1774442218.826650769] [mpc_node]: Logging State [ 2.30582808 -0.36944718 -0.13981091  0.64904472  0.18705574  0.58231733]
REF: [[ 2.30582808  2.322138    2.38430274  2.42900346  2.46533187  2.49310884
   2.53138596  2.5614849   2.59058101  2.65124159  2.70231292  2.72591498
   2.7492348   2.77375675  2.82225706  2.86088584  2.91399444  2.96127111
   2.98622371  3.01040645  3.03144707]
 [-0.36944718 -0.1367254  -0.12413528 -0.11751583 -0.11375055 -0.11175636
  -0.10786772 -0.10317347 -0.09760106 -0.08475479 -0.07837354 -0.077765
  -0.07765646 -0.0771695  -0.07707127 -0.07593964 -0.07229536 -0.07115263
  -0.0746089  -0.08274025 -0.09312315]]
DEBUG STATE: [ 2.30582808 -0.36944718 -0.13981091  0.64904472  0.18705574  0.58231733
  0.37009057  0.22489084]
DEBUG PARAMS NODE 0: [15.         15.          1.          1.         25.         25.
  0.          0.          0.72730261  0.          0.          0.
  2.30582808 -0.36944718  0.          0.          0.          0.
  0.          0.        ]

iter	qp_stat	qp_iter
0	0	0
1	0	11


PREDICTED STATES: [array([ 2.30582808, -0.36944718, -0.13981091]), array([ 2.33954851, -0.368323  , -0.11124545]), array([ 2.37388861, -0.36607377, -0.08104991]), array([ 2.40868105, -0.3625005 , -0.04193294]), array([ 2.44399539e+00, -3.57375152e-01, -7.18196985e-04]), array([ 2.47989958, -0.35004995,  0.04563369]), array([ 2.51683972, -0.33937162,  0.10169522]), array([ 2.55416521, -0.3295417 ,  0.14431037]), array([ 2.591876  , -0.31773228,  0.18590895]), array([ 2.62998911, -0.30387074,  0.22821237]), array([ 2.6683051 , -0.28785149,  0.27101989]), array([ 2.70670296, -0.26952124,  0.31350562]), array([ 2.74598125, -0.24883092,  0.35830308]), array([ 2.78506911, -0.22558473,  0.40333168]), array([ 2.82376845, -0.19982682,  0.44860659]), array([ 2.86197941, -0.17168895,  0.4933088 ]), array([ 2.89959531, -0.14128213,  0.53710764]), array([ 2.93648983, -0.10869299,  0.58011335]), array([ 2.97251141, -0.07398098,  0.62271814]), array([ 3.00749018, -0.03717608,  0.66542063]), array([3.04124053e+00, 1.71142834e-03, 7.08625115e-01])]
0.019841032868852644
[11.284456 10.751192  0.73135   2.935893 10.313068  0.660979 36.676938]
[INFO] [1774442218.868045828] [mpc_node]: Logging State [ 2.33838667 -0.36813643 -0.09255367  0.87339913  0.1960696   1.18352075]
REF: [[ 2.33838667  2.33308595  2.40285146  2.44644239  2.47486592  2.50609514
   2.54492591  2.57151907  2.60708027  2.69483432  2.71550205  2.74063653
   2.76254477  2.79857913  2.85715879  2.90629018  2.96024984  2.98532106
   3.00952656  3.03078044  3.04961949]
 [-0.36813643 -0.13425861 -0.12117172 -0.11547012 -0.11305046 -0.11067618
  -0.10593592 -0.10133139 -0.09420112 -0.07883633 -0.07790303 -0.07771173
  -0.07742714 -0.07688412 -0.07615158 -0.07282168 -0.0710928  -0.07440847
  -0.08234501 -0.09279521 -0.10083613]]
DEBUG STATE: [ 2.33838667 -0.36813643 -0.09255367  0.87339913  0.1960696   1.18352075
  0.39682066  0.32889078]
DEBUG PARAMS NODE 0: [15.         15.          1.          1.         25.         25.
  0.          0.          0.72730261  0.          0.          0.
  2.33838667 -0.36813643  0.          0.          0.          0.
  0.          0.        ]

iter	qp_stat	qp_iter
0	0	0
1	0	9


PREDICTED STATES: [array([ 2.33838667, -0.36813643, -0.09255367]), array([ 2.38334948, -0.36314976, -0.04524346]), array([ 2.42884907, -0.35688448,  0.00246457]), array([ 2.47448527, -0.34848743,  0.05104627]), array([ 2.52005385, -0.33786749,  0.100044  ]), array([ 2.56535387, -0.32500315,  0.1490969 ]), array([ 2.61016697, -0.30982204,  0.19828754]), array([ 2.65425624, -0.29227644,  0.24759566]), array([ 2.69754108, -0.27250415,  0.29699805]), array([ 2.73987705, -0.25054935,  0.34648117]), array([ 2.78115111, -0.2265119 ,  0.39564285]), array([ 2.82134202, -0.20062213,  0.44344583]), array([ 2.86046479, -0.17313972,  0.48941157]), array([ 2.89856206, -0.14423011,  0.53211071]), array([ 2.93568198, -0.11410842,  0.57184194]), array([ 2.97183701, -0.08286754,  0.60881201]), array([ 3.00701521, -0.05056957,  0.64351865]), array([ 3.04118132, -0.01724936,  0.67656113]), array([3.07428926, 0.01707111, 0.70850112]), array([3.10629335, 0.05237194, 0.73978188]), array([3.13715849, 0.08862551, 0.77071348])]
0.01638401340031363
[ 1.136193  6.379994  2.812945  5.093332 12.807221  0.359562 28.589247]
[INFO] [1774442218.901765496] [mpc_node]: Logging State [ 2.35984613 -0.36559967 -0.06257391  0.55875824  0.16520465  0.95939135]
REF: [[ 2.35984613  2.35905959  2.41751829  2.45876132  2.48536331  2.5210722
   2.55528481  2.58237302  2.63011376  2.72236131  2.74640966  2.76965408
   2.81366175  2.86005503  2.91228403  2.96104089  2.98601909  3.01020731
   3.03129634  3.05023562  3.08239215]
 [-0.36559967 -0.12877836 -0.11904976 -0.11428632 -0.11231809 -0.10913294
  -0.10425316 -0.0992363  -0.08922973 -0.07779611 -0.07768158 -0.07726385
  -0.07701096 -0.07598818 -0.07241042 -0.07113865 -0.0745629  -0.08265026
  -0.09304917 -0.10105023 -0.10986306]]
DEBUG STATE: [ 2.35984613 -0.36559967 -0.06257391  0.55875824  0.16520465  0.95939135
  0.32768027  0.34      ]
DEBUG PARAMS NODE 0: [15.         15.          1.          1.         25.         25.
  0.          0.          0.72730261  0.          0.          0.
  2.35984613 -0.36559967  0.          0.          0.          0.
  0.          0.        ]

iter	qp_stat	qp_iter
0	0	0
1	0	8


PREDICTED STATES: [array([ 2.35984613, -0.36559967, -0.06257391]), array([ 2.38906473, -0.36124058, -0.03092789]), array([ 2.41892229e+00, -3.56154053e-01,  1.87565476e-04]), array([ 2.44947389, -0.35023052,  0.03232378]), array([ 2.4807907 , -0.34332893,  0.06552854]), array([ 2.51288653, -0.33527949,  0.1011587 ]), array([ 2.54579212, -0.32594091,  0.13743583]), array([ 2.57945738, -0.31511435,  0.17478597]), array([ 2.61382018, -0.30263994,  0.21327343]), array([ 2.6488031 , -0.28837949,  0.25281916]), array([ 2.68440948, -0.27235409,  0.29234562]), array([ 2.72073774, -0.25474354,  0.330187  ]), array([ 2.75782333, -0.23564072,  0.36557465]), array([ 2.79565498, -0.21506523,  0.39790922]), array([ 2.83418452, -0.19301316,  0.42837155]), array([ 2.87333189, -0.16941701,  0.45693091]), array([ 2.91298664, -0.14418155,  0.48424215]), array([ 2.95302408, -0.11719942,  0.5109341 ]), array([ 2.99330879, -0.08836096,  0.53756193]), array([ 3.03369994, -0.05756405,  0.56456252]), array([ 3.07405754, -0.02472262,  0.59222769])]
0.02040915890025483
[ 1.096192  9.188971  0.700212  4.026741 14.141787  0.355307 29.50921 ]
[INFO] [1774442218.934342186] [mpc_node]: Logging State [ 2.36352184 -0.3605559  -0.05710861  0.38894738  0.15877735  0.57889604]
[INFO] [1774442218.936163551] [mpc_node]: Logging State [ 2.42357563 -0.35794848 -0.00726035  0.71027468  0.152955    0.80724664]
[INFO] [1774442218.937794927] [mpc_node]: Logging State [ 2.4639748  -0.35097499  0.06980219  1.04890667  0.18199514  1.89823823]
[INFO] [1774442218.949551524] [mpc_node]: Logging State [ 2.51545521 -0.33651202  0.10239876  1.3545455   0.22432516  1.56732287]
REF: [[ 2.51545521  2.56622779  2.59785272  2.67109101  2.69089509  2.7099949
   2.73524505  2.75710041  2.78756113  2.84682999  2.88576693  2.95213588
   2.97863857  3.00293057  3.02561587  3.04404269  3.06985815  3.12314519
   3.14680288  3.1664306   3.18989305]
 [-0.33651202 -0.10231605 -0.09612062 -0.08134996 -0.07914093 -0.07804979
  -0.07772679 -0.07753907 -0.07692161 -0.07664655 -0.074277   -0.07080548
  -0.07311638 -0.07960749 -0.09020622 -0.09876583 -0.10679277 -0.12044009
  -0.12831164 -0.13607888 -0.14633615]]
DEBUG STATE: [ 2.51545521 -0.33651202  0.10239876  1.3545455   0.22432516  1.56732287
  0.40818318  0.34      ]
DEBUG PARAMS NODE 0: [15.         15.          1.          1.         25.         25.
  0.          0.          0.72730261  0.          0.          0.
  2.51545521 -0.33651202  0.          0.          0.          0.
  0.          0.        ]

iter	qp_stat	qp_iter
0	0	0
1	0	0


PREDICTED STATES: [array([ 2.51545521, -0.33651202,  0.10239876]), array([ 2.58121449, -0.31572654,  0.17396467]), array([ 2.64843431, -0.29852015,  0.23590437]), array([ 2.71450196, -0.27890251,  0.29580051]), array([ 2.77891607, -0.25679933,  0.35397077]), array([ 2.84125399, -0.23224331,  0.41032516]), array([ 2.90128902, -0.20544634,  0.46305337]), array([ 2.95881138, -0.17684918,  0.50880741]), array([ 3.01369429, -0.14689603,  0.54796904]), array([ 3.06589914, -0.11604527,  0.58038045]), array([ 3.11551251, -0.08481167,  0.60551976]), array([ 3.16272515, -0.0537341 ,  0.62297335]), array([ 3.20770978, -0.02326571,  0.63308117]), array([3.25061912, 0.00622124, 0.63661834]), array([3.29152105, 0.03439001, 0.63480186]), array([3.33060478, 0.06112065, 0.62825709]), array([3.3679938 , 0.08612884, 0.61835354]), array([3.40383396, 0.10926074, 0.60553479]), array([3.4383098 , 0.13034626, 0.59012933]), array([3.47164984, 0.14919666, 0.57228476]), array([3.50413674, 0.16559088, 0.55225241])]
0.004934036483664303
[ 1.342759  2.876372  0.747254  7.944839 10.312299  0.376875 23.600398]
[INFO] [1774442218.979709297] [mpc_node]: Logging State [ 2.58009275 -0.32232587  0.17890132  1.54119481  0.22227491  1.85225183]
REF: [[ 2.58009275  2.6581394   2.69500418  2.7157422   2.7408525   2.76278411
   2.79907977  2.85740639  2.90680302  2.96032392  2.9853861   3.00959007
   3.03082863  3.04967655  3.08121151  3.13970966  3.15861169  3.18073201
   3.20489113  3.22834186  3.25240838]
 [-0.32232587 -0.08344768 -0.07882415 -0.077898   -0.07771096 -0.07742185
  -0.07688622 -0.07613798 -0.07278606 -0.07109695 -0.07442269 -0.08237333
  -0.09281898 -0.10085607 -0.10957944 -0.12578111 -0.13284987 -0.14230647
  -0.1526254  -0.16090873 -0.16683944]]
DEBUG STATE: [ 2.58009275 -0.32232587  0.17890132  1.54119481  0.22227491  1.85225183
  0.09868073  0.32842573]
DEBUG PARAMS NODE 0: [15.         15.          1.          1.         25.         25.
  0.          0.          0.72730261  0.          0.          0.
  2.58009275 -0.32232587  0.          0.          0.          0.
  0.          0.        ]

iter	qp_stat	qp_iter
0	0	0
1	0	1


PREDICTED STATES: [array([ 2.58009275, -0.32232587,  0.17890132]), array([ 2.65239405, -0.29342668,  0.25987317]), array([ 2.72233654, -0.25958505,  0.3369011 ]), array([ 2.78989749, -0.22291689,  0.40122046]), array([ 2.85533911, -0.18552676,  0.44819809]), array([ 2.91879381, -0.1487977 ,  0.47819188]), array([ 2.98040418, -0.11370247,  0.49304065]), array([ 3.04037834, -0.08100771,  0.49459531]), array([ 3.09886166, -0.05136311,  0.48480871]), array([ 3.15580089, -0.02504485,  0.46674543]), array([ 3.21100090e+00, -2.04763849e-03,  4.43743064e-01]), array([3.26419086, 0.01781604, 0.41873352]), array([3.31510187, 0.0347888 , 0.39370342]), array([3.36350016, 0.04911139, 0.36974957]), array([3.40920032, 0.06101287, 0.34733092]), array([3.45203567, 0.07072232, 0.32628891]), array([3.49191915, 0.07839504, 0.30842513]), array([3.52872246, 0.08424468, 0.29284353]), array([3.56234708, 0.08845797, 0.2793588 ]), array([3.59271291, 0.09120191, 0.26775361]), array([3.61973765, 0.09264701, 0.25778168])]
-0.012930655967329714
[ 1.215299  7.829348  1.709394  5.774247 12.557997  0.354635 29.44092 ]
[INFO] [1774442219.012190881] [mpc_node]: Logging State [ 2.59484179 -0.31234587  0.18103664  1.18316714  0.2256927   1.02696583]
[INFO] [1774442219.016953483] [mpc_node]: Logging State [ 2.65575882 -0.29489777  0.21905713  1.82298012  0.23888645  1.3805181 ]
[INFO] [1774442219.021081763] [mpc_node]: Logging State [ 2.68743753 -0.27617392  0.27760225  1.74005993  0.29474382  1.97467441]
REF: [[ 2.68743753  2.7525635   2.77920275  2.83301609  2.8662608   2.92476555
   2.9636064   2.98833573  3.01245004  3.03299339  3.05234779  3.08690497
   3.14429822  3.16355511  3.18661458  3.2106481   3.23411863  3.25845
   3.28344839  3.30842974  3.33342931]
 [-0.27617392 -0.07761488 -0.07705396 -0.07702669 -0.07561001 -0.07160491
  -0.07131107 -0.0751033  -0.08368094 -0.09387588 -0.10176436 -0.1109483
  -0.12740139 -0.13487115 -0.14490107 -0.15485682 -0.1625902  -0.16787771
  -0.17028197 -0.17003133 -0.16921545]]
DEBUG STATE: [ 2.68743753 -0.27617392  0.27760225  1.74005993  0.29474382  1.97467441
 -0.25861312  0.34      ]
DEBUG PARAMS NODE 0: [15.         15.          1.          1.         25.         25.
  0.          0.          0.72730261  0.          0.          0.
  2.68743753 -0.27617392  0.          0.          0.          0.
  0.          0.        ]

iter	qp_stat	qp_iter
0	0	0
1	0	11


PREDICTED STATES: [array([ 2.68743753, -0.27617392,  0.27760225]), array([ 2.76500879, -0.23488192,  0.37005798]), array([ 2.83881942, -0.18866271,  0.45596133]), array([ 2.90907459, -0.14010311,  0.52157001]), array([ 2.97769366, -0.09334791,  0.55460062]), array([ 3.04589049, -0.05146237,  0.55339365]), array([ 3.11406334, -0.01633457,  0.52283898]), array([3.18190063, 0.01125013, 0.471145  ]), array([3.24856322, 0.03152996, 0.40788166]), array([3.31296811, 0.0456738 , 0.34277736]), array([3.37425214, 0.05497323, 0.28115986]), array([3.43197913, 0.06012682, 0.22342163]), array([3.48582441, 0.06179733, 0.16973703]), array([3.53554086, 0.06059941, 0.12016742]), array([3.58093225, 0.05709223, 0.07491697]), array([3.62181439, 0.05180652, 0.03290077]), array([ 3.65811274,  0.04518699, -0.00606009]), array([ 3.68991473,  0.03761409, -0.03728266]), array([ 3.71707018,  0.02954757, -0.06593367]), array([ 3.7395626 ,  0.02129688, -0.09363814]), array([ 3.75749974,  0.0125414 , -0.11948278])]
-0.034045108120808236
[ 1.470347 14.962035  0.761494  2.97935   4.966161  0.415628 25.555015]
[INFO] [1774442219.052789789] [mpc_node]: Logging State [ 2.6957073  -0.26015552  0.27797062  1.30299481  0.34651854  1.06695006]
[INFO] [1774442219.054691636] [mpc_node]: Logging State [ 2.73539624 -0.24617852  0.31202592  1.38945781  0.2959645   1.1527752 ]
[INFO] [1774442219.056641228] [mpc_node]: Logging State [ 2.80531445 -0.22063759  0.33928969  2.50727838  0.27125203  1.38450642]
[INFO] [1774442219.058681416] [mpc_node]: Logging State [ 2.83402193 -0.20924775  0.34279653  1.91231702  0.22350924  0.78760038]
REF: [[ 2.83402193  2.92993182  2.96546673  2.99006184  3.0141019   3.03425082
   3.05400159  3.0904784   3.14597002  3.16546316  3.18880214  3.21275859
   3.236264    3.26069022  3.28570481  3.31068004  3.33568722  3.36069919
   3.38547001  3.41018381  3.43522555]
 [-0.20924775 -0.07131358 -0.07145941 -0.07553456 -0.08446211 -0.0944786
  -0.10230331 -0.11181198 -0.12800694 -0.13567015 -0.14586001 -0.15564471
  -0.16317461 -0.16821725 -0.17034904 -0.16994334 -0.16919465 -0.1700519
  -0.17338241 -0.17693657 -0.17727956]]
DEBUG STATE: [ 2.83402193 -0.20924775  0.34279653  1.91231702  0.22350924  0.78760038
 -0.68090216  0.34      ]
DEBUG PARAMS NODE 0: [15.         15.          1.          1.         25.         25.
  0.          0.          0.72730261  0.          0.          0.
  2.83402193 -0.20924775  0.          0.          0.          0.
  0.          0.        ]

iter	qp_stat	qp_iter
0	0	0
1	0	21


PREDICTED STATES: [array([ 2.83402193, -0.20924775,  0.34279653]), array([ 2.91578131, -0.16173466,  0.42942288]), array([ 2.99243838, -0.10962637,  0.50436369]), array([ 3.06826084, -0.06017914,  0.53417735]), array([ 3.14460448, -0.01716361,  0.5208946 ]), array([3.22188627, 0.01602822, 0.46790834]), array([3.29882715, 0.03833735, 0.39157125]), array([3.37295249, 0.0524803 , 0.3142838 ]), array([3.44315935, 0.06009322, 0.2410627 ]), array([3.50890952, 0.06233655, 0.17265025]), array([3.56982676, 0.06025235, 0.10926479]), array([3.62557276, 0.05477966, 0.0510006 ]), array([ 3.67594547e+00,  4.68148309e-02, -2.06382309e-03]), array([ 3.72085652,  0.03719397, -0.04988767]), array([ 3.76030602,  0.02667675, -0.09241039]), array([ 3.79437304,  0.01592182, -0.12839573]), array([ 3.82313664,  0.00560651, -0.16169223]), array([ 3.84676768, -0.00392478, -0.18849295]), array([ 3.86524389, -0.01281684, -0.21408318]), array([ 3.87836425, -0.02152858, -0.24197974]), array([ 3.88646977, -0.02920977, -0.26562854])]
-0.055265946453656026
[ 1.168898  2.931381  0.705749  3.246814  9.392241  0.421196 17.866279]
[INFO] [1774442219.084953635] [mpc_node]: Logging State [ 2.87834542 -0.19725549  0.37606543  1.86451896  0.15079936  1.02170605]
[INFO] [1774442219.087825495] [mpc_node]: Logging State [ 2.91958754 -0.16707927  0.42417654  1.65945525  0.18817299  1.13087647]
[INFO] [1774442219.089636203] [mpc_node]: Logging State [ 2.9881863  -0.13340653  0.49019835  1.91271518  0.16575303  1.55465087]
REF: [[ 2.9881863   3.13352729  3.15288756  3.17373358  3.19778154  3.22138607
   3.2451527   3.2699071   3.29493579  3.31990405  3.34493739  3.36988153
   3.39457736  3.41939836  3.44450191  3.46911735  3.49211203  3.51443852
   3.53922326  3.5597999   3.57633631]
 [-0.13340653 -0.12369465 -0.13059911 -0.13922684 -0.1497166  -0.15868463
  -0.16535403 -0.16935711 -0.17039883 -0.16957502 -0.16925918 -0.1710078
  -0.17488465 -0.17752449 -0.17638389 -0.17115167 -0.16255535 -0.15146806
  -0.14014926 -0.13358444 -0.12970723]]
DEBUG STATE: [ 2.9881863  -0.13340653  0.49019835  1.91271518  0.16575303  1.55465087
 -1.10531893  0.3266529 ]
DEBUG PARAMS NODE 0: [15.         15.          1.          1.         25.         25.
  0.          0.          0.72730261  0.          0.          0.
  2.9881863  -0.13340653  0.          0.          0.          0.
  0.          0.        ]

iter	qp_stat	qp_iter
0	0	0
1	0	21


PREDICTED STATES: [array([ 2.9881863 , -0.13340653,  0.49019835]), array([ 3.06404105, -0.07666254,  0.56336034]), array([ 3.13858307, -0.02173558,  0.59143962]), array([3.21396718, 0.02609953, 0.57506599]), array([3.29073593, 0.06334933, 0.51805491]), array([3.36756745, 0.08885034, 0.43706315]), array([3.44213114, 0.10591391, 0.35640332]), array([3.51340746, 0.1163731 , 0.28059378]), array([3.58068193, 0.1211508 , 0.20956387]), array([3.64340124, 0.12120503, 0.14344714]), array([3.70117987, 0.11749508, 0.08235992]), array([3.75377841, 0.11094335, 0.02639053]), array([ 3.80107793,  0.10241153, -0.02439649]), array([ 3.84305383,  0.092686  , -0.06996053]), array([ 3.87974737,  0.0824859 , -0.11090957]), array([ 3.9112467,  0.0723748, -0.1465532]), array([ 3.9376906 ,  0.06283213, -0.17564575]), array([ 3.95912314,  0.05411053, -0.20195819]), array([ 3.97539724,  0.04593168, -0.22863993]), array([ 3.9865419 ,  0.03851036, -0.25589345]), array([ 3.99261803,  0.03212275, -0.2835689 ])]
-0.07255906569557875
[ 1.207363  4.636519  0.983389 10.213193 19.978116  0.391244 37.409824]
REF: [[ 2.9881863   3.13352729  3.15288756  3.17373358  3.19778154  3.22138607
   3.2451527   3.2699071   3.29493579  3.31990405  3.34493739  3.36988153
   3.39457736  3.41939836  3.44450191  3.46911735  3.49211203  3.51443852
   3.53922326  3.5597999   3.57633631]
 [-0.13340653 -0.12369465 -0.13059911 -0.13922684 -0.1497166  -0.15868463
  -0.16535403 -0.16935711 -0.17039883 -0.16957502 -0.16925918 -0.1710078
  -0.17488465 -0.17752449 -0.17638389 -0.17115167 -0.16255535 -0.15146806
  -0.14014926 -0.13358444 -0.12970723]]
DEBUG STATE: [ 2.9881863  -0.13340653  0.49019835  1.91271518  0.16575303  1.55465087
 -1.45118131  0.1666529 ]
DEBUG PARAMS NODE 0: [15.         15.          1.          1.         25.         25.
  0.          0.          0.72730261  0.          0.          0.
  2.9881863  -0.13340653  0.          0.          0.          0.
  0.          0.        ]

iter	qp_stat	qp_iter
0	0	0
1	0	22


PREDICTED STATES: [array([ 2.9881863 , -0.13340653,  0.49019835]), array([ 3.06827363, -0.08269443,  0.52221072]), array([ 3.1493127 , -0.03885375,  0.50561961]), array([ 3.23152581, -0.00593861,  0.44739999]), array([3.31310598, 0.01468474, 0.364689  ]), array([3.39126519, 0.02640876, 0.28254116]), array([3.46519375, 0.03137957, 0.20550826]), array([3.5342856 , 0.03066243, 0.13357237]), array([3.59800455, 0.02536846, 0.06691329]), array([3.6560016 , 0.01659574, 0.00567826]), array([ 3.7080927 ,  0.00538545, -0.05001996]), array([ 3.75422629, -0.0073026 , -0.10009707]), array([ 3.79445107, -0.02060575, -0.14449223]), array([ 3.82888593, -0.03376708, -0.18316695]), array([ 3.85768509, -0.04611006, -0.21745672]), array([ 3.88102654, -0.05719087, -0.24628749]), array([ 3.89911812, -0.06663307, -0.26966749]), array([ 3.91146627, -0.07560554, -0.29593573]), array([ 3.91824799, -0.08345719, -0.32350171]), array([ 3.91960462, -0.08969957, -0.35157321]), array([ 3.91561863, -0.09404195, -0.37982314])]
-0.0889276172711137
[ 1.190146  6.958123  0.715956  8.111212 16.867786  0.375723 34.218946]
[INFO] [1774442219.177918513] [mpc_node]: Logging State [ 3.03006646 -0.12139914  0.51497646  1.63447097  0.08394131  1.14048877]
REF: [[ 3.03006646  3.12024095  3.1460957   3.16560848  3.18896676  3.21291701
   3.23642557  3.26085876  3.28587434  3.31084918  3.33585693  3.36086803
   3.3856371   3.41035229  3.43539587  3.46032427  3.48397576  3.50619295
   3.53001551  3.55389691  3.56996123]
 [-0.12139914 -0.11958533 -0.12805279 -0.13573139 -0.14593196 -0.15570317
  -0.16321772 -0.16824181 -0.1703531  -0.1699366  -0.16919362 -0.17006589
  -0.1734103  -0.17695214 -0.17726821 -0.1735028  -0.16599594 -0.15570775
  -0.14391704 -0.13524266 -0.13108109]]
DEBUG STATE: [ 3.03006646 -0.12139914  0.51497646  1.63447097  0.08394131  1.14048877
 -1.77855235  0.0066529 ]
DEBUG PARAMS NODE 0: [15.         15.          1.          1.         25.         25.
  0.          0.          0.72730261  0.          0.          0.
  3.03006646 -0.12139914  0.          0.          0.          0.
  0.          0.        ]

iter	qp_stat	qp_iter
0	0	0
1	0	14


PREDICTED STATES: [array([ 3.03006646, -0.12139914,  0.51497646]), array([ 3.09997056, -0.08269611,  0.50779902]), array([ 3.17126766, -0.05549637,  0.45081562]), array([ 3.24174315, -0.03931834,  0.37368698]), array([ 3.30895962, -0.02964591,  0.30119236]), array([ 3.37239745, -0.02462687,  0.23424011]), array([ 3.43173483, -0.02365004,  0.17171155]), array([ 3.48668301, -0.0259436 ,  0.1136828 ]), array([ 3.53705915, -0.03075315,  0.06023281]), array([ 3.58277019, -0.03737913,  0.01141579]), array([ 3.62408717, -0.04419511, -0.02674204]), array([ 3.66153204, -0.04923774, -0.04896969]), array([ 3.69434332, -0.05452415, -0.07031705]), array([ 3.72909661, -0.09245443,  1.21919017]), array([ 3.73843049, -0.03748624, -1.52556046]), array([ 3.74274881, -0.07639548, -1.5486678 ]), array([ 3.74377527, -0.10773741, -1.57474589]), array([ 3.7431698 , -0.13181476, -1.59854381]), array([ 3.7384893 , -0.14675208, -1.62182353]), array([ 3.73162045, -0.153358  , -1.64538956]), array([ 3.72305106, -0.15157783, -1.66893495])]
-0.09772186231077172
[ 6.159187  8.17019   0.798743 16.613763 15.372639  1.295045 48.409567]
[INFO] [1774442219.239290152] [mpc_node]: Logging State [ 3.08449071 -0.09463665  0.60402134  1.3673968   0.05683632  1.21783391]
REF: [[ 3.08449071  3.14768698  3.16746834  3.19105024  3.21491855  3.23847286
   3.26299201  3.28801724  3.31298808  3.33800292  3.36300187  3.38774974
   3.4124847   3.4375497   3.4624193   3.48591414  3.50810869  3.53218443
   3.5554518   3.57145453  3.59626487]
 [-0.09463665 -0.12863731 -0.1365198  -0.14683937 -0.15643354 -0.16375298
  -0.16854063 -0.1703934  -0.16985036 -0.16918735 -0.17025376 -0.17376344
  -0.17713368 -0.17710833 -0.17299063 -0.16521558 -0.15472523 -0.14297482
  -0.13479001 -0.13074679 -0.12609242]]
DEBUG STATE: [ 3.08449071 -0.09463665  0.60402134  1.3673968   0.05683632  1.21783391
 -1.95443725 -0.1533471 ]
DEBUG PARAMS NODE 0: [15.         15.          1.          1.         25.         25.
  0.          0.          0.72730261  0.          0.          0.
  3.08449071 -0.09463665  0.          0.          0.          0.
  0.          0.        ]

iter	qp_stat	qp_iter
0	0	0
1	0	4


PREDICTED STATES: [array([ 3.08449071, -0.09463665,  0.60402134]), array([ 3.14045272, -0.06098909,  0.57945914]), array([ 3.19648908, -0.03769884,  0.51672309]), array([ 3.25000517, -0.01716251,  0.46940045]), array([3.30023552, 0.00415571, 0.44576747]), array([3.34711168, 0.02842321, 0.44832937]), array([3.39092122, 0.05698868, 0.47599188]), array([3.43197833, 0.09006336, 0.52409777]), array([3.47039546, 0.12685024, 0.58580712]), array([3.5059555 , 0.1658369 , 0.65334454]), array([3.53697922, 0.2049795 , 0.71451887]), array([3.56142726, 0.24216588, 0.76381143]), array([3.58149172, 0.27725355, 0.81063441]), array([3.59740621, 0.31018174, 0.85716949]), array([3.51726078, 0.16622783, 0.92226736]), array([ 3.52001391, -0.08087627,  1.60768636]), array([ 3.50466919, -0.32274568,  2.01903425]), array([ 3.48318503, -0.56011559,  2.30090323]), array([ 3.44359793, -0.79203899,  2.55430134]), array([ 3.38172351, -1.01771282,  2.7922644 ]), array([ 3.29532374, -1.23601818,  3.01916405])]
-0.1054337065948175
[ 1.149025  8.562713  0.732949  9.887392 10.69151   0.367531 31.39112 ]
[INFO] [1774442219.277163765] [mpc_node]: Logging State [ 3.16625999 -0.04316787  0.71435257  1.72392658  0.02549992  1.90468697]
REF: [[ 3.16625999  3.2433396   3.26803813  3.29306932  3.31803682  3.34306614
   3.36802742  3.39273427  3.4175295   3.44262792  3.46732185  3.49044836
   3.51270494  3.53732677  3.55868945  3.57498163  3.60472501  3.68925904
   3.76064143  3.7826689   3.80792265]
 [-0.04316787 -0.16494171 -0.16915935 -0.17041427 -0.16964699 -0.16922514
  -0.1707815  -0.17458804 -0.17744861 -0.17661081 -0.17167457 -0.16329404
  -0.15235827 -0.1408772  -0.13388414 -0.12998793 -0.12473291 -0.10930844
  -0.09693066 -0.09470277 -0.09327388]]
DEBUG STATE: [ 3.16625999 -0.04316787  0.71435257  1.72392658  0.02549992  1.90468697
 -2.10867413 -0.3133471 ]
DEBUG PARAMS NODE 0: [15.         15.          1.          1.         25.         25.
  0.          0.          0.72730261  0.          0.          0.
  3.16625999 -0.04316787  0.          0.          0.          0.
  0.          0.        ]

iter	qp_stat	qp_iter
0	0	0
1	0	20


PREDICTED STATES: [array([ 3.16625999, -0.04316787,  0.71435257]), array([3.23104621, 0.00675109, 0.69015916]), array([3.29919989, 0.04083249, 0.6113864 ]), array([3.36505229, 0.06789119, 0.53906054]), array([3.42719025, 0.08965577, 0.47626719]), array([3.48470623, 0.10778419, 0.42578483]), array([3.53679541, 0.12373603, 0.38884641]), array([3.5827826 , 0.13825008, 0.36501721]), array([3.62195942, 0.1516528 , 0.35364643]), array([3.65384912, 0.16383689, 0.35402491]), array([3.67842557, 0.17462586, 0.36595239]), array([3.69592201, 0.18532266, 0.3861179 ]), array([3.70664234, 0.19446226, 0.41008698]), array([3.71218776, 0.20091217, 0.43501944]), array([3.71142126, 0.20458516, 0.46012489]), array([3.79491633, 0.14600896, 0.50150028]), array([3.9980737 , 0.06710375, 0.51242273]), array([4.12237662, 0.20270649, 0.49452433]), array([4.17027419, 0.41959191, 0.44411243]), array([4.12609073, 0.69038981, 0.36107135]), array([3.97621678, 0.99245124, 0.24631662])]
-0.12415135152080842
[ 1.475819  9.713594  0.977981 12.04179   7.308148  0.362635 31.879967]
[INFO] [1774442219.317092669] [mpc_node]: Logging State [3.21536482 0.00385148 0.80776661 1.85682253 0.04109453 2.35745765]
REF: [[ 3.21536482  3.24984774  3.27471991  3.2997346   3.32470938  3.3497479
   3.37464181  3.39932124  3.42421294  3.44930808  3.47368701  3.49636584
   3.51900186  3.54403132  3.56264269  3.58018407  3.6189114   3.71006468
   3.77496021  3.79895106  3.82527977]
 [ 0.00385148 -0.16634512 -0.16978821 -0.17031206 -0.16940808 -0.16940091
  -0.17165897 -0.17561073 -0.17761842 -0.17569305 -0.16972279 -0.1605864
  -0.14915229 -0.13840591 -0.13284171 -0.12893957 -0.122472   -0.10516774
  -0.0953658  -0.09368252 -0.09261263]]
DEBUG STATE: [ 3.21536482  0.00385148  0.80776661  1.85682253  0.04109453  2.35745765
 -2.48302703 -0.34      ]
DEBUG PARAMS NODE 0: [1.50000000e+01 1.50000000e+01 1.00000000e+00 1.00000000e+00
 2.50000000e+01 2.50000000e+01 0.00000000e+00 0.00000000e+00
 7.27302612e-01 0.00000000e+00 0.00000000e+00 0.00000000e+00
 3.21536482e+00 3.85147537e-03 0.00000000e+00 0.00000000e+00
 0.00000000e+00 0.00000000e+00 0.00000000e+00 0.00000000e+00]

iter	qp_stat	qp_iter
0	0	0
1	0	19


PREDICTED STATES: [array([3.21536482, 0.00385148, 0.80776661]), array([3.27835248, 0.06520453, 0.79492395]), array([3.34634815, 0.11018651, 0.71077475]), array([3.41346663, 0.14631394, 0.63085164]), array([3.4781844 , 0.17483489, 0.55656076]), array([3.53939877, 0.19669275, 0.48827767]), array([3.5962317 , 0.21301128, 0.42679764]), array([3.64815243, 0.22507551, 0.37354141]), array([3.69480301, 0.23489483, 0.33289785]), array([3.7356318 , 0.24477747, 0.30970205]), array([3.77006017, 0.25547049, 0.30400279]), array([3.79772718, 0.26638101, 0.31042961]), array([3.8196461 , 0.27564542, 0.31359728]), array([3.83577253, 0.28322938, 0.3160681 ]), array([3.84604777, 0.28921843, 0.31850107]), array([3.85046788, 0.29357593, 0.32067505]), array([3.85313895, 0.29771722, 0.32244295]), array([3.88983408, 0.27142583, 0.33139321]), array([3.94896376, 0.2103652 , 0.35572269]), array([4.01884736, 0.1155822 , 0.39593939]), array([ 4.08857162, -0.00545238,  0.45243821])]
-0.13567485843949378
[ 1.153761  9.640217  0.884633 10.853948  4.413984  0.370027 27.31657 ]
[INFO] [1774442219.347280906] [mpc_node]: Logging State [3.2370387  0.03028594 0.8689416  1.70129778 0.05461863 2.44828006]
REF: [[ 3.2370387   3.28421001  3.30918908  3.33419121  3.3592102   3.38399684
   3.40869962  3.43372416  3.45869199  3.48246339  3.50471555  3.52834092
   3.55259881  3.56880238  3.59068777  3.65056293  3.70603858  3.77478889
   3.79874811  3.82507423  3.85044902]
 [ 0.03028594 -0.17030735 -0.17000205 -0.16920697 -0.16993408 -0.17313714
  -0.17679181 -0.17737154 -0.17388083 -0.16658766 -0.15646115 -0.14466775
  -0.13562962 -0.13134612 -0.12702761 -0.11698429 -0.10595022 -0.09538202
  -0.09369275 -0.09262043 -0.09071182]]
DEBUG STATE: [ 3.2370387   0.03028594  0.8689416   1.70129778  0.05461863  2.44828006
 -2.71349717 -0.34      ]
DEBUG PARAMS NODE 0: [15.         15.          1.          1.         25.         25.
  0.          0.          0.72730261  0.          0.          0.
  3.2370387   0.03028594  0.          0.          0.          0.
  0.          0.        ]

iter	qp_stat	qp_iter
0	0	0
1	0	18


PREDICTED STATES: [array([3.2370387 , 0.03028594, 0.8689416 ]), array([3.29049932, 0.08978045, 0.86026375]), array([3.34829168, 0.13496047, 0.78404374]), array([3.40535125, 0.17261182, 0.71221116]), array([3.46050342, 0.20373225, 0.64567427]), array([3.51299259, 0.22904926, 0.58445512]), array([3.56222116, 0.24929678, 0.528545  ]), array([3.60772926, 0.26518724, 0.47790726]), array([3.64911705, 0.27734161, 0.43205334]), array([3.6860595 , 0.28625947, 0.38975212]), array([3.71850433, 0.29252634, 0.35164362]), array([3.74660155, 0.29683521, 0.31947136]), array([3.77039042, 0.29967964, 0.29329209]), array([3.78993787, 0.30106031, 0.2691823 ]), array([3.80508506, 0.30116856, 0.24663159]), array([3.81583069, 0.30015735, 0.22468351]), array([3.82217307, 0.29825572, 0.20296131]), array([3.82405269, 0.29581672, 0.18177777]), array([3.81698794, 0.29066962, 0.1612649 ]), array([3.7984833 , 0.27927865, 0.14091829]), array([3.78030598, 0.23928294, 0.15094728])]
-0.13930968077479408
[13.279554  2.804722  0.736021  3.037304  4.284029  0.313673 24.455303]
[INFO] [1774442219.386690788] [mpc_node]: Logging State [3.26446906 0.05742895 0.91193752 1.60661806 0.0181036  2.05869472]
REF: [[ 3.26446906  3.27948052  3.30447633  3.32946317  3.35449724  3.37933697
   3.40401839  3.42898024  3.45403154  3.47812656  3.50054926  3.52363901
   3.54854064  3.56561535  3.5848543   3.63275306  3.71046496  3.77493008
   3.79891537  3.82524364  3.85060762]
 [ 0.05742895 -0.17010369 -0.17017381 -0.16928231 -0.16962371 -0.17237747
  -0.17625381 -0.17756682 -0.17485814 -0.16820076 -0.15855394 -0.14687038
  -0.13689495 -0.1321012  -0.12806011 -0.1201619  -0.1050906  -0.09536865
  -0.09368431 -0.09261401 -0.09068916]]
DEBUG STATE: [ 3.26446906  0.05742895  0.91193752  1.60661806  0.0181036   2.05869472
 -2.78619362 -0.34      ]
DEBUG PARAMS NODE 0: [15.         15.          1.          1.         25.         25.
  0.          0.          1.22013538  0.          0.          0.
  3.26446906  0.05742895  0.          0.          0.          0.
  0.          0.        ]

iter	qp_stat	qp_iter
0	0	0
1	0	16


PREDICTED STATES: [array([3.26446906, 0.05742895, 0.91193752]), array([3.31304146, 0.11285496, 0.89218849]), array([3.36293768, 0.15384954, 0.82390982]), array([3.40942447, 0.1872673 , 0.76337275]), array([3.45188339, 0.21446911, 0.71009381]), array([3.49004333, 0.23660937, 0.66355527]), array([3.52384632, 0.25467394, 0.62323249]), array([3.55338552, 0.26947587, 0.58852448]), array([3.57880637, 0.28170486, 0.55604506]), array([3.60045806, 0.29169855, 0.52876145]), array([3.6186853 , 0.29984881, 0.5074977 ]), array([3.6338711 , 0.30618439, 0.48957504]), array([3.64643813, 0.30955043, 0.46446009]), array([3.65658231, 0.31097851, 0.43776738]), array([3.6644376 , 0.31087817, 0.41211598]), array([3.67021535, 0.30934348, 0.38676801]), array([3.67409105, 0.30651776, 0.36133064]), array([3.67618833, 0.30255651, 0.3358201 ]), array([3.67659516, 0.29760373, 0.31032084]), array([3.67534013, 0.29195907, 0.28491538]), array([3.67240212, 0.28610483, 0.2596787 ])]
-0.13210416240859899
[ 1.17773   2.795217  0.75727   3.183421 16.67882   0.34513  24.937588]
[INFO] [1774442219.414529773] [mpc_node]: Logging State [3.28049936 0.11957179 0.90967734 1.7222646  0.18055278 1.07057549]
[INFO] [1774442219.416417891] [mpc_node]: Logging State [3.30606346 0.1580278  0.95171134 1.52406461 0.16187805 1.06895708]
[INFO] [1774442219.418030770] [mpc_node]: Logging State [3.33225943 0.21261994 0.97129812 1.66468308 0.19596725 0.8652094 ]
REF: [[ 3.33225943  3.40894652  3.43397403  3.4589363   3.48268992  3.50493594
   3.52859068  3.55279763  3.568975    3.59103006  3.65160356  3.70625124
   3.77482175  3.79878704  3.82511367  3.85048595  3.8742287   3.89827067
   3.92391847  3.94475344  3.96777875]
 [ 0.21261994 -0.17681682 -0.17735724 -0.17382543 -0.16649999 -0.15634906
  -0.14455456 -0.13556981 -0.13130633 -0.12696893 -0.11679044 -0.1059086
  -0.09537891 -0.09369078 -0.09261893 -0.09070656 -0.08448157 -0.07535871
  -0.0724583  -0.07589739 -0.08387962]]
DEBUG STATE: [ 3.33225943  0.21261994  0.97129812  1.66468308  0.19596725  0.8652094
 -2.64208325 -0.34      ]
DEBUG PARAMS NODE 0: [15.         15.          1.          1.         25.         25.
  0.          0.          0.72730261  0.          0.          0.
  3.33225943  0.21261994  0.          0.          0.          0.
  0.          0.        ]

iter	qp_stat	qp_iter
0	0	0
1	0	17


PREDICTED STATES: [array([3.33225943, 0.21261994, 0.97129812]), array([3.37691609, 0.27675194, 0.9554956 ]), array([3.42922732, 0.32536969, 0.88146993]), array([3.48152583, 0.36648859, 0.81141515]), array([3.53256391, 0.40114306, 0.74637072]), array([3.58157025, 0.43007063, 0.68624519]), array([3.62784617, 0.45402133, 0.62403288]), array([3.67099897, 0.47370057, 0.56394642]), array([3.71094141, 0.48938484, 0.51365596]), array([3.74674707, 0.50384309, 0.483997  ]), array([3.77919044, 0.51459312, 0.45112296]), array([3.80840088, 0.52167974, 0.41051105]), array([3.83427426, 0.52566832, 0.36794806]), array([3.85665528, 0.52752647, 0.32745564]), array([3.87555228, 0.52743259, 0.2869487 ]), array([3.89094917, 0.5256136 , 0.24598356]), array([3.90281587, 0.52229477, 0.20454346]), array([3.91113972, 0.51770618, 0.16275106]), array([3.91590726, 0.51207487, 0.12074515]), array([3.91710037, 0.50562519, 0.07867156]), array([3.91469484, 0.49858026, 0.03668006])]
-0.13448724390134506
[ 1.275077  2.646093  0.721813  2.924309  4.375551  0.303625 12.246468]
[INFO] [1774442219.453695935] [mpc_node]: Logging State [3.38115731 0.28056482 0.97686293 1.75062164 0.14751298 0.52301465]
REF: [[ 3.38115731  3.61616223  3.70802093  3.77498754  3.79898343  3.82531253
   3.85067211  3.87440552  3.89846258  3.92410312  3.94490539  3.9680117
   4.01420391  4.0480861   4.06665927  4.09018948  4.11541378  4.13984585
   4.16355883  4.18640933  4.20686279]
 [ 0.28056482 -0.12291673 -0.10556348 -0.09536322 -0.09368089 -0.09261139
  -0.09067989 -0.08441389 -0.07530142 -0.0724691  -0.07593765 -0.08397362
  -0.10131031 -0.1164606  -0.12602007 -0.13622618 -0.14176756 -0.14437655
  -0.15097457 -0.16377969 -0.17834474]]
DEBUG STATE: [ 3.38115731  0.28056482  0.97686293  1.75062164  0.14751298  0.52301465
 -2.68974488 -0.34      ]
DEBUG PARAMS NODE 0: [15.         15.          1.          1.         25.         25.
  0.          0.          0.72730261  0.          0.          0.
  3.38115731  0.28056482  0.          0.          0.          0.
  0.          0.        ]

iter	qp_stat	qp_iter
0	0	0
1	0	19


PREDICTED STATES: [array([3.38115731, 0.28056482, 0.97686293]), array([3.42994126, 0.34702933, 0.94809613]), array([3.48569909, 0.39845165, 0.86924347]), array([3.54174454, 0.44200721, 0.79447548]), array([3.59680776, 0.47865429, 0.72475128]), array([3.65006797, 0.50908068, 0.66005263]), array([3.70086403, 0.53399623, 0.60036004]), array([3.74868646, 0.55407239, 0.54573002]), array([3.79313352, 0.56999271, 0.49597172]), array([3.83390414, 0.58244911, 0.45056229]), array([3.87081382, 0.59206259, 0.40885808]), array([3.90375686, 0.59929056, 0.37129906]), array([3.9326802 , 0.60484872, 0.34312465]), array([3.95743626, 0.60999686, 0.32197078]), array([3.97838171, 0.6136869 , 0.30567511]), array([3.9955181 , 0.61679358, 0.29565702]), array([4.00890833, 0.61876067, 0.28703811]), array([4.01858065, 0.61951261, 0.2783989 ]), array([4.02454679, 0.61910897, 0.26954258]), array([4.02679651, 0.6176374 , 0.26057249]), array([4.02529514, 0.61518976, 0.25165899])]
-0.13570281062300116
[ 1.221731  2.667822  0.69954   3.007479  8.513208  0.317577 16.427357]
[INFO] [1774442219.491024091] [mpc_node]: Logging State [ 3.42077184  0.32493335  0.93941172  1.90393487  0.0588654  -0.36069056]
REF: [[ 3.42077184  3.66500253  3.718314    3.77313306  3.79678634  3.82307572
   3.84857643  3.87242074  3.89631625  3.92200644  3.94320866  3.96548292
   4.008777    4.04897852  4.06774703  4.09148648  4.11668835  4.14108294
   4.16476059  4.18752975  4.20782283]
 [ 0.32493335 -0.11420971 -0.1036054  -0.09554204 -0.0937943  -0.09269497
  -0.09096487 -0.08516159 -0.07596781 -0.07236945 -0.07549981 -0.08296079
  -0.09937066 -0.1169213  -0.12656043 -0.13666708 -0.14190798 -0.14456975
  -0.15148405 -0.16457927 -0.17892178]]
DEBUG STATE: [ 3.42077184  0.32493335  0.93941172  1.90393487  0.0588654  -0.36069056
 -2.71405621 -0.34      ]
DEBUG PARAMS NODE 0: [15.         15.          1.          1.         25.         25.
  0.          0.          0.72730261  0.          0.          0.
  3.42077184  0.32493335  0.          0.          0.          0.
  0.          0.        ]

iter	qp_stat	qp_iter
0	0	0
1	0	19


PREDICTED STATES: [array([3.42077184, 0.32493335, 0.93941172]), array([3.48064239, 0.39264291, 0.88381425]), array([3.54611503, 0.44589571, 0.79578923]), array([3.6119401 , 0.49022604, 0.71247102]), array([3.67675695, 0.52660357, 0.63440275]), array([3.73957878, 0.55584666, 0.56159921]), array([3.79961395, 0.57881348, 0.49405383]), array([3.8562465 , 0.59636718, 0.43174308]), array([3.90901266, 0.60934634, 0.37447471]), array([3.95759298, 0.61854678, 0.32292601]), array([4.00173504, 0.62474131, 0.27605017]), array([4.04128818, 0.6285669 , 0.23328911]), array([4.07617327, 0.63056516, 0.19429262]), array([4.10642296, 0.63148443, 0.16424121]), array([4.13201652, 0.63122155, 0.13717913]), array([4.15330864, 0.62880572, 0.10196242]), array([4.17021953, 0.62452545, 0.06139611]), array([4.18255321, 0.61920422, 0.01915875]), array([ 4.19021697,  0.61328457, -0.02365326]), array([ 4.19314457,  0.60712507, -0.06667965]), array([ 4.19127573,  0.60107107, -0.1096848 ])]
-0.13872543109069896
[ 1.16829   2.661325  0.697364  3.158172 11.081538  0.336938 19.103627]
[INFO] [1774442219.521011875] [mpc_node]: Logging State [ 3.42708204  0.36012253  0.90351783  1.5845098   0.14588212 -0.71755946]
[INFO] [1774442219.531240332] [mpc_node]: Logging State [ 3.48206561  0.41532842  0.8853447   2.39237646  0.02714823 -0.80282829]
REF: [[ 3.48206561  3.73084979  3.76894017  3.79185736  3.81795236  3.84375735
   3.86789343  3.89149909  3.91707834  3.93940386  3.96034142  3.99754671
   4.04952599  4.06842153  4.09228219  4.11746721  4.14183902  4.16549526
   4.18821203  4.20840774  4.22837741]
 [ 0.41532842 -0.10136395 -0.09597304 -0.09407313 -0.09288399 -0.09150512
  -0.08674468 -0.07764194 -0.07234152 -0.07461287 -0.08097022 -0.09545746
  -0.11720445 -0.12689332 -0.13692971 -0.14199055 -0.14469427 -0.15180413
  -0.1650719  -0.17926414 -0.18587244]]
DEBUG STATE: [ 3.48206561  0.41532842  0.8853447   2.39237646  0.02714823 -0.80282829
 -2.77450862 -0.34      ]
DEBUG PARAMS NODE 0: [15.         15.          1.          1.         25.         25.
  0.          0.          0.72730261  0.          0.          0.
  3.48206561  0.41532842  0.          0.          0.          0.
  0.          0.        ]

iter	qp_stat	qp_iter
0	0	0
1	0	19


PREDICTED STATES: [array([3.48206561, 0.41532842, 0.8853447 ]), array([3.56259581, 0.49699103, 0.81479511]), array([3.64982621, 0.56005838, 0.70427015]), array([3.73875452, 0.60995053, 0.59759026]), array([3.82689781, 0.64832861, 0.49699989]), array([3.91259398, 0.67638751, 0.40268082]), array([3.99451928, 0.69544934, 0.31475742]), array([4.0716631 , 0.70689125, 0.23331127]), array([4.14329467, 0.71208322, 0.15838867]), array([4.20892951, 0.71233234, 0.09030924]), array([4.26828927, 0.70884635, 0.02957369]), array([ 4.32121657,  0.70285687, -0.02476777]), array([ 4.36765893,  0.69535825, -0.07382047]), array([ 4.40763124,  0.68711775, -0.11906003]), array([ 4.44138197,  0.6792934 , -0.15307381]), array([ 4.46884518,  0.67227607, -0.17943715]), array([ 4.48976671,  0.66597612, -0.19705138]), array([ 4.50448188,  0.66060945, -0.21006156]), array([ 4.51311172,  0.65599289, -0.22264283]), array([ 4.51576502,  0.65230054, -0.23542554]), array([ 4.51254128,  0.64975258, -0.24823993])]
-0.149590651856924
[ 1.19453   2.563851  0.703156  3.35821  10.344108  0.789143 18.952998]
[INFO] [1774442219.572318806] [mpc_node]: Logging State [ 3.49240835  0.42835247  0.82178018  1.72019162  0.02319498 -1.34490137]
REF: [[ 3.49240835  3.6978223   3.77093283  3.79418829  3.82039453  3.84605863
   3.87005023  3.89377872  3.91944517  3.94120686  3.96269215  4.00268276
   4.04971487  4.06865542  4.09255663  4.11773533  4.14209932  4.16574822
   4.18844649  4.2086089   4.22862564]
 [ 0.42835247 -0.10757892 -0.09576364 -0.09393679 -0.09279377 -0.09126578
  -0.0860145  -0.07682214 -0.07231783 -0.07501664 -0.08186687 -0.09724624
  -0.11730222 -0.12700834 -0.13701888 -0.14201846 -0.14473833 -0.15191586
  -0.16524209 -0.17938023 -0.1858958 ]]
DEBUG STATE: [ 3.49240835  0.42835247  0.82178018  1.72019162  0.02319498 -1.34490137
 -2.99181304 -0.34      ]
DEBUG PARAMS NODE 0: [15.         15.          1.          1.         25.         25.
  0.          0.          0.72730261  0.          0.          0.
  3.49240835  0.42835247  0.          0.          0.          0.
  0.          0.        ]

iter	qp_stat	qp_iter
0	0	0
1	0	19


PREDICTED STATES: [array([3.49240835, 0.42835247, 0.82178018]), array([3.55539639, 0.4800937 , 0.74816569]), array([3.62246656, 0.51680148, 0.66589179]), array([3.68719838, 0.54695945, 0.59035663]), array([3.74926486, 0.57150611, 0.51975657]), array([3.80845185, 0.59120051, 0.45384959]), array([3.86459417, 0.6067103 , 0.39247884]), array([3.91755814, 0.61860028, 0.33551212]), array([3.96722121, 0.6273598 , 0.28283899]), array([4.01346364, 0.63342637, 0.23436884]), array([4.05616783, 0.63720239, 0.19009678]), array([4.09521377, 0.63906163, 0.14989352]), array([4.13048435, 0.63938071, 0.11280026]), array([4.16190532, 0.63849878, 0.0787302 ]), array([4.18942776, 0.63663445, 0.04859122]), array([4.21301505, 0.63403987, 0.02451204]), array([ 4.23240505e+00,  6.30185259e-01, -2.47977138e-03]), array([ 4.24752789,  0.62541153, -0.02949141]), array([ 4.25853864,  0.61999754, -0.05783516]), array([ 4.26552939,  0.61421957, -0.08703678]), array([ 4.26855369,  0.60837703, -0.11658623])]
-0.14288597646409268
[ 1.417705 12.073375  0.732405  3.191581 15.637479  0.357642 33.410187]
[INFO] [1774442219.616226930] [mpc_node]: Logging State [ 3.53372161  0.45657451  0.80241947  1.66467563 -0.05225989 -1.009494  ]
REF: [[ 3.53372161  3.73709124  3.76824777  3.79105483  3.81710288  3.84295458
   3.86714265  3.89071285  3.91624951  3.9387788   3.95955993  3.99585149
   4.04920815  4.0680293   4.09182025  4.11701533  4.14140034  4.16506899
   4.1878164   4.20806851  4.22796183]
 [ 0.45657451 -0.10032081 -0.09604771 -0.09412206 -0.09291557 -0.09158129
  -0.08698724 -0.07793448 -0.07236661 -0.07447993 -0.08067797 -0.09486079
  -0.11704002 -0.12669995 -0.13677798 -0.14194292 -0.14462141 -0.15161762
  -0.16478575 -0.17906644 -0.18583087]]
DEBUG STATE: [ 3.53372161  0.45657451  0.80241947  1.66467563 -0.05225989 -1.009494
 -2.85771953 -0.34      ]
DEBUG PARAMS NODE 0: [15.         15.          1.          1.         25.         25.
  0.          0.          0.72730261  0.          0.          0.
  3.53372161  0.45657451  0.          0.          0.          0.
  0.          0.        ]

iter	qp_stat	qp_iter
0	0	0
1	0	22


PREDICTED STATES: [array([3.53372161, 0.45657451, 0.80241947]), array([3.59712211, 0.50432495, 0.73099658]), array([3.66137019, 0.54118714, 0.65303714]), array([3.72381148, 0.57086162, 0.58019357]), array([3.78372091, 0.59422671, 0.51239019]), array([3.84054236, 0.61213156, 0.44953377]), array([3.89386348, 0.62539188, 0.39153063]), array([3.94339221, 0.63477593, 0.3382891 ]), array([3.98893534, 0.6409949 , 0.28971909]), array([4.03037873, 0.64469743, 0.24570881]), array([4.06765561, 0.64648986, 0.20510191]), array([4.10027937, 0.64828615, 0.1309569 ]), array([4.12913528, 0.64639287, 0.10102661]), array([4.15386745, 0.64396721, 0.07354625]), array([4.17462446, 0.64129321, 0.05185655]), array([4.19119701, 0.63743599, 0.02502579]), array([ 4.20375175e+00,  6.33264767e-01, -3.46110190e-03]), array([ 4.21226982,  0.62875365, -0.03158291]), array([ 4.2167491 ,  0.62411726, -0.06016585]), array([ 4.21721794,  0.61962449, -0.08909242]), array([ 4.21370709,  0.61551846, -0.11807209])]
-0.14070558975477607
[ 1.198659  3.545607  1.212611  9.923073 22.333417  0.401451 38.614818]
[INFO] [1774442219.661004967] [mpc_node]: Logging State [ 3.61267133  0.50691848  0.71590875  1.72989074 -0.13014343 -1.35458884]
REF: [[ 3.61267133  3.82454234  3.84995093  3.87372112  3.89772049  3.92338594
   3.9443181   3.96711855  4.01230325  4.04838415  4.06702087  4.09062255
   4.1158401   4.14025959  4.16396072  4.18678463  4.2071844   4.22689626
   4.25695645  4.30547313  4.33029115]
 [ 0.50691848 -0.09264046 -0.0907817  -0.08467475 -0.07552552 -0.07242933
  -0.07578318 -0.08361393 -0.10062295 -0.11661434 -0.12620017 -0.13637514
  -0.14181531 -0.14443977 -0.15114301 -0.16404612 -0.17854009 -0.18570971
  -0.1840534  -0.18050866 -0.18481784]]
DEBUG STATE: [ 3.61267133  0.50691848  0.71590875  1.72989074 -0.13014343 -1.35458884
 -2.8141118  -0.34      ]
DEBUG PARAMS NODE 0: [15.         15.          1.          1.         25.         25.
  0.          0.          0.72730261  0.          0.          0.
  3.61267133  0.50691848  0.          0.          0.          0.
  0.          0.        ]

iter	qp_stat	qp_iter
0	0	0
1	0	20


PREDICTED STATES: [array([3.61267133, 0.50691848, 0.71590875]), array([3.68437421, 0.54944836, 0.63435005]), array([3.75576892, 0.58212801, 0.552094  ]), array([3.82487131, 0.60720557, 0.47502637]), array([3.89089656, 0.62565717, 0.40312593]), array([3.95325555, 0.63843828, 0.33634281]), array([4.01152357, 0.64647182, 0.27461815]), array([4.06541412, 0.65062868, 0.21788711]), array([4.11475364, 0.65171468, 0.16608199]), array([4.15946106, 0.65045976, 0.11932678]), array([4.19951807, 0.64753116, 0.07709132]), array([4.23493687, 0.64352898, 0.03800929]), array([4.26568689e+00, 6.38822589e-01, 3.38251893e-03]), array([ 4.29202796,  0.63392618, -0.02436747]), array([ 4.31391984,  0.62862158, -0.05153658]), array([ 4.33142413,  0.62296381, -0.07818422]), array([ 4.3445487 ,  0.61719351, -0.10525284]), array([ 4.35338404,  0.61153328, -0.13277946]), array([ 4.35794513,  0.60621375, -0.16061876]), array([ 4.35828664,  0.60146307, -0.18860262]), array([ 4.354463  ,  0.59750935, -0.21653881])]
-0.1408184487232611
[ 1.65624   3.502246  0.838616  5.047315 21.621204  0.371243 33.036864]
REF: [[ 3.61267133  3.82454234  3.84995093  3.87372112  3.89772049  3.92338594
   3.9443181   3.96711855  4.01230325  4.04838415  4.06702087  4.09062255
   4.1158401   4.14025959  4.16396072  4.18678463  4.2071844   4.22689626
   4.25695645  4.30547313  4.33029115]
 [ 0.50691848 -0.09264046 -0.0907817  -0.08467475 -0.07552552 -0.07242933
  -0.07578318 -0.08361393 -0.10062295 -0.11661434 -0.12620017 -0.13637514
  -0.14181531 -0.14443977 -0.15114301 -0.16404612 -0.17854009 -0.18570971
  -0.1840534  -0.18050866 -0.18481784]]
DEBUG STATE: [ 3.61267133  0.50691848  0.71590875  1.72989074 -0.13014343 -1.35458884
 -2.81636897 -0.34      ]
DEBUG PARAMS NODE 0: [15.         15.          1.          1.         25.         25.
  0.          0.          1.24641353  0.          0.          0.
  3.61267133  0.50691848  0.          0.          0.          0.
  0.          0.        ]

iter	qp_stat	qp_iter
0	0	0
1	0	20


PREDICTED STATES: [array([3.61267133, 0.50691848, 0.71590875]), array([3.68298603, 0.54854647, 0.63557739]), array([3.75017648, 0.57894599, 0.557695  ]), array([3.81277624, 0.60171392, 0.48731283]), array([3.87052478, 0.61838992, 0.42379323]), array([3.92337286, 0.63026295, 0.36655957]), array([3.97140324, 0.63840034, 0.3151043 ]), array([4.01477462, 0.64367463, 0.26898465]), array([4.05368159, 0.64679298, 0.22780074]), array([4.08831931, 0.64833551, 0.19046038]), array([4.11892849, 0.64870381, 0.16001102]), array([4.14562714, 0.64835738, 0.13020115]), array([4.16867591, 0.64744814, 0.10599992]), array([4.18813243, 0.6457683 , 0.08271453]), array([4.20395476, 0.64279634, 0.05564346]), array([4.21635851, 0.63912643, 0.02815197]), array([4.22540572e+00, 6.34949283e-01, 3.77404965e-04]), array([ 4.2311455 ,  0.63045726, -0.02768188]), array([ 4.23362188,  0.62583094, -0.0559303 ]), array([ 4.23286909,  0.62124759, -0.08422676]), array([ 4.22891416,  0.61688347, -0.11242548])]
-0.12847124578403965
[ 1.065215  2.647085  0.708084  3.095546  4.838861  0.301576 12.656367]
[INFO] [1774442219.715314673] [mpc_node]: Logging State [ 3.69318508  0.55269088  0.63862491  1.65206813 -0.16511688 -1.3235818 ]
[INFO] [1774442219.740122914] [mpc_node]: Logging State [ 3.74614141  0.58211817  0.55838544  1.72118984 -0.18087021 -1.85237019]
REF: [[ 3.74614141  3.98823467  4.04555202  4.06366241  4.08652313  4.11177001
   4.13631156  4.16012709  4.18317898  4.20408163  4.22334758  4.25069231
   4.29710129  4.32670409  4.34733838  4.36754     4.38457669  4.39956063
   4.41712088  4.43753179  4.45901422]
 [ 0.58211817 -0.09209541 -0.11515976 -0.12451165 -0.13489742 -0.14132096
  -0.14388783 -0.14961534 -0.16155564 -0.17657584 -0.18514172 -0.18492573
  -0.18023908 -0.18382763 -0.19175814 -0.20656475 -0.22595551 -0.24576466
  -0.26330567 -0.27781427 -0.29064197]]
DEBUG STATE: [ 3.74614141  0.58211817  0.55838544  1.72118984 -0.18087021 -1.85237019
 -2.56942492 -0.34      ]
DEBUG PARAMS NODE 0: [15.         15.          1.          1.         25.         25.
  0.          0.          0.72730261  0.          0.          0.
  3.74614141  0.58211817  0.          0.          0.          0.
  0.          0.        ]

iter	qp_stat	qp_iter
0	0	0
1	0	22


PREDICTED STATES: [array([3.74614141, 0.58211817, 0.55838544]), array([3.82456351, 0.61184688, 0.47061176]), array([3.90182987, 0.63317902, 0.38735193]), array([3.97584722, 0.64768204, 0.30891873]), array([4.04604104, 0.65634441, 0.235332  ]), array([4.11198481, 0.66012662, 0.16659765]), array([4.17338059, 0.65994322, 0.10271473]), array([4.23003647, 0.65664722, 0.04360046]), array([ 4.28167304,  0.65108166, -0.02377976]), array([ 4.32797307,  0.64475573, -0.11275791]), array([ 4.3698779 ,  0.63490608, -0.15950374]), array([ 4.40696604,  0.62469774, -0.19491952]), array([ 4.43928815,  0.61597327, -0.22342902]), array([ 4.46675263,  0.60680715, -0.25205695]), array([ 4.4893876 ,  0.59793343, -0.27937745]), array([ 4.50729939,  0.58947582, -0.30668382]), array([ 4.52053564,  0.5815758 , -0.33439073]), array([ 4.52916469,  0.57443886, -0.36254301]), array([ 4.53326059,  0.56828872, -0.39103593]), array([ 4.53290033,  0.56335929, -0.41969432]), array([ 4.52816622,  0.55988963, -0.44831751])]
-0.12965291548104801
[ 1.778868  3.098234  0.70658   3.067001  5.812457  0.363147 14.826287]
[INFO] [1774442219.758902596] [mpc_node]: Logging State [ 3.78311675  0.59694176  0.51576036  1.78411832 -0.21259336 -1.94944706]
REF: [[ 3.78311675  3.99118583  4.04745988  4.06590541  4.08928032  4.11451621
   4.13897488  4.16271292  4.18561738  4.20618362  4.22571992  4.25486129
   4.30283815  4.32896428  4.34954864  4.36956064  4.38619437  4.4012564
   4.41921859  4.43980087  4.461376  ]
 [ 0.59694176 -0.09318729 -0.11613805 -0.1256432  -0.13590784 -0.14166423
  -0.14424787 -0.15062641 -0.16322248 -0.17792565 -0.18555052 -0.18435477
  -0.1803664  -0.18443515 -0.1929907  -0.20851335 -0.22810908 -0.247801
  -0.26499443 -0.27923693 -0.29201608]]
DEBUG STATE: [ 3.78311675  0.59694176  0.51576036  1.78411832 -0.21259336 -1.94944706
 -2.59305831 -0.34      ]
DEBUG PARAMS NODE 0: [15.         15.          1.          1.         25.         25.
  0.          0.          0.72730261  0.          0.          0.
  3.78311675  0.59694176  0.          0.          0.          0.
  0.          0.        ]

iter	qp_stat	qp_iter
0	0	0
1	0	20


PREDICTED STATES: [array([3.78311675, 0.59694176, 0.51576036]), array([3.86608295, 0.62400447, 0.42416188]), array([3.94691615, 0.64167029, 0.33732187]), array([4.02452065, 0.65175609, 0.25512604]), array([4.09829843, 0.65532256, 0.1774993 ]), array([4.16782024, 0.65338924, 0.10437049]), array([4.23279904, 0.64692787, 0.0356798 ]), array([ 4.29306693,  0.63685272, -0.02862156]), array([ 4.34855441,  0.62401325, -0.08854073]), array([ 4.39885101,  0.60919754, -0.1801463 ]), array([ 4.44423121,  0.59137186, -0.2311451 ]), array([ 4.48500293,  0.57312398, -0.27826325]), array([ 4.5213674 ,  0.55499865, -0.31897092]), array([ 4.55346695,  0.53761409, -0.36086448]), array([ 4.58199372,  0.5221399 , -0.38903925]), array([ 4.60661903,  0.50817767, -0.41512431]), array([ 4.62722448,  0.49541806, -0.44085291]), array([ 4.64389275,  0.48401185, -0.46661031]), array([ 4.65667044,  0.4740829 , -0.49285895]), array([ 4.6656359 ,  0.46580216, -0.51969176]), array([ 4.67088693,  0.4593583 , -0.54698832])]
-0.12712408140871814
[ 1.29463   2.881107  0.687668  3.200189 10.412047  0.354186 18.829827]
[INFO] [1774442219.801170224] [mpc_node]: Logging State [ 3.78974224  0.60643535  0.45450903  1.29859218 -0.12909176 -2.21138799]
[INFO] [1774442219.803006789] [mpc_node]: Logging State [ 3.85543726  0.62718247  0.44636213  2.1391221  -0.21240873 -1.38871858]
REF: [[ 3.85543726  4.00795256  4.04911132  4.06791015  4.0916795   4.11687749
   4.14126654  4.16493898  4.1876956   4.20796497  4.22783573  4.25863769
   4.30745107  4.33143114  4.35198958  4.37173567  4.38795367  4.40316885
   4.42156135  4.44230811  4.4639866 ]
 [ 0.62718247 -0.09908115 -0.11698995 -0.1266411  -0.13673135 -0.14192825
  -0.14459953 -0.15156117 -0.16469865 -0.17900563 -0.18581763 -0.18380867
  -0.18065207 -0.18516251 -0.19445697 -0.21071392 -0.23047983 -0.25000525
  -0.26681259 -0.28078153 -0.29354078]]
DEBUG STATE: [ 3.85543726  0.62718247  0.44636213  2.1391221  -0.21240873 -1.38871858
 -2.54248163 -0.34      ]
DEBUG PARAMS NODE 0: [15.         15.          1.          1.         25.         25.
  0.          0.          0.72730261  0.          0.          0.
  3.85543726  0.62718247  0.          0.          0.          0.
  0.          0.        ]

iter	qp_stat	qp_iter
0	0	0
1	0	21


PREDICTED STATES: [array([3.85543726, 0.62718247, 0.44636213]), array([3.9560368 , 0.65430464, 0.34788912]), array([4.05428375, 0.66903659, 0.24409587]), array([4.1487678 , 0.67354773, 0.14516876]), array([4.23847464, 0.66929242, 0.05124972]), array([ 4.32267726,  0.65765519, -0.03761889]), array([ 4.40088941,  0.63999187, -0.12140667]), array([ 4.47283237,  0.61759979, -0.20009214]), array([ 4.53840144,  0.59169644, -0.27366047]), array([ 4.59763377,  0.56340546, -0.34210637]), array([ 4.6502277 ,  0.5334729 , -0.40540023]), array([ 4.69687268,  0.50310633, -0.46280104]), array([ 4.73788957,  0.47318555, -0.51516333]), array([ 4.77360489,  0.44441992, -0.56306106]), array([ 4.80431732,  0.41741452, -0.60768867]), array([ 4.83041914,  0.39263484, -0.64821725]), array([ 4.85251709,  0.37084621, -0.67714663]), array([ 4.87012126,  0.35159563, -0.70430208]), array([ 4.88329531,  0.33487174, -0.7314827 ]), array([ 4.89218311,  0.32092509, -0.75894976]), array([ 4.89697003,  0.31003654, -0.78679711])]
-0.13025543624599217
[ 1.411785  6.832935  0.750229  3.567528  5.337755  0.339626 18.239858]
[INFO] [1774442219.840572393] [mpc_node]: Logging State [ 3.8802856   0.65634698  0.40589794  1.70372883 -0.08768793 -1.24008744]
[INFO] [1774442219.852368800] [mpc_node]: Logging State [ 3.90706244  0.6804483   0.35764097  1.91576006  0.08555069 -2.16991172]
REF: [[ 3.90706244  3.99739035  4.04950279  4.06839283  4.09224847  4.11743425
   4.14180702  4.16546417  4.18818319  4.20838301  4.22834698  4.25955443
   4.30847404  4.33206809  4.352623    4.37229099  4.38840744  4.40367367
   4.42217418  4.44295993  4.46466479]
 [ 0.6804483  -0.09540261 -0.11719244 -0.12687919 -0.13691871 -0.1419871
  -0.1446889  -0.15179045 -0.165051   -0.17924981 -0.1858695  -0.18367504
  -0.18073879 -0.18536163 -0.19485579 -0.21129317 -0.23109436 -0.25056993
  -0.26727733 -0.28117889 -0.29393839]]
DEBUG STATE: [ 3.90706244  0.6804483   0.35764097  1.91576006  0.08555069 -2.16991172
 -2.60510872 -0.34      ]
DEBUG PARAMS NODE 0: [15.         15.          1.          1.         25.         25.
  0.          0.          0.72730261  0.          0.          0.
  3.90706244  0.6804483   0.          0.          0.          0.
  0.          0.        ]

iter	qp_stat	qp_iter
0	0	0
1	0	21


PREDICTED STATES: [array([3.90706244, 0.6804483 , 0.35764097]), array([3.99534071, 0.70288842, 0.26155257]), array([4.08142663, 0.70647228, 0.17188903]), array([4.16313119, 0.70235203, 0.08619439]), array([4.24012187, 0.69203642, 0.00469413]), array([ 4.31223071,  0.67653676, -0.07278636]), array([ 4.37938729,  0.65676028, -0.14640013]), array([ 4.44159473,  0.63352595, -0.21627614]), array([ 4.49891282,  0.60757592, -0.28252116]), array([ 4.55144648,  0.57958528, -0.34522193]), array([ 4.5993378 ,  0.55016993, -0.40444757]), array([ 4.64276025,  0.51989254, -0.46025059]), array([ 4.68191407,  0.48926682, -0.51266816]), array([ 4.71702394,  0.45876216, -0.56173213]), array([ 4.74833721,  0.42880368, -0.60724838]), array([ 4.77611898,  0.39980355, -0.65033834]), array([ 4.80059398,  0.37209062, -0.6916108 ]), array([ 4.82235233,  0.34615657, -0.72604048]), array([ 4.84207071,  0.32253748, -0.75236213]), array([ 4.85918752,  0.30081847, -0.77827739]), array([ 4.87374058,  0.28103869, -0.80426811])]
-0.1235020747660009
[ 1.284453  3.016247  0.738614  3.719436  5.360348  0.343146 14.462244]
[INFO] [1774442219.895812462] [mpc_node]: Logging State [ 3.9350399   0.70999502  0.34673212  1.71879255  0.20210707 -1.35342865]
REF: [[ 3.9350399   3.98812249  4.04546537  4.06356263  4.08639861  4.11164504
   4.13619043  4.16000951  4.18306748  4.20398495  4.22324154  4.25050831
   4.2968345   4.32661562  4.34725254  4.36746049  4.38451322  4.39949531
   4.41703983  4.43744361  4.45892251]
 [ 0.70999502 -0.09205327 -0.11511551 -0.12446099 -0.13485023 -0.14130425
  -0.14387254 -0.14957126 -0.16148133 -0.17651197 -0.18512054 -0.18494963
  -0.18023893 -0.18380496 -0.19171206 -0.20648993 -0.22587168 -0.24568477
  -0.26323918 -0.27775846 -0.29058866]]
DEBUG STATE: [ 3.9350399   0.70999502  0.34673212  1.71879255  0.20210707 -1.35342865
 -2.4700415  -0.34      ]
DEBUG PARAMS NODE 0: [15.         15.          1.          1.         25.         25.
  0.          0.          1.24641353  0.          0.          0.
  3.9350399   0.70999502  0.          0.          0.          0.
  0.          0.        ]

iter	qp_stat	qp_iter
0	0	0
1	0	24


PREDICTED STATES: [array([3.9350399 , 0.70999502, 0.34673212]), array([4.01118565, 0.7328727 , 0.28254226]), array([4.08283278, 0.73866609, 0.20726785]), array([4.14958664, 0.73905804, 0.13696455]), array([4.21209382, 0.73536114, 0.07113145]), array([4.27097591, 0.72826299, 0.00890645]), array([ 4.3267656 ,  0.71820334, -0.05043523]), array([ 4.37988528,  0.70544887, -0.10749463]), array([ 4.43064395,  0.69015523, -0.16276209]), array([ 4.47924624,  0.67241573, -0.21663028]), array([ 4.52580871,  0.6522976 , -0.26940711]), array([ 4.57037977,  0.6298672 , -0.32132806]), array([ 4.6129606 ,  0.60520582, -0.37256734]), array([ 4.65352517,  0.57841793, -0.42324038]), array([ 4.69203725,  0.54962909, -0.47310159]), array([ 4.72849503,  0.51903587, -0.52320436]), array([ 4.76286922,  0.4867872 , -0.57248254]), array([ 4.79515833,  0.45310304, -0.62274838]), array([ 4.82537583,  0.41827682, -0.6758465 ]), array([ 4.85417879,  0.38280933, -0.72315062]), array([ 4.88307549,  0.34762295, -0.75282043])]
-0.10275588194318347
[ 1.184515  3.44234   0.700692  3.691179 10.636053  0.439373 20.094152]
REF: [[ 3.9350399   3.98812249  4.04546537  4.06356263  4.08639861  4.11164504
   4.13619043  4.16000951  4.18306748  4.20398495  4.22324154  4.25050831
   4.2968345   4.32661562  4.34725254  4.36746049  4.38451322  4.39949531
   4.41703983  4.43744361  4.45892251]
 [ 0.70999502 -0.09205327 -0.11511551 -0.12446099 -0.13485023 -0.14130425
  -0.14387254 -0.14957126 -0.16148133 -0.17651197 -0.18512054 -0.18494963
  -0.18023893 -0.18380496 -0.19171206 -0.20648993 -0.22587168 -0.24568477
  -0.26323918 -0.27775846 -0.29058866]]
DEBUG STATE: [ 3.9350399   0.70999502  0.34673212  1.71879255  0.20210707 -1.35342865
 -2.05511764 -0.34      ]
DEBUG PARAMS NODE 0: [15.         15.          1.          1.         25.         25.
  0.          0.          1.24641353  0.          0.          0.
  3.9350399   0.70999502  0.          0.          0.          0.
  0.          0.        ]

iter	qp_stat	qp_iter
0	0	0
1	0	24


PREDICTED STATES: [array([3.9350399 , 0.70999502, 0.34673212]), array([4.01173316, 0.73305075, 0.28241457]), array([4.08478645, 0.73870053, 0.2057752 ]), array([4.1534039 , 0.7384979 , 0.13350593]), array([4.21787782, 0.73371389, 0.06542234]), array([4.27853823e+00, 7.25100065e-01, 9.10433524e-04]), array([ 4.3357033 ,  0.71323845, -0.06055278]), array([ 4.38965997,  0.69858248, -0.11940611]), array([ 4.44065472,  0.68149068, -0.1760119 ]), array([ 4.4888911 ,  0.66225374, -0.23066398]), array([ 4.53453198,  0.6411158 , -0.28359571]), array([ 4.57770448,  0.61829048, -0.33498787]), array([ 4.61850658,  0.59397249, -0.38497647]), array([ 4.65701431,  0.56834547, -0.43366002]), array([ 4.69328899,  0.54158666, -0.48109731]), array([ 4.72738372,  0.51387219, -0.52747633]), array([ 4.75935034,  0.48536356, -0.57230068]), array([ 4.78923995,  0.45624572, -0.61665015]), array([ 4.81712279,  0.42667755, -0.65979787]), array([ 4.84306084,  0.39680935, -0.70200974]), array([ 4.8669128 ,  0.36664545, -0.7441034 ])]
-0.08848452898991466
[ 1.956313  5.740615  3.468069  4.944463 10.843803  0.897626 27.850889]
[INFO] [1774442219.972124472] [mpc_node]: Logging State [ 3.95898885  0.72002078  0.26800971  1.25220245  0.16583075 -1.31206565]
[INFO] [1774442219.975375286] [mpc_node]: Logging State [ 3.98896431  0.74517618  0.24458066  1.22459713  0.24050552 -1.06281705]
REF: [[ 3.98896431  4.00322197  4.04968128  4.06861379  4.09250783  4.11768767
   4.14205305  4.16570326  4.18840483  4.20857315  4.22858142  4.25997508
   4.30892962  4.33236167  4.35291524  4.37254599  4.38861659  4.40390794
   4.42245764  4.44326093  4.46497782]
 [ 0.74517618 -0.09743337 -0.11728483 -0.12698788 -0.13700308 -0.14201352
  -0.14473045 -0.15189594 -0.16521182 -0.17935966 -0.18589172 -0.18361383
  -0.18078019 -0.18545501 -0.19504237 -0.21156155 -0.23137786 -0.25082948
  -0.26749085 -0.28136184 -0.29412217]]
DEBUG STATE: [ 3.98896431  0.74517618  0.24458066  1.22459713  0.24050552 -1.06281705
 -1.76969058 -0.34      ]
DEBUG PARAMS NODE 0: [15.         15.          1.          1.         25.         25.
  0.          0.          1.24641353  0.          0.          0.
  3.98896431  0.74517618  0.          0.          0.          0.
  0.          0.        ]

iter	qp_stat	qp_iter
0	0	0
1	0	24


PREDICTED STATES: [array([3.98896431, 0.74517618, 0.24458066]), array([4.04374889, 0.75658523, 0.19600895]), array([4.09498183, 0.75424064, 0.14209111]), array([4.14281715, 0.7500559 , 0.09159121]), array([4.18821905, 0.74428579, 0.04341329]), array([ 4.23196820e+00,  7.37004904e-01, -3.27362136e-03]), array([ 4.2746841 ,  0.72815697, -0.04916402]), array([ 4.31683428,  0.71760135, -0.09483037]), array([ 4.35874792,  0.70514858, -0.14073659]), array([ 4.40063158,  0.69058683, -0.1872514 ]), array([ 4.44258581,  0.67370123, -0.23466135]), array([ 4.48462189,  0.65428792, -0.2831834 ]), array([ 4.52667819,  0.6321638 , -0.33297666]), array([ 4.56863575,  0.60717299, -0.3841534 ]), array([ 4.61033282,  0.57919043, -0.43679268]), array([ 4.6515744 ,  0.54812573, -0.49128496]), array([ 4.69215781,  0.51389885, -0.54625733]), array([ 4.73186265,  0.47652822, -0.60459192]), array([ 4.77045416,  0.43591237, -0.66191113]), array([ 4.80778789,  0.39217425, -0.7205073 ]), array([ 4.84367348,  0.34536036, -0.78041035])]
-0.0681558731263262
[ 1.666993  3.674091  0.872985 14.230877  7.311061  0.54456  28.300567]
REF: [[ 3.98896431  4.00322197  4.04968128  4.06861379  4.09250783  4.11768767
   4.14205305  4.16570326  4.18840483  4.20857315  4.22858142  4.25997508
   4.30892962  4.33236167  4.35291524  4.37254599  4.38861659  4.40390794
   4.42245764  4.44326093  4.46497782]
 [ 0.74517618 -0.09743337 -0.11728483 -0.12698788 -0.13700308 -0.14201352
  -0.14473045 -0.15189594 -0.16521182 -0.17935966 -0.18589172 -0.18361383
  -0.18078019 -0.18545501 -0.19504237 -0.21156155 -0.23137786 -0.25082948
  -0.26749085 -0.28136184 -0.29412217]]
DEBUG STATE: [ 3.98896431  0.74517618  0.24458066  1.22459713  0.24050552 -1.06281705
 -1.36311746 -0.34      ]
DEBUG PARAMS NODE 0: [15.         15.          1.          1.         25.         25.
  0.          0.          1.24641353  0.          0.          0.
  3.98896431  0.74517618  0.          0.          0.          0.
  0.          0.        ]

iter	qp_stat	qp_iter
0	0	0
1	0	27


PREDICTED STATES: [array([3.98896431, 0.74517618, 0.24458066]), array([4.04422783, 0.7566777 , 0.19582025]), array([4.09604433, 0.75627781, 0.14122428]), array([4.14460886, 0.75326733, 0.08992348]), array([4.19045608, 0.74810355, 0.04130831]), array([ 4.23420103,  0.74104695, -0.00533598]), array([ 4.27643546,  0.73221872, -0.05057609]), array([ 4.31766528,  0.72161265, -0.09377041]), array([ 4.35833297,  0.708989  , -0.12660128]), array([ 4.39890842,  0.69362699, -0.11778303]), array([ 4.43956886,  0.67525685, -0.05755368]), array([ 4.47955777,  0.65620499, -0.07792684]), array([ 4.51881669,  0.63730934, -0.22911806]), array([ 4.558301  ,  0.61564717, -0.35248842]), array([ 4.59792991,  0.590488  , -0.41779913]), array([ 4.63726921,  0.56246688, -0.46970096]), array([ 4.67607494,  0.53172861, -0.521747  ]), array([ 4.71413607,  0.49821598, -0.57492069]), array([ 4.75123379,  0.46188229, -0.62935165]), array([ 4.78711831,  0.42268998, -0.68505081]), array([ 4.82153232,  0.38062321, -0.74200781])]
-0.06123605410941908
[ 1.093152  3.258879  0.75999   7.679711  5.878795  0.362762 19.033289]
[INFO] [1774442220.042282895] [mpc_node]: Logging State [ 4.00664415  0.7665679   0.19203189  0.95187558  0.26076074 -1.07551378]
REF: [[ 4.00664415  3.99035151  4.04699025  4.0653455   4.08859947  4.11384161
   4.13832041  4.16207738  4.18502055  4.20567096  4.22512927  4.25381516
   4.30145721  4.32834887  4.34894384  4.36901273  4.3857546   4.40078947
   4.41864246  4.43918013  4.46072963]
 [ 0.7665679  -0.09288168 -0.11589659 -0.1253621  -0.13566455 -0.14158389
  -0.14415491 -0.15037049 -0.16280737 -0.1776036  -0.18546004 -0.18450246
  -0.18031345 -0.18426427 -0.19264453 -0.20797595 -0.22752062 -0.24724771
  -0.26453662 -0.27885023 -0.29163967]]
DEBUG STATE: [ 4.00664415  0.7665679   0.19203189  0.95187558  0.26076074 -1.07551378
 -1.22472108 -0.34      ]
DEBUG PARAMS NODE 0: [15.         15.          1.          1.         25.         25.
  0.          0.          1.24641353  0.          0.          0.
  4.00664415  0.7665679   0.          0.          0.          0.
  0.          0.        ]

iter	qp_stat	qp_iter
0	0	0
1	0	29


PREDICTED STATES: [array([4.00664415, 0.7665679 , 0.19203189]), array([4.04900497, 0.77379369, 0.14786512]), array([4.0871136 , 0.77117598, 0.10744506]), array([4.12053087, 0.76764635, 0.07184848]), array([4.1488728 , 0.76381873, 0.04147716]), array([4.17182257, 0.76035713, 0.01722318]), array([4.18918543e+00, 7.58068230e-01, 1.99464658e-03]), array([ 4.20078903,  0.7577855 , -0.00697587]), array([ 4.20665437,  0.76035692, -0.00758231]), array([4.20615863, 0.76090986, 0.10989876]), array([ 4.19231248,  0.73996869, -0.05494444]), array([ 4.11355646,  0.84431616, -0.24204997]), array([ 4.03599092,  0.92738407, -0.44726575]), array([4.40034894, 0.59092419, 1.52595509]), array([4.78879785, 0.70165142, 3.05177091]), array([5.06926204, 0.70661271, 2.80609967]), array([5.33895176, 0.69595175, 2.57976327]), array([5.59865393, 0.67282659, 2.36074738]), array([5.84778298, 0.63796259, 2.14928981]), array([6.08587445, 0.59218386, 1.9460827 ]), array([6.31254315, 0.53638769, 1.7511301 ])]
-0.06835844983987414
[ 2.081469  3.420643  0.722581  3.444132  5.047539  0.340746 15.05711 ]
[INFO] [1774442220.079453735] [mpc_node]: Logging State [ 4.02354576  0.77711542  0.12752141  0.76359642  0.24127761 -1.26215431]
[INFO] [1774442220.082241240] [mpc_node]: Logging State [ 4.03374192  0.77139436  0.11328482  0.68936894  0.11036778 -1.06839928]
REF: [[ 4.03374192  3.97813676  4.03337321  4.05209579  4.07164912  4.09600479
   4.1210862   4.14535256  4.16891133  4.19135912  4.21112355  4.23184393
   4.26582557  4.31434025  4.3362718   4.35681334  4.37587893  4.3914079
   4.40712723  4.42628712  4.44730044]
 [ 0.77139436 -0.08811467 -0.10917916 -0.11853749 -0.12846009 -0.13807585
  -0.14234964 -0.14534508 -0.15337913 -0.16738593 -0.18075596 -0.18610493
  -0.18278357 -0.18140541 -0.18679872 -0.19768891 -0.21521007 -0.23516292
  -0.25423576 -0.2702924  -0.283788  ]]
DEBUG STATE: [ 4.03374192  0.77139436  0.11328482  0.68936894  0.11036778 -1.06839928
 -1.367169   -0.34      ]
DEBUG PARAMS NODE 0: [15.         15.          1.          1.         25.         25.
  0.          0.          1.24641353  0.          0.          0.
  4.03374192  0.77139436  0.          0.          0.          0.
  0.          0.        ]

iter	qp_stat	qp_iter
0	0	0
1	0	35


PREDICTED STATES: [array([4.03374192, 0.77139436, 0.11328482]), array([4.06484287, 0.77111405, 0.07659214]), array([4.09221448, 0.76708888, 0.04965644]), array([4.1164201 , 0.76294953, 0.02884568]), array([4.13775828e+00, 7.59102402e-01, 3.13383224e-03]), array([ 4.15642226,  0.75437346, -0.02305211]), array([ 4.17264492,  0.74921827, -0.0506818 ]), array([ 4.18664175,  0.74385517, -0.07730307]), array([ 4.19846787,  0.73866532, -0.10383467]), array([ 4.2080131 ,  0.73408788, -0.13092729]), array([ 4.21219302,  0.73221493, -0.15874277]), array([ 4.21233273,  0.73557707, -0.12606304]), array([4.23464255, 0.79730692, 0.08175922]), array([4.36653074, 0.99792027, 0.11459457]), array([ 5.15541152,  1.32495045, -0.18213172]), array([ 4.71363987,  1.93600504, -0.74325171]), array([ 4.55963133,  2.59289221, -0.61409383]), array([ 4.59360854,  3.23826125, -0.46888657]), array([ 4.74563793,  3.81236147, -0.4103611 ]), array([ 4.97185459,  4.30302502, -0.37433918]), array([ 5.24240829,  4.712459  , -0.34388249])]
-0.05866296548281306
[ 6.135667  3.170844  0.708116  4.281053 16.396444  0.451213 31.143337]
[INFO] [1774442220.139011114] [mpc_node]: Logging State [ 4.06696577  0.766897    0.09456022  0.73178108  0.04741638 -0.78898888]
REF: [[ 4.06696577  3.98009829  4.03638071  4.05441077  4.07462062  4.09931875
   4.1242855   4.14845776  4.17193277  4.19410943  4.21354951  4.23515874
   4.27171987  4.31824711  4.33950998  4.36002434  4.37853915  4.39374234
   4.4099297   4.42952688  4.45068861]
 [ 0.766897   -0.08891131 -0.11060092 -0.11974117 -0.12985847 -0.13897619
  -0.14264734 -0.14603258 -0.15489255 -0.16943732 -0.18194148 -0.18615807
  -0.18201144 -0.18201535 -0.18806128 -0.20009497 -0.2183137  -0.23829896
  -0.25698128 -0.27255511 -0.28578947]]
DEBUG STATE: [ 4.06696577  0.766897    0.09456022  0.73178108  0.04741638 -0.78898888
 -1.17325931 -0.34      ]
DEBUG PARAMS NODE 0: [15.         15.          1.          1.         25.         25.
  0.          0.          1.24641353  0.          0.          0.
  4.06696577  0.766897    0.          0.          0.          0.
  0.          0.        ]

iter	qp_stat	qp_iter
0	0	0
1	0	22


PREDICTED STATES: [array([4.06696577, 0.766897  , 0.09456022]), array([4.10071081, 0.7648693 , 0.06001052]), array([4.13076079, 0.76074564, 0.02932933]), array([4.15736895e+00, 7.56504971e-01, 1.83004089e-03]), array([ 4.18048908,  0.75166024, -0.02536124]), array([ 4.20016027,  0.74619768, -0.05290811]), array([ 4.21645682,  0.74042896, -0.0803181 ]), array([ 4.22945866,  0.73450986, -0.10801721]), array([ 4.23925269,  0.72856739, -0.13611528]), array([ 4.24594125,  0.72276725, -0.16452928]), array([ 4.24960445,  0.71728169, -0.19331114]), array([ 4.25029697,  0.71228017, -0.22241039]), array([ 4.24997448,  0.70863796, -0.25140346]), array([ 4.20805161,  0.7004895 , -0.27996619]), array([ 4.12066234,  0.68077263, -0.30621833]), array([ 4.14412454,  0.60365499, -0.43492836]), array([ 4.18769657,  0.51675176, -0.65570182]), array([ 4.4036818 ,  0.10855699, -0.83769764]), array([ 4.63477256, -0.23214981, -0.94332184]), array([ 4.88335902, -0.53137882, -0.83681368]), array([ 5.14669007, -0.79119966, -0.65472308])]
-0.05739250325161829
[ 7.454521  3.142267  0.725301 10.60466   5.656549  0.36785  27.951148]
REF: [[ 4.06696577  3.98009829  4.03638071  4.05441077  4.07462062  4.09931875
   4.1242855   4.14845776  4.17193277  4.19410943  4.21354951  4.23515874
   4.27171987  4.31824711  4.33950998  4.36002434  4.37853915  4.39374234
   4.4099297   4.42952688  4.45068861]
 [ 0.766897   -0.08891131 -0.11060092 -0.11974117 -0.12985847 -0.13897619
  -0.14264734 -0.14603258 -0.15489255 -0.16943732 -0.18194148 -0.18615807
  -0.18201144 -0.18201535 -0.18806128 -0.20009497 -0.2183137  -0.23829896
  -0.25698128 -0.27255511 -0.28578947]]
DEBUG STATE: [ 4.06696577  0.766897    0.09456022  0.73178108  0.04741638 -0.78898888
 -1.14785007 -0.34      ]
DEBUG PARAMS NODE 0: [15.         15.          1.          1.         25.         25.
  0.          0.          1.24641353  0.          0.          0.
  4.06696577  0.766897    0.          0.          0.          0.
  0.          0.        ]

iter	qp_stat	qp_iter
0	0	0
1	0	24


PREDICTED STATES: [array([4.06696577, 0.766897  , 0.09456022]), array([4.10080575, 0.76486295, 0.05992176]), array([4.13135192, 0.76063042, 0.02862575]), array([ 4.15915147e+00,  7.55913436e-01, -5.27112248e-04]), array([ 4.18464542,  0.7509735 , -0.02752355]), array([ 4.20815103,  0.74547389, -0.05425357]), array([ 4.23009141,  0.73950927, -0.08072161]), array([ 4.25084589,  0.7330979 , -0.10716287]), array([ 4.27075164,  0.72621188, -0.13386927]), array([ 4.29010903,  0.7188265 , -0.16113435]), array([ 4.30917643,  0.71090301, -0.18915254]), array([ 4.32817155,  0.70239007, -0.21799402]), array([ 4.34727447,  0.69322775, -0.24768129]), array([ 4.36663656,  0.68336318, -0.27820102]), array([ 4.38656637,  0.67301693, -0.3046308 ]), array([ 4.40670009,  0.66144458, -0.33028081]), array([ 4.45976996,  0.6712382 , -0.37078379]), array([ 4.58180522,  0.73275706, -0.44659287]), array([ 4.65657595,  0.77782645, -0.57071907]), array([ 4.68230472,  0.80096214, -0.73673349]), array([ 4.65735835,  0.78198387, -0.98255531])]
-0.05049708523869987
[ 1.246628  5.128789  3.048601  6.964842 13.520873  0.367371 30.277104]
[INFO] [1774442220.212673542] [mpc_node]: Logging State [ 4.08064037  0.76766709  0.05538232  0.5418795   0.03638705 -0.69096111]
REF: [[ 4.08064037  3.97132534  4.02103156  4.04760961  4.06608491  4.08949758
   4.11473104  4.13918332  4.16291535  4.18580715  4.20634645  4.2259092
   4.25519745  4.30327293  4.32916891  4.34975016  4.3697424   4.3863405
   4.40141253  4.41941094  4.44000772]
 [ 0.76766709 -0.08532189 -0.10388525 -0.11621511 -0.1257331  -0.1359846
  -0.14168932 -0.14427814 -0.15070894 -0.16335535 -0.17802692 -0.185578
  -0.18430685 -0.18038611 -0.1844929  -0.19310755 -0.20869312 -0.22830505
  -0.24798473 -0.2651463  -0.27936539]]
DEBUG STATE: [ 4.08064037  0.76766709  0.05538232  0.5418795   0.03638705 -0.69096111
 -1.0099417  -0.34      ]
DEBUG PARAMS NODE 0: [15.         15.          1.          1.         25.         25.
  0.          0.          1.24641353  0.          0.          0.
  4.08064037  0.76766709  0.          0.          0.          0.
  0.          0.        ]

iter	qp_stat	qp_iter
0	0	0
1	0	23


PREDICTED STATES: [array([4.08064037, 0.76766709, 0.05538232]), array([4.10552407, 0.76537852, 0.02732372]), array([4.12785823e+00, 7.61322333e-01, 3.69054614e-03]), array([ 4.1484106 ,  0.75719055, -0.02026488]), array([ 4.16772478,  0.75278292, -0.04336394]), array([ 4.18601171,  0.74710847, -0.07003106]), array([ 4.20389004,  0.7409685 , -0.09697226]), array([ 4.22172309,  0.73437799, -0.12388811]), array([ 4.23980092,  0.72726678, -0.15083352]), array([ 4.25836611,  0.71956361, -0.17780255]), array([ 4.27761194,  0.71119082, -0.20472697]), array([ 4.29768525,  0.70206942, -0.23149465]), array([ 4.31869025,  0.69212554, -0.25802595]), array([ 4.34068449,  0.68127782, -0.28436647]), array([ 4.36368626,  0.66944404, -0.3105993 ]), array([ 4.38765029,  0.65650817, -0.33752458]), array([ 4.41268659,  0.64265243, -0.36426084]), array([ 4.43846563,  0.62700162, -0.39128031]), array([ 4.46609401,  0.60653555, -0.41929277]), array([ 4.49701576,  0.58120688, -0.44890149]), array([ 4.52245714,  0.55110444, -0.48015701])]
-0.039239341093385095
[ 1.453194  3.147644  0.833848  7.068205  9.334928  0.34689  22.184709]
[INFO] [1774442220.245160246] [mpc_node]: Logging State [ 4.10649117  0.73709348  0.02150488  0.69181682 -0.22539791 -0.99583849]
[INFO] [1774442220.252842517] [mpc_node]: Logging State [ 4.11398455  0.70697714  0.01722862  0.51424968 -0.35385137 -0.591233  ]
REF: [[ 4.11398455  3.97004855  4.01844899  4.04763657  4.06611729  4.08953672
   4.11476971  4.13922084  4.16295179  4.1858413   4.20637575  4.22594334
   4.25525813  4.30335093  4.3292062   4.3497869   4.36977549  4.38636712
   4.40144103  4.41944603  4.44004543]
 [ 0.70697714 -0.08480028 -0.10288854 -0.11622899 -0.12574931 -0.13599838
  -0.14169382 -0.14428362 -0.15072385 -0.1633793  -0.17804509 -0.18558288
  -0.18429818 -0.1803898  -0.18450347 -0.19312893 -0.20872593 -0.22834077
  -0.24801819 -0.26517395 -0.27938879]]
DEBUG STATE: [ 4.11398455  0.70697714  0.01722862  0.51424968 -0.35385137 -0.591233
 -0.78478682 -0.34      ]
DEBUG PARAMS NODE 0: [15.         15.          1.          1.         25.         25.
  0.          0.          1.24641353  0.          0.          0.
  4.11398455  0.70697714  0.          0.          0.          0.
  0.          0.        ]

iter	qp_stat	qp_iter
0	0	0
1	0	28


PREDICTED STATES: [array([4.11398455, 0.70697714, 0.01722862]), array([ 4.14024765,  0.69769699, -0.01498404]), array([ 4.1653969 ,  0.69250167, -0.04188793]), array([ 4.18891615,  0.68657602, -0.06912775]), array([ 4.21115125,  0.67976839, -0.09882478]), array([ 4.23258659,  0.67259483, -0.12776855]), array([ 4.25358622,  0.66506492, -0.15502692]), array([ 4.27441101,  0.65704744, -0.18185739]), array([ 4.29530425,  0.64843543, -0.20861278]), array([ 4.31648253,  0.63914746, -0.23535378]), array([ 4.33812556,  0.62910973, -0.26209715]), array([ 4.36036946,  0.61824435, -0.28884761]), array([ 4.38330572,  0.60647059, -0.31560558]), array([ 4.40698569,  0.59371361, -0.34236541]), array([ 4.43122146,  0.57957717, -0.37133361]), array([ 4.45599306,  0.5640236 , -0.4030583 ]), array([ 4.48127443,  0.54701555, -0.43650466]), array([ 4.50696797,  0.52843145, -0.47132662]), array([ 4.53297801,  0.50819127, -0.50738291]), array([ 4.55934206,  0.48642011, -0.54343921]), array([ 4.58706318,  0.46436873, -0.5703198 ])]
-0.03184068417819285
[ 1.240676  3.104826  0.703124  7.880069 11.081442  0.445965 24.456102]
REF: [[ 4.11398455  3.97004855  4.01844899  4.04763657  4.06611729  4.08953672
   4.11476971  4.13922084  4.16295179  4.1858413   4.20637575  4.22594334
   4.25525813  4.30335093  4.3292062   4.3497869   4.36977549  4.38636712
   4.40144103  4.41944603  4.44004543]
 [ 0.70697714 -0.08480028 -0.10288854 -0.11622899 -0.12574931 -0.13599838
  -0.14169382 -0.14428362 -0.15072385 -0.1633793  -0.17804509 -0.18558288
  -0.18429818 -0.1803898  -0.18450347 -0.19312893 -0.20872593 -0.22834077
  -0.24801819 -0.26517395 -0.27938879]]
DEBUG STATE: [ 4.11398455  0.70697714  0.01722862  0.51424968 -0.35385137 -0.591233
 -0.63681368 -0.34      ]
DEBUG PARAMS NODE 0: [15.         15.          1.          1.         25.         25.
  0.          0.          1.24641353  0.          0.          0.
  4.11398455  0.70697714  0.          0.          0.          0.
  0.          0.        ]

iter	qp_stat	qp_iter
0	0	0
1	0	28


PREDICTED STATES: [array([4.11398455, 0.70697714, 0.01722862]), array([ 4.14048264,  0.69774828, -0.0150158 ]), array([ 4.16624093,  0.6922858 , -0.04265556]), array([ 4.19086573,  0.68634348, -0.06944003]), array([ 4.2147481 ,  0.67980062, -0.09621365]), array([ 4.23831625,  0.67269302, -0.12282091]), array([ 4.26192011,  0.66489159, -0.14945667]), array([ 4.28589628,  0.65633621, -0.17617959]), array([ 4.31053838,  0.64695408, -0.20290736]), array([ 4.3360847 ,  0.6366549 , -0.22962478]), array([ 4.36271435,  0.62533448, -0.25633381]), array([ 4.39054861,  0.61288472, -0.28304122]), array([ 4.41914314,  0.59836112, -0.3153601 ]), array([ 4.44864462,  0.58190183, -0.35335623]), array([ 4.4790922 ,  0.5634893 , -0.39415674]), array([ 4.51036067,  0.5427754 , -0.43098116]), array([ 4.54233774,  0.51991179, -0.47473376]), array([ 4.57483718,  0.49458508, -0.51970252]), array([ 4.60766613,  0.46664638, -0.56593481]), array([ 4.64062721,  0.43597714, -0.61353053]), array([ 4.67347264,  0.40243533, -0.66284269])]
-0.024625137839333427
[ 1.294853  2.998903  0.730358  3.501573 10.693687  0.353354 19.572728]
[INFO] [1774442220.321571363] [mpc_node]: Logging State [ 4.13846031e+00  7.27075766e-01 -1.58105941e-04  4.89099858e-01
 -2.12679897e-01 -4.61432306e-01]
[INFO] [1774442220.332586851] [mpc_node]: Logging State [ 4.14998332e+00  7.29085392e-01  9.55072888e-04  5.02458224e-01
 -1.51766278e-01 -2.24077773e-01]
REF: [[ 4.14998332  3.96950338  4.01732663  4.04771502  4.06621157  4.08965059
   4.1148822   4.13932999  4.1630578   4.18594059  4.20646092  4.22604274
   4.25543488  4.30357731  4.32931541  4.34989456  4.36987238  4.38644509
   4.40152459  4.41954888  4.44015594]
 [ 0.72908539 -0.08457827 -0.10246465 -0.11626939 -0.12579648 -0.1360384
  -0.14170684 -0.14429963 -0.15076732 -0.16344904 -0.17809782 -0.18559695
  -0.18427289 -0.18040078 -0.18453452 -0.19319174 -0.20882214 -0.22844544
  -0.24811617 -0.26525491 -0.27945733]]
DEBUG STATE: [ 4.14998332e+00  7.29085392e-01  9.55072888e-04  5.02458224e-01
 -1.51766278e-01 -2.24077773e-01 -4.92502757e-01 -3.40000000e-01]
DEBUG PARAMS NODE 0: [15.         15.          1.          1.         25.         25.
  0.          0.          1.24641353  0.          0.          0.
  4.14998332  0.72908539  0.          0.          0.          0.
  0.          0.        ]

iter	qp_stat	qp_iter
0	0	0
1	0	26


PREDICTED STATES: [array([4.14998332e+00, 7.29085392e-01, 9.55072888e-04]), array([ 4.17470943,  0.72374378, -0.02416377]), array([ 4.19860799,  0.718417  , -0.04980032]), array([ 4.22214735,  0.71245884, -0.07623306]), array([ 4.24586888,  0.7057494 , -0.10304256]), array([ 4.27030092,  0.69830903, -0.1298262 ]), array([ 4.29587647,  0.69003082, -0.15659198]), array([ 4.3228332 ,  0.68053161, -0.18510646]), array([ 4.35124993,  0.6692604 , -0.21818315]), array([ 4.38138418,  0.65629875, -0.2554214 ]), array([ 4.41320568,  0.64115295, -0.29518625]), array([ 4.44671763,  0.62361175, -0.33718637]), array([ 4.48185555,  0.60342395, -0.38120698]), array([ 4.51843582,  0.58023935, -0.42628071]), array([ 4.55628316,  0.55387721, -0.47483822]), array([ 4.59512234,  0.52402483, -0.52543982]), array([ 4.63465139,  0.49046242, -0.58060256]), array([ 4.6744835 ,  0.45283833, -0.63660072]), array([ 4.71423703,  0.41101192, -0.69554764]), array([ 4.75346973,  0.36479028, -0.75766359]), array([ 4.79170131,  0.31401337, -0.82314474])]
-0.014136919317540207
[ 1.214115  2.802833  0.719445  7.602109 17.47446   0.378955 30.191917]
[INFO] [1774442220.372052957] [mpc_node]: Logging State [ 4.15190492  0.73636346  0.00449883  0.34815508 -0.0672692  -0.0591681 ]
[INFO] [1774442220.373974005] [mpc_node]: Logging State [ 4.12881372  0.73668145 -0.01890476 -0.25923748 -0.04889224 -0.66445984]
REF: [[ 4.12881372  3.95062211  3.97772115  4.03270145  4.05163723  4.0710667
   4.095343    4.12044529  4.14473035  4.16830612  4.19080453  4.2106416
   4.23121028  4.26469128  4.31342102  4.33555649  4.35610062  4.37527857
   4.39089581  4.4065245   4.4255795 ]
 [ 0.73668145 -0.07759683 -0.08794505 -0.10886778 -0.11829926 -0.1281808
  -0.13788228 -0.14228839 -0.14522051 -0.15308963 -0.16697434 -0.18050346
  -0.18607686 -0.18294059 -0.18128153 -0.18653861 -0.19718283 -0.21453338
  -0.23446977 -0.25362002 -0.26978575]]
DEBUG STATE: [ 4.12881372  0.73668145 -0.01890476 -0.25923748 -0.04889224 -0.66445984
 -0.28273839 -0.34      ]
DEBUG PARAMS NODE 0: [15.         15.          1.          1.         25.         25.
  0.          0.          1.24641353  0.          0.          0.
  4.12881372  0.73668145  0.          0.          0.          0.
  0.          0.        ]

iter	qp_stat	qp_iter
0	0	0
1	0	27


PREDICTED STATES: [array([ 4.12881372,  0.73668145, -0.01890476]), array([ 4.11829217,  0.73458636, -0.05182951]), array([ 4.12096961,  0.7294485 , -0.07909617]), array([ 4.13880735,  0.72306776, -0.10646312]), array([ 4.17020646,  0.714918  , -0.13313928]), array([ 4.21298405,  0.70261974, -0.17164337]), array([ 4.26510476,  0.68408684, -0.23876114]), array([ 4.3257097 ,  0.65953023, -0.31929192]), array([ 4.39355971,  0.62784168, -0.40444217]), array([ 4.46761204,  0.58833857, -0.49187113]), array([ 4.54666302,  0.54007979, -0.5829429 ]), array([ 4.62954723,  0.48231103, -0.68011879]), array([ 4.71497267,  0.41417811, -0.7850181 ]), array([ 4.80155137,  0.33486101, -0.89901914]), array([ 4.88788323,  0.24394332, -1.0325164 ]), array([ 4.97213412,  0.14002575, -1.16574001]), array([ 5.05233287,  0.02257642, -1.30919764]), array([ 5.1262411 , -0.1089871 , -1.46060334]), array([ 5.19167178, -0.25496057, -1.61886128]), array([ 5.24609451, -0.41539084, -1.78467132]), array([ 5.28677769, -0.59001148, -1.95797531])]
0.26706700000246486
[ 1.168897  2.898261  0.695252  3.498406 17.962474  0.365322 26.588612]
[INFO] [1774442220.408278970] [mpc_node]: Logging State [ 4.12046512  0.73800818 -0.0166044   0.          0.          0.        ]
REF: [[ 4.12046512  3.95062211  3.97772115  4.03270145  4.05163723  4.0710667
   4.095343    4.12044529  4.14473035  4.16830612  4.19080453  4.2106416
   4.23121028  4.26469128  4.31342102  4.33555649  4.35610062  4.37527857
   4.39089581  4.4065245   4.4255795 ]
 [ 0.73800818 -0.07759683 -0.08794505 -0.10886778 -0.11829926 -0.1281808
  -0.13788228 -0.14228839 -0.14522051 -0.15308963 -0.16697434 -0.18050346
  -0.18607686 -0.18294059 -0.18128153 -0.18653861 -0.19718283 -0.21453338
  -0.23446977 -0.25362002 -0.26978575]]
DEBUG STATE: [ 4.12046512  0.73800818 -0.0166044   0.1         0.          0.
  5.34134    -0.34      ]
DEBUG PARAMS NODE 0: [15.         15.          1.          1.         25.         25.
  0.          0.          1.24641353  0.          0.          0.
  4.12046512  0.73800818  0.          0.          0.          0.
  0.          0.        ]

iter	qp_stat	qp_iter
0	0	0
1	0	30


PREDICTED STATES: [array([ 4.12046512,  0.73800818, -0.0166044 ]), array([ 4.13359893,  0.73789676, -0.01665333]), array([ 4.16207049,  0.73598815, -0.02104893]), array([ 4.20440093,  0.73179696, -0.03399494]), array([ 4.25657416,  0.71773639, -0.09835394]), array([ 4.31946292,  0.69741594, -0.16630145]), array([ 4.39147311,  0.66928328, -0.24671876]), array([ 4.47058811,  0.63102166, -0.33724411]), array([ 4.55449319,  0.58066117, -0.43786307]), array([ 4.64065162,  0.51663569, -0.54796481]), array([ 4.7262104 ,  0.43767801, -0.66700891]), array([ 4.80795239,  0.34286414, -0.7945682 ]), array([ 4.88227445,  0.23174075, -0.93032237]), array([ 4.94524681,  0.10451487, -1.07406542]), array([ 4.99274837, -0.03775072, -1.2256824 ]), array([ 5.02072384, -0.19304456, -1.38031387]), array([ 5.02523745, -0.35817741, -1.54423087]), array([ 5.00292251, -0.52911054, -1.71242585]), array([ 4.95135384, -0.70071953, -1.88472656]), array([ 4.86925903, -0.86712723, -2.0610983 ]), array([ 4.75668796, -1.02192235, -2.24070288])]
0.24666797971070042
[ 1.219715  2.811122  0.729941  3.810127  5.652292  0.349002 14.572199]
[INFO] [1774442220.438304067] [mpc_node]: Logging State [ 4.11899982  0.73166012 -0.02825675  0.          0.          0.        ]
REF: [[ 4.11899982  3.95062211  3.97772115  4.03270145  4.05163723  4.0710667
   4.095343    4.12044529  4.14473035  4.16830612  4.19080453  4.2106416
   4.23121028  4.26469128  4.31342102  4.33555649  4.35610062  4.37527857
   4.39089581  4.4065245   4.4255795 ]
 [ 0.73166012 -0.07759683 -0.08794505 -0.10886778 -0.11829926 -0.1281808
  -0.13788228 -0.14228839 -0.14522051 -0.15308963 -0.16697434 -0.18050346
  -0.18607686 -0.18294059 -0.18128153 -0.18653861 -0.19718283 -0.21453338
  -0.23446977 -0.25362002 -0.26978575]]
DEBUG STATE: [ 4.11899982  0.73166012 -0.02825675  0.1         0.          0.
  4.93335959 -0.34      ]
DEBUG PARAMS NODE 0: [15.         15.          1.          1.         25.         25.
  0.          0.          1.24641353  0.          0.          0.
  4.11899982  0.73166012  0.          0.          0.          0.
  0.          0.        ]

iter	qp_stat	qp_iter
0	0	0
1	0	26


PREDICTED STATES: [array([ 4.11899982,  0.73166012, -0.02825675]), array([ 4.13150807,  0.73124371, -0.02913781]), array([ 4.15750227,  0.72703768, -0.05049456]), array([ 4.1955899 ,  0.71670423, -0.09562624]), array([ 4.2452804 ,  0.70131271, -0.15007362]), array([ 4.30504936,  0.67925791, -0.21585656]), array([ 4.37332123,  0.64863891, -0.29301493]), array([ 4.44821724,  0.60769548, -0.38090089]), array([ 4.52751274,  0.55471863, -0.4788673 ]), array([ 4.60860821,  0.4881892 , -0.58630845]), array([ 4.68852832,  0.4069126 , -0.70263049]), array([ 4.76395636,  0.31015889, -0.82723335]), array([ 4.83131041,  0.19779774, -0.9594877 ]), array([ 4.88686517,  0.07041614, -1.09870775]), array([ 4.9269188 , -0.0705971 , -1.24412136]), array([ 4.94799709, -0.22301893, -1.39483914]), array([ 4.94705702, -0.38383138, -1.54984637]), array([ 4.92173425, -0.54930981, -1.70799588]), array([ 4.87047279, -0.71521416, -1.86806034]), array([ 4.79264458, -0.87700604, -2.02879667]), array([ 4.68856705, -1.03009358, -2.18900086])]
0.23205886904468273
[ 1.297413  3.013784  0.721077  3.546375 17.101233  0.69266  26.372542]
[INFO] [1774442220.488905569] [mpc_node]: Logging State [ 4.12180666  0.70560596 -0.05380875  0.          0.          0.        ]
REF: [[ 4.12180666  3.95062211  3.97772115  4.03270145  4.05163723  4.0710667
   4.095343    4.12044529  4.14473035  4.16830612  4.19080453  4.2106416
   4.23121028  4.26469128  4.31342102  4.33555649  4.35610062  4.37527857
   4.39089581  4.4065245   4.4255795 ]
 [ 0.70560596 -0.07759683 -0.08794505 -0.10886778 -0.11829926 -0.1281808
  -0.13788228 -0.14228839 -0.14522051 -0.15308963 -0.16697434 -0.18050346
  -0.18607686 -0.18294059 -0.18128153 -0.18653861 -0.19718283 -0.21453338
  -0.23446977 -0.25362002 -0.26978575]]
DEBUG STATE: [ 4.12180666  0.70560596 -0.05380875  0.1         0.          0.
  4.64117738 -0.34      ]
DEBUG PARAMS NODE 0: [15.         15.          1.          1.         25.         25.
  0.          0.          1.24641353  0.          0.          0.
  4.12180666  0.70560596  0.          0.          0.          0.
  0.          0.        ]

iter	qp_stat	qp_iter
0	0	0
1	0	27


PREDICTED STATES: [array([ 4.12180666,  0.70560596, -0.05380875]), array([ 4.13387168,  0.70490592, -0.05456577]), array([ 4.15866123,  0.70049051, -0.07361363]), array([ 4.1949481 ,  0.69063202, -0.11329376]), array([ 4.24205714,  0.67548005, -0.16445861]), array([ 4.29877008,  0.65373826, -0.22732721]), array([ 4.36364137,  0.62387092, -0.3011675 ]), array([ 4.43494511,  0.5842562 , -0.38537119]), array([ 4.51063818,  0.53330894, -0.47936789]), array([ 4.58833194,  0.46959547, -0.58261382]), array([ 4.66528624,  0.39195546, -0.69458224]), array([ 4.73843209,  0.29962798, -0.81475031]), array([ 4.80442877,  0.19237603, -0.94258173]), array([ 4.85976006,  0.07060123, -1.07750422]), array([ 4.90087154, -0.06456339, -1.21888182]), array([ 4.92434631, -0.21119752, -1.36598324]), array([ 4.92710905, -0.36659092, -1.51795206]), array([ 4.90663896, -0.52730748, -1.67378865]), array([ 4.86116282, -0.68932006, -1.83236298]), array([ 4.78979831, -0.84820718, -1.99246203]), array([ 4.69262479, -0.99938592, -2.15287592])]
0.219525967328471
[ 1.605167  6.126258  0.732629  3.246654 15.631911  0.371466 27.714085]
[INFO] [1774442220.531693724] [mpc_node]: Logging State [ 4.1222635   0.68056695 -0.05726805  0.01252398 -0.09686803 -0.03107873]
REF: [[ 4.1222635   3.95062211  3.97772115  4.03270145  4.05163723  4.0710667
   4.095343    4.12044529  4.14473035  4.16830612  4.19080453  4.2106416
   4.23121028  4.26469128  4.31342102  4.33555649  4.35610062  4.37527857
   4.39089581  4.4065245   4.4255795 ]
 [ 0.68056695 -0.07759683 -0.08794505 -0.10886778 -0.11829926 -0.1281808
  -0.13788228 -0.14228839 -0.14522051 -0.15308963 -0.16697434 -0.18050346
  -0.18607686 -0.18294059 -0.18128153 -0.18653861 -0.19718283 -0.21453338
  -0.23446977 -0.25362002 -0.26978575]]
DEBUG STATE: [ 4.1222635   0.68056695 -0.05726805  0.1        -0.09686803 -0.03107873
  4.39051935 -0.34      ]
DEBUG PARAMS NODE 0: [15.         15.          1.          1.         25.         25.
  0.          0.          1.24641353  0.          0.          0.
  4.1222635   0.68056695  0.          0.          0.          0.
  0.          0.        ]

iter	qp_stat	qp_iter
0	0	0
1	0	25


PREDICTED STATES: [array([ 4.1222635 ,  0.68056695, -0.05726805]), array([ 4.1336724 ,  0.67505075, -0.0599797 ]), array([ 4.15762692,  0.6683206 , -0.08621277]), array([ 4.19298033,  0.65826331, -0.12516177]), array([ 4.23851373,  0.64306207, -0.17486365]), array([ 4.2930734 ,  0.62153127, -0.23563386]), array([ 4.35531325,  0.59228794, -0.30682176]), array([ 4.42363846,  0.55385964, -0.38785907]), array([ 4.49617562,  0.50480169, -0.47822581]), array([ 4.57074637,  0.4437954 , -0.57743324]), array([ 4.64485812,  0.36975244, -0.68501635]), array([ 4.71571742,  0.28192359, -0.80052389]), array([ 4.7802707 ,  0.18000854, -0.92350522]), array([ 4.83527696,  0.0642607 , -1.05349359]), array([ 4.87741524, -0.06442144, -1.18998531]), array([ 4.90342726, -0.20442791, -1.3324148 ]), array([ 4.91029084, -0.35340916, -1.48012744]), array([ 4.89541309, -0.50830044, -1.63235465]), array([ 4.85682404, -0.66540864, -1.78820041]), array([ 4.79334472, -0.82056349, -1.94665067]), array([ 4.70470246, -0.96932122, -2.10661506])]
0.20769860147354488
[ 8.166029  2.973911  0.713044  6.889128  4.715081  0.351051 23.808244]
[INFO] [1774442220.571033044] [mpc_node]: Logging State [ 4.14845976  0.68235081 -0.07743051  0.20672069 -0.06352801 -0.21554848]
REF: [[ 4.14845976  3.95570365  3.9876816   4.0451142   4.06316019  4.08589483
   4.11113852  4.13569953  4.15953302  4.18261508  4.20359223  4.22281347
   4.24976797  4.29575034  4.32626799  4.34691579  4.3671478   4.38426367
   4.39923939  4.41672218  4.43709759]
 [ 0.68235081 -0.07928512 -0.09188716 -0.11493633 -0.12425643 -0.13465801
  -0.14123543 -0.14381145 -0.14939432 -0.1611816  -0.176251   -0.18503236
  -0.18504441 -0.18024333 -0.18371668 -0.1915326  -0.20619705 -0.22554268
  -0.24537076 -0.26297766 -0.27753906]]
DEBUG STATE: [ 4.14845976  0.68235081 -0.07743051  0.20672069 -0.06352801 -0.21554848
  4.15397203 -0.34      ]
DEBUG PARAMS NODE 0: [15.         15.          1.          1.         25.         25.
  0.          0.          1.24641353  0.          0.          0.
  4.14845976  0.68235081  0.          0.          0.          0.
  0.          0.        ]

iter	qp_stat	qp_iter
0	0	0
1	0	26


PREDICTED STATES: [array([ 4.14845976,  0.68235081, -0.07743051]), array([ 4.16475169,  0.67766637, -0.09212245]), array([ 4.19246639,  0.67014076, -0.12631279]), array([ 4.23039955,  0.65772922, -0.16833025]), array([ 4.27746604,  0.63977863, -0.22043362]), array([ 4.33245173,  0.61518356, -0.28283744]), array([ 4.39395893,  0.58268734, -0.35482875]), array([ 4.46037347,  0.54101185, -0.43586565]), array([ 4.52984388,  0.48894639, -0.52545097]), array([ 4.60026661,  0.4254314 , -0.62312712]), array([ 4.66928615,  0.34964482, -0.72846961]), array([ 4.73431334,  0.26108964, -0.84107897]), array([ 4.7925648 ,  0.15968007, -0.96057081]), array([ 4.84112623,  0.04582255, -1.08656394]), array([ 4.87704112, -0.07951421, -1.21866614]), array([ 4.89742529, -0.21474763, -1.35645765]), array([ 4.89960479, -0.35765687, -1.4994725 ]), array([ 4.88127133, -0.50539534, -1.64717868]), array([ 4.84064452, -0.65454899, -1.79895965]), array([ 4.77662489, -0.80124564, -1.95410254]), array([ 4.6889177 , -0.94131382, -2.11180027])]
0.1950873195076012
[ 1.221699  2.909589  0.744726  9.875807 10.946142  0.375819 26.073782]
[INFO] [1774442220.610350986] [mpc_node]: Logging State [ 4.15781399e+00  6.86182239e-01 -6.84952128e-02  2.25254591e-01
 -2.48131995e-02  2.81503270e-03]
REF: [[ 4.15781399  3.95657913  3.98949994  4.04645551  4.06471399  4.0878257
   4.11307222  4.13757415  4.1613528   4.18433814  4.20508354  4.22446217
   4.25263957  4.29985701  4.32769647  4.34830499  4.36842992  4.38528786
   4.40029875  4.41803565  4.43852438]
 [ 0.68618224 -0.07959363 -0.09256734 -0.11562215 -0.12504393 -0.13538305
  -0.14148922 -0.14405259 -0.15008463 -0.16233821 -0.17722877 -0.185349
  -0.18466531 -0.18027008 -0.18408761 -0.19228618 -0.20741171 -0.22689839
  -0.24666009 -0.26404959 -0.27843972]]
DEBUG STATE: [ 4.15781399e+00  6.86182239e-01 -6.84952128e-02  2.25254591e-01
 -2.48131995e-02  2.81503270e-03  3.90174639e+00 -3.40000000e-01]
DEBUG PARAMS NODE 0: [15.         15.          1.          1.         25.         25.
  0.          0.          1.24641353  0.          0.          0.
  4.15781399  0.68618224  0.          0.          0.          0.
  0.          0.        ]

iter	qp_stat	qp_iter
0	0	0
1	0	25


PREDICTED STATES: [array([ 4.15781399,  0.68618224, -0.06849521]), array([ 4.17483094,  0.68355869, -0.07311644]), array([ 4.20222082,  0.67662934, -0.10413446]), array([ 4.23956595,  0.66535952, -0.14508333]), array([ 4.28596364,  0.64882973, -0.1961066 ]), array([ 4.34041124,  0.62602106, -0.25731324]), array([ 4.40167247,  0.59564048, -0.3281441 ]), array([ 4.468273  ,  0.55633628, -0.40813783]), array([ 4.53847452,  0.50679271, -0.4968664 ]), array([ 4.610253  ,  0.44581607, -0.59392416]), array([ 4.68129188,  0.37242724, -0.69892229]), array([ 4.74899489,  0.2859588 , -0.81148107]), array([ 4.81052271,  0.18615381, -0.93121965]), array([ 4.86285754,  0.07326079, -1.05774299]), array([ 4.90289799, -0.05188229, -1.19062595]), array([ 4.92758469, -0.18778468, -1.32939462]), array([ 4.93405342, -0.33227148, -1.4735062 ]), array([ 4.91980732, -0.48249565, -1.62232993]), array([ 4.88289394, -0.63500269, -1.77513374]), array([ 4.82206768, -0.78585154, -1.93108302]), array([ 4.73691518, -0.93078653, -2.08925805])]
0.18640845829610206
[ 1.321382  9.101929  0.988925  8.313553  9.936481  0.384075 30.046345]
[INFO] [1774442220.655624430] [mpc_node]: Logging State [ 4.16968358  0.70036635 -0.05263032  0.23678404  0.05101858  0.17558118]
REF: [[ 4.16968358  3.95712281  3.99064139  4.04715938  4.06554659  4.08884456
   4.1140847   4.13855623  4.16230637  4.18523577  4.20585593  4.22534146
   4.25419046  4.30195741  4.32856589  4.34915689  4.36920616  4.38590974
   4.40095368  4.41884523  4.4393988 ]
 [ 0.70036635 -0.0797876  -0.09298812 -0.1159835  -0.12546317 -0.13575261
  -0.14161312 -0.14418804 -0.15046214 -0.16295656 -0.17772035 -0.18549337
  -0.18444974 -0.18033094 -0.18432406 -0.1927657  -0.2081649  -0.22772797
  -0.24744295 -0.26469824 -0.27898666]]
DEBUG STATE: [ 4.16968358  0.70036635 -0.05263032  0.23678404  0.05101858  0.17558118
  3.72816917 -0.34      ]
DEBUG PARAMS NODE 0: [15.         15.          1.          1.         25.         25.
  0.          0.          1.24641353  0.          0.          0.
  4.16968358  0.70036635  0.          0.          0.          0.
  0.          0.        ]

iter	qp_stat	qp_iter
0	0	0
1	0	26


PREDICTED STATES: [array([ 4.16968358,  0.70036635, -0.05263032]), array([ 4.18724458,  0.70160702, -0.0459322 ]), array([ 4.21425593,  0.69650542, -0.07019731]), array([ 4.25083885,  0.68684885, -0.11088016]), array([ 4.29650904,  0.67236765, -0.16052397]), array([ 4.3504122 ,  0.6520573 , -0.22023729]), array([ 4.41146606,  0.6246018 , -0.28956977]), array([ 4.47833996,  0.58859216, -0.36812067]), array([ 4.54942545,  0.54262518, -0.45551638]), array([ 4.62280801,  0.48538843, -0.5513941 ]), array([ 4.69625301,  0.41575443, -0.65539718]), array([ 4.76721111,  0.33288236, -0.76716813]), array([ 4.83284844,  0.23632421, -0.88633876]), array([ 4.89010634,  0.12612975, -1.01251715]), array([ 4.93579429e+00,  2.94236496e-03, -1.14527103e+00]), array([ 4.9667173 , -0.13192475, -1.28410793]), array([ 4.97983478, -0.27644502, -1.42845328]), array([ 4.97244254, -0.42788044, -1.57762993]), array([ 4.94236217, -0.58284017, -1.73084481]), array([ 4.88811622, -0.73739991, -1.88719102]), array([ 4.80906467, -0.88727654, -2.04567276])]
0.17961593962262523
[ 1.204355  2.931541  5.384764  3.348578 13.876979  0.363338 27.109555]
[INFO] [1774442220.694495863] [mpc_node]: Logging State [ 4.18460689  0.71458346 -0.08311698  0.3176498   0.13872488 -0.36730942]
REF: [[ 4.18460689  3.96091787  3.99880225  4.04967061  4.06860056  4.09249232
   4.11767253  4.14203835  4.16568897  4.18839159  4.20856179  4.22856738
   4.25994987  4.30890257  4.33234407  4.35289772  4.37253072  4.38860405
   4.40389387  4.42244063  4.44324288]
 [ 0.71458346 -0.08118774 -0.09589674 -0.1172793  -0.12698138 -0.13699805
  -0.14201195 -0.14472795 -0.15188962 -0.1652022  -0.17935312 -0.18589042
  -0.18361749 -0.18077768 -0.18544938 -0.19503114 -0.21154544 -0.23136087
  -0.25081394 -0.26747807 -0.28135088]]
DEBUG STATE: [ 4.18460689  0.71458346 -0.08311698  0.3176498   0.13872488 -0.36730942
  3.59231879 -0.34      ]
DEBUG PARAMS NODE 0: [15.         15.          1.          1.         25.         25.
  0.          0.          1.24641353  0.          0.          0.
  4.18460689  0.71458346  0.          0.          0.          0.
  0.          0.        ]

iter	qp_stat	qp_iter
0	0	0
1	0	27


PREDICTED STATES: [array([ 4.18460689,  0.71458346, -0.08311698]), array([ 4.20595056,  0.71755068, -0.10029823]), array([ 4.23506074,  0.7096936 , -0.13095767]), array([ 4.27300538,  0.69708958, -0.1729758 ]), array([ 4.31910262,  0.67925512, -0.22413708]), array([ 4.37235807,  0.65518998, -0.28469178]), array([ 4.43159226,  0.62374507, -0.35411701]), array([ 4.49541611,  0.58374013, -0.43200125]), array([ 4.56221309,  0.53404218, -0.51796638]), array([ 4.63012375,  0.47363695, -0.6116591 ]), array([ 4.6970422 ,  0.40170461, -0.71274718]), array([ 4.76062744,  0.31769875, -0.82091445]), array([ 4.81833263,  0.22142644, -0.93585437]), array([ 4.86745479,  0.11312624, -1.05726208]), array([ 4.90520733, -0.00646038, -1.18482464]), array([ 4.92881639, -0.13603042, -1.3182093 ]), array([ 4.93564073, -0.27368082, -1.45704922]), array([ 4.92331223, -0.41689916, -1.60092621]), array([ 4.88989032, -0.5625928 , -1.7493507 ]), array([ 4.83401888, -0.707165  , -1.90174141]), array([ 4.75506794, -0.846642  , -2.05741119])]
0.17147642445144162
[ 1.298182  2.724591  0.704117  9.448722 20.289422  0.387563 34.852597]
[INFO] [1774442220.739252044] [mpc_node]: Logging State [ 4.18002799  0.71461848 -0.12530227  0.15527622  0.10892955 -0.77750521]
REF: [[ 4.18002799  3.95326317  3.98276237  4.04000343  4.05771335  4.07890724
   4.10393659  4.12873508  4.15277512  4.17612484  4.19787607  4.2170194
   4.24027266  4.28058673  4.32202339  4.34289464  4.36333042  4.38121444
   4.39622428  4.41297901  4.43296934]
 [ 0.71461848 -0.07845149 -0.08997916 -0.1123669  -0.12145626 -0.13178678
  -0.14003026 -0.1430624  -0.14717304 -0.15718335 -0.17222863 -0.18337366
  -0.18597688 -0.18104588 -0.18273822 -0.18954022 -0.20279309 -0.22160744
  -0.24156094 -0.25977588 -0.27486836]]
DEBUG STATE: [ 4.18002799  0.71461848 -0.12530227  0.15527622  0.10892955 -0.77750521
  3.42952849 -0.34      ]
DEBUG PARAMS NODE 0: [15.         15.          1.          1.         25.         25.
  0.          0.          1.24641353  0.          0.          0.
  4.18002799  0.71461848  0.          0.          0.          0.
  0.          0.        ]

iter	qp_stat	qp_iter
0	0	0
1	0	26


PREDICTED STATES: [array([ 4.18002799,  0.71461848, -0.12530227]), array([ 4.19359511,  0.71800372, -0.16435576]), array([ 4.21498003,  0.71194036, -0.18337116]), array([ 4.24467264,  0.69993662, -0.21804082]), array([ 4.28264991,  0.68295107, -0.26121602]), array([ 4.32813127,  0.66011324, -0.31401707]), array([ 4.38016252,  0.630395  , -0.37619334]), array([ 4.43754851,  0.59263245, -0.4474061 ]), array([ 4.49884119,  0.54564254, -0.52736181]), array([ 4.56231482,  0.4882977 , -0.61577057]), array([ 4.62595102,  0.41960974, -0.71234405]), array([ 4.68743904,  0.33882178, -0.81679133]), array([ 4.74419623,  0.24550581, -0.92881232]), array([ 4.79341355,  0.1396618 , -1.04808842]), array([ 4.83213017,  0.02181204, -1.17427011]), array([ 4.85733956, -0.10691794, -1.30696137]), array([ 4.86612681, -0.24474283, -1.44570139]), array([ 4.85583242, -0.38919754, -1.58994474]), array([ 4.82423205, -0.53716563, -1.73904292]), array([ 4.76971583, -0.68496467, -1.89223192]), array([ 4.69144512, -0.82849013, -2.04863235])]
0.16716207477174203
[ 6.976619  6.526526  0.741717  8.25512  16.561569  0.423885 39.485436]
REF: [[ 4.18002799  3.95326317  3.98276237  4.04000343  4.05771335  4.07890724
   4.10393659  4.12873508  4.15277512  4.17612484  4.19787607  4.2170194
   4.24027266  4.28058673  4.32202339  4.34289464  4.36333042  4.38121444
   4.39622428  4.41297901  4.43296934]
 [ 0.71461848 -0.07845149 -0.08997916 -0.1123669  -0.12145626 -0.13178678
  -0.14003026 -0.1430624  -0.14717304 -0.15718335 -0.17222863 -0.18337366
  -0.18597688 -0.18104588 -0.18273822 -0.18954022 -0.20279309 -0.22160744
  -0.24156094 -0.25977588 -0.27486836]]
DEBUG STATE: [ 4.18002799  0.71461848 -0.12530227  0.15527622  0.10892955 -0.77750521
  3.3432415  -0.34      ]
DEBUG PARAMS NODE 0: [15.         15.          1.          1.         25.         25.
  0.          0.          1.24641353  0.          0.          0.
  4.18002799  0.71461848  0.          0.          0.          0.
  0.          0.        ]

iter	qp_stat	qp_iter
0	0	0
1	0	30


PREDICTED STATES: [array([ 4.18002799,  0.71461848, -0.12530227]), array([ 4.19346996,  0.71802872, -0.1643596 ]), array([ 4.21573773,  0.71608469, -0.20048099]), array([ 4.2447456 ,  0.70429671, -0.23382084]), array([ 4.28181015,  0.68739552, -0.27661384]), array([ 4.32619497,  0.66455077, -0.32838363]), array([ 4.37697799,  0.63479836, -0.38948108]), array([ 4.4329956 ,  0.59702864, -0.45954041]), array([ 4.49283078,  0.55010728, -0.53828105]), array([ 4.55479464,  0.49295286, -0.62542861]), array([ 4.61691268,  0.42461664, -0.72070876]), array([ 4.67692492,  0.34437075, -0.82384389]), array([ 4.73230479,  0.2518023 , -0.93454739]), array([ 4.78030152,  0.14690997, -1.05251501]), array([ 4.81801052,  0.03019692, -1.17741308]), array([ 4.8424745 , -0.09724798, -1.30886326]), array([ 4.85081575, -0.23369141, -1.44642404]), array([ 4.84039561, -0.37673151, -1.58956991]), array([ 4.80899171, -0.52332074, -1.73767116]), array([ 4.75497667, -0.66984499, -1.88997946]), array([ 4.67747647, -0.81226132, -2.04562699])]
0.16341702224735855
[ 2.95487   7.234194  0.704756  8.839905 12.441226  0.43358  32.608531]
[INFO] [1774442220.819583370] [mpc_node]: Logging State [ 4.18855532  0.68704391 -0.15500558  0.23391426 -0.07837658 -0.85045596]
REF: [[ 4.18855532  3.95698755  3.99035659  4.04699327  4.06534908  4.08860384
   4.11384595  4.13832462  4.16208147  4.18502439  4.20567427  4.22513305
   4.25382185  4.30146616  4.3283527   4.3489476   4.36901614  4.38575734
   4.40079236  4.41864604  4.43918399]
 [ 0.68704391 -0.07973917 -0.09288355 -0.11589814 -0.12536391 -0.13566613
  -0.14158441 -0.14415549 -0.15037212 -0.16281003 -0.17760569 -0.18546064
  -0.18450152 -0.18031374 -0.18426532 -0.19264666 -0.20797928 -0.22752427
  -0.24725116 -0.26453947 -0.27885264]]
DEBUG STATE: [ 4.18855532  0.68704391 -0.15500558  0.23391426 -0.07837658 -0.85045596
  3.26834044 -0.34      ]
DEBUG PARAMS NODE 0: [15.         15.          1.          1.         25.         25.
  0.          0.          1.24641353  0.          0.          0.
  4.18855532  0.68704391  0.          0.          0.          0.
  0.          0.        ]

iter	qp_stat	qp_iter
0	0	0
1	0	25


PREDICTED STATES: [array([ 4.18855532,  0.68704391, -0.15500558]), array([ 4.20442888,  0.68014251, -0.19361908]), array([ 4.22817257,  0.66543922, -0.21409133]), array([ 4.2613511 ,  0.65013117, -0.24923699]), array([ 4.30213093,  0.63069049, -0.2961947 ]), array([ 4.34925317,  0.60525492, -0.35177355]), array([ 4.40167067,  0.57289262, -0.41576567]), array([ 4.45814853,  0.53262628, -0.48773518]), array([ 4.51725784,  0.48351753, -0.56737361]), array([ 4.57736228,  0.42471919, -0.65438597]), array([ 4.63661474,  0.35553799, -0.74849568]), array([ 4.69296475,  0.27550009, -0.84944213]), array([ 4.74417909,  0.18441825, -0.95697687]), array([ 4.78787772,  0.08245855, -1.07085872]), array([ 4.8215872 , -0.02979614, -1.19084775]), array([ 4.84281303, -0.15129005, -1.31669807]), array([ 4.84913166, -0.28045093, -1.44814946]), array([ 4.83830162, -0.41516514, -1.58491718]), array([ 4.80839129, -0.55277902, -1.72667896]), array([ 4.75791802, -0.69013466, -1.87305783]), array([ 4.68598917, -0.82364799, -2.0236005 ])]
0.15625210942041268
[ 2.743376 23.668303  0.995421 14.369986 11.620946  0.383787 53.781819]
[INFO] [1774442220.892764889] [mpc_node]: Logging State [ 4.22275486  0.68249933 -0.14262614  0.4878851  -0.05838325 -0.29963228]
REF: [[ 4.22275486  3.96882933  4.01592436  4.04785781  4.06638351  4.0898579
   4.11508685  4.13952858  4.16325068  4.18612115  4.20661576  4.22622404
   4.25575749  4.30398727  4.32951704  4.35009347  4.37005109  4.38658901
   4.40167918  4.41973903  4.44036012]
 [ 0.68249933 -0.0843045  -0.10194202 -0.11634294 -0.12588243 -0.13611095
  -0.14173038 -0.144329   -0.15084674 -0.16357612 -0.17819332 -0.1856221
  -0.1842266  -0.18042169 -0.18459219 -0.19330833 -0.20900016 -0.22863877
  -0.24829697 -0.26540425 -0.2795838 ]]
DEBUG STATE: [ 4.22275486  0.68249933 -0.14262614  0.4878851  -0.05838325 -0.29963228
  3.12504219 -0.34      ]
DEBUG PARAMS NODE 0: [15.         15.          1.          1.         25.         25.
  0.          0.          1.24641353  0.          0.          0.
  4.22275486  0.68249933  0.          0.          0.          0.
  0.          0.        ]

iter	qp_stat	qp_iter
0	0	0
1	0	25


PREDICTED STATES: [array([ 4.22275486,  0.68249933, -0.14262614]), array([ 4.25028454,  0.67329519, -0.17252516]), array([ 4.28580377,  0.6599424 , -0.20766753]), array([ 4.32867712,  0.64296696, -0.26353332]), array([ 4.37704916,  0.61888482, -0.32028152]), array([ 4.43038671,  0.58837368, -0.38407069]), array([ 4.4874512 ,  0.55056451, -0.45517697]), array([ 4.54687728,  0.5046366 , -0.53310279]), array([ 4.60715629,  0.44987237, -0.61749361]), array([ 4.6666354 ,  0.38570053, -0.7080299 ]), array([ 4.7235256 ,  0.31174284, -0.80442618]), array([ 4.77591844,  0.22785978, -0.90642714]), array([ 4.82181265,  0.13419431, -1.01380303]), array([ 4.85915119,  0.03121255, -1.12634453]), array([ 4.88586953, -0.08026048, -1.24385715]), array([ 4.89995536, -0.19901251, -1.36615517]), array([ 4.89951945, -0.32342595, -1.49305532]), array([ 4.88287656, -0.45147361, -1.62437022]), array([ 4.8486341 , -0.580732  , -1.75990173]), array([ 4.7957848 , -0.70841578, -1.89943435]), array([ 4.72379804, -0.8314361 , -2.04272918])]
0.14662188105311233
[ 1.937305  7.176528  3.934002 14.870577 13.743919  0.389547 42.051878]
[INFO] [1774442220.945026887] [mpc_node]: Logging State [ 4.24743704  0.65833027 -0.21692105  0.61849751 -0.17160853 -1.21380708]
REF: [[ 4.24743704  4.015691    4.04788571  4.06641716  4.08989842  4.11512683
   4.13956738  4.16328835  4.18615641  4.20664598  4.22625951  4.25582066
   4.30406705  4.32955686  4.35013277  4.37008636  4.38661743  4.40170977
   4.41977663  4.44040047  4.46200043]
 [ 0.65833027 -0.10185575 -0.11635732 -0.12589924 -0.13612509 -0.14173495
  -0.14433477 -0.15086231 -0.16360097 -0.17821191 -0.18562695 -0.18421752
  -0.18042591 -0.18460364 -0.19333146 -0.20903537 -0.22867697 -0.24833266
  -0.26543372 -0.27960878 -0.29238006]]
DEBUG STATE: [ 4.24743704  0.65833027 -0.21692105  0.61849751 -0.17160853 -1.21380708
  2.93243762 -0.34      ]
DEBUG PARAMS NODE 0: [15.         15.          1.          1.         25.         25.
  0.          0.          1.24641353  0.          0.          0.
  4.24743704  0.65833027  0.          0.          0.          0.
  0.          0.        ]

iter	qp_stat	qp_iter
0	0	0
1	0	22


PREDICTED STATES: [array([ 4.24743704,  0.65833027, -0.21692105]), array([ 4.28083376,  0.64324708, -0.25603595]), array([ 4.32147366,  0.62412468, -0.30265832]), array([ 4.36771128,  0.59935628, -0.35736529]), array([ 4.41828734,  0.56826153, -0.41886489]), array([ 4.47196048,  0.53022898, -0.48700784]), array([ 4.52737992,  0.48468873, -0.56124074]), array([ 4.58311924,  0.43118081, -0.64111455]), array([ 4.63768895,  0.36938731, -0.72624514]), array([ 4.68954672,  0.29915837, -0.81630108]), array([ 4.7371127 ,  0.22053564, -0.91099937]), array([ 4.77878874,  0.13377224, -1.01010073]), array([ 4.81298153,  0.03934985, -1.11340451]), array([ 4.8381298 , -0.0620073 , -1.22074341]), array([ 4.85273572, -0.16932163, -1.33197802]), array([ 4.85540084, -0.28135532, -1.4469914 ]), array([ 4.84486679, -0.39660826, -1.56568377]), array([ 4.82006035, -0.51332237, -1.6879674 ]), array([ 4.78014265, -0.62949383, -1.81376187]), array([ 4.72456102, -0.74289529, -1.94298974]), array([ 4.6531018 , -0.85110973, -2.07557262])]
0.13460108172362137
[ 3.032472 16.182038  0.818712  8.201294 10.906333  0.374091 39.51494 ]
[INFO] [1774442220.993896788] [mpc_node]: Logging State [ 4.26048386  0.64279903 -0.24725404  0.5196935  -0.18995626 -0.95087841]
REF: [[ 4.26048386  4.04921383  4.06803629  4.0918285   4.1170234   4.14140818
   4.16507661  4.18782347  4.20807457  4.22796922  4.25887697  4.30772198
   4.33159677  4.3521542   4.37188034  4.38807168  4.40329968  4.42172042
   4.44247745  4.46416282  4.48597854]
 [ 0.64279903 -0.11704295 -0.1267034  -0.13678071 -0.14194378 -0.1446227
  -0.15162093 -0.16479086 -0.17907    -0.18583163 -0.18377378 -0.1806742
  -0.18521384 -0.19455989 -0.21086414 -0.23063955 -0.25015229 -0.26693364
  -0.28088491 -0.29364402 -0.30719167]]
DEBUG STATE: [ 4.26048386  0.64279903 -0.24725404  0.5196935  -0.18995626 -0.95087841
  2.69202163 -0.34      ]
DEBUG PARAMS NODE 0: [15.         15.          1.          1.         25.         25.
  0.          0.          1.24641353  0.          0.          0.
  4.26048386  0.64279903  0.          0.          0.          0.
  0.          0.        ]

iter	qp_stat	qp_iter
0	0	0
1	0	22


PREDICTED STATES: [array([ 4.26048386,  0.64279903, -0.24725404]), array([ 4.28869164,  0.62865156, -0.2820273 ]), array([ 4.32357345,  0.61047767, -0.32251197]), array([ 4.36399325,  0.5871511 , -0.37129216]), array([ 4.40906185,  0.55805024, -0.42717205]), array([ 4.45775427,  0.52251191, -0.48992856]), array([ 4.50893213,  0.47989412, -0.55921696]), array([ 4.56133728,  0.42961266, -0.63471583]), array([ 4.61359248,  0.37117978, -0.71613146]), array([ 4.66420679,  0.30424199, -0.80319769]), array([ 4.71158641,  0.22861704, -0.89567499]), array([ 4.75405157,  0.14432966, -0.99334859]), array([ 4.78986044,  0.05164581, -1.09602565]), array([ 4.81724055, -0.04889563, -1.20353168]), array([ 4.83442871, -0.15645481, -1.31570623]), array([ 4.83971975, -0.26986842, -1.43239803]), array([ 4.83152419, -0.38763505, -1.55345985]), array([ 4.80843428, -0.50791117, -1.67874334]), array([ 4.76929676, -0.62852095, -1.80809396]), array([ 4.71328951, -0.7469827 , -1.94134659]), array([ 4.6399983 , -0.86055472, -2.07832185])]
0.12802783125929898
[ 3.65873   9.676314  0.980316  9.195179 15.842413  0.370122 39.723074]
[INFO] [1774442221.038501476] [mpc_node]: Logging State [ 4.30320844  0.58625899 -0.31136744  0.78703946 -0.35521817 -1.19078552]
REF: [[ 4.30320844  4.06112288  4.08331145  4.10851649  4.13316035  4.15706878
   4.18026296  4.20153777  4.22064126  4.24608138  4.29011726  4.32467961
   4.34538972  4.36571625  4.38312186  4.3980863   4.41528961  4.43552908
   4.45693228  4.47894665  4.49913679]
 [ 0.58625899 -0.12321523 -0.13363972 -0.14084928 -0.14351587 -0.14852218
  -0.15966788 -0.17484913 -0.18451607 -0.18547694 -0.18038942 -0.18332923
  -0.19074446 -0.20488359 -0.22404963 -0.24393685 -0.26177925 -0.2765363
  -0.28943214 -0.3026155  -0.31632894]]
DEBUG STATE: [ 4.30320844  0.58625899 -0.31136744  0.78703946 -0.35521817 -1.19078552
  2.56055663 -0.34      ]
DEBUG PARAMS NODE 0: [15.         15.          1.          1.         25.         25.
  0.          0.          1.24641353  0.          0.          0.
  4.30320844  0.58625899  0.          0.          0.          0.
  0.          0.        ]

iter	qp_stat	qp_iter
0	0	0
1	0	23


PREDICTED STATES: [array([ 4.30320844,  0.58625899, -0.31136744]), array([ 4.34223294,  0.56202244, -0.36356593]), array([ 4.38754025,  0.53470407, -0.41968317]), array([ 4.43622808,  0.50125834, -0.48162842]), array([ 4.48695152,  0.46132887, -0.54846484]), array([ 4.53832244,  0.41461702, -0.62038827]), array([ 4.58897085,  0.36095038, -0.69670591]), array([ 4.63755198,  0.30031383, -0.77693646]), array([ 4.68276316,  0.23285463, -0.86067442]), array([ 4.72336237,  0.15888411, -0.94758357]), array([ 4.75818621,  0.07887277, -1.03739134]), array([ 4.7861662 , -0.00655996, -1.12988318]), array([ 4.80634234, -0.09665962, -1.22489689]), array([ 4.81787336, -0.19055311, -1.32231732]), array([ 4.82004333, -0.28726578, -1.4220713 ]), array([ 4.81226465, -0.3857381 , -1.52412331]), array([ 4.7940778 , -0.48484029, -1.62847176]), array([ 4.76514878, -0.58338371, -1.73514621]), array([ 4.7252656 , -0.68012792, -1.84420551]), array([ 4.67433565, -0.77378276, -1.95573672]), array([ 4.61238651, -0.8630056 , -2.06985473])]
0.11358991603052387
[ 1.391208 19.719613  1.065503  3.837007  6.340953  0.468365 32.822649]
[INFO] [1774442221.084578463] [mpc_node]: Logging State [ 4.35977205  0.52292157 -0.39509741  1.02435521 -0.45420814 -1.40673867]
REF: [[ 4.35977205  4.19193098  4.21162266  4.23250874  4.26701363  4.31524131
   4.33699119  4.35752924  4.3764782   4.39192397  4.40773946  4.42700178
   4.44804969  4.46993863  4.49133712  4.50954757  4.52910205  4.55961304
   4.59089723  4.60864502  4.62429168]
 [ 0.52292157 -0.16781143 -0.18101165 -0.18612791 -0.18262167 -0.18153401
  -0.18706702 -0.19820739 -0.21589419 -0.23586002 -0.25485162 -0.27079939
  -0.28423283 -0.29706308 -0.31082276 -0.3240832  -0.33978773 -0.36604197
  -0.39508112 -0.4139273  -0.43397352]]
DEBUG STATE: [ 4.35977205  0.52292157 -0.39509741  1.02435521 -0.45420814 -1.40673867
  2.27179832 -0.34      ]
DEBUG PARAMS NODE 0: [15.         15.          1.          1.         25.         25.
  0.          0.          1.24641353  0.          0.          0.
  4.35977205  0.52292157  0.          0.          0.          0.
  0.          0.        ]

iter	qp_stat	qp_iter
0	0	0
1	0	22


PREDICTED STATES: [array([ 4.35977205,  0.52292157, -0.39509741]), array([ 4.4059239 ,  0.48758826, -0.4606923 ]), array([ 4.45713794,  0.44888739, -0.52734899]), array([ 4.50935561,  0.40340539, -0.59919592]), array([ 4.56105662,  0.35112589, -0.675369  ]), array([ 4.61080848,  0.29220059, -0.75520588]), array([ 4.65728044,  0.2269417 , -0.83805142]), array([ 4.69927339,  0.15581916, -0.92337059]), array([ 4.73573189,  0.07943891, -1.01071422]), array([ 4.76575271e+00, -1.48069700e-03, -1.09971184e+00]), array([ 4.78858788, -0.08613371, -1.19006428]), array([ 4.80364307, -0.17365069, -1.28153585]), array([ 4.81047218, -0.2631206 , -1.37394633]), array([ 4.80876953, -0.35360971, -1.46716286]), array([ 4.79836077, -0.44417723, -1.56109193]), array([ 4.77919361, -0.53388804, -1.6556715 ]), array([ 4.75132915, -0.62182307, -1.75086361]), array([ 4.71493413, -0.70708834, -1.84664757]), array([ 4.67027388, -0.78882356, -1.94301394]), array([ 4.61770562, -0.86621112, -2.03995963]), array([ 4.55767067, -0.93848586, -2.13748427])]
0.09728496246660245
[ 1.367752  3.02876   0.77151   3.481893  5.746919  0.370827 14.767661]
[INFO] [1774442221.103246301] [mpc_node]: Logging State [ 4.41488773  0.45150364 -0.47420215  1.21286094 -0.54027628 -1.48020518]
REF: [[ 4.41488773  4.36174833  4.37994065  4.39502419  4.41149813  4.43130737
   4.45254345  4.47453726  4.49540588  4.5132535   4.53434578  4.56765062
   4.59460317  4.6116451   4.6271034   4.63955401  4.64556624  4.65040591
   4.65862888  4.67175291  4.68056479]
 [ 0.45150364 -0.20147351 -0.22001846 -0.23999541 -0.25844168 -0.27376232
  -0.28687603 -0.29985583 -0.31366252 -0.3269536  -0.34419261 -0.37322441
  -0.39880425 -0.41743353 -0.43820631 -0.46169351 -0.47829356 -0.49882929
  -0.5525964  -0.5979122  -0.61763284]]
DEBUG STATE: [ 4.41488773  0.45150364 -0.47420215  1.21286094 -0.54027628 -1.48020518
  1.94569925 -0.34      ]
DEBUG PARAMS NODE 0: [15.         15.          1.          1.         25.         25.
  0.          0.          1.24641353  0.          0.          0.
  4.41488773  0.45150364  0.          0.          0.          0.
  0.          0.        ]

iter	qp_stat	qp_iter
0	0	0
1	0	20


PREDICTED STATES: [array([ 4.41488773,  0.45150364, -0.47420215]), array([ 4.46471954,  0.40562396, -0.54878829]), array([ 4.51826658,  0.35630811, -0.6243694 ]), array([ 4.57063705,  0.30000394, -0.70415162]), array([ 4.62032037,  0.23701467, -0.78733846]), array([ 4.66595997,  0.1678371 , -0.87322356]), array([ 4.70637527,  0.09313384, -0.96119394]), array([ 4.74057815,  0.01369998, -1.05072551]), array([ 4.76777909, -0.06957341, -1.14137762]), array([ 4.78738462, -0.15573569, -1.23278676]), array([ 4.79898748, -0.24380993, -1.32465967]), array([ 4.80235119, -0.33282131, -1.41676587]), array([ 4.79739145, -0.42181947, -1.50892986]), array([ 4.78415606, -0.5098948 , -1.60102319]), array([ 4.76280554, -0.59618907, -1.69295649]), array([ 4.73359533, -0.67990148, -1.78467167]), array([ 4.69686069, -0.76029122, -1.87613445]), array([ 4.65300437, -0.83667813, -1.96732755]), array([ 4.60248688, -0.90844246, -2.05824473]), array([ 4.5458187 , -0.97502492, -2.1488859 ]), array([ 4.48355348, -1.0359274 , -2.23925363])]
0.08166803990638716
[ 1.220836  2.981654  0.861017  4.053558  5.861194  0.372395 15.350654]
[INFO] [1774442221.124582153] [mpc_node]: Logging State [ 4.4791291   0.39906493 -0.57026248  1.14088111 -0.47544013 -1.34975254]
REF: [[ 4.4791291   4.38831989  4.40357591  4.4220557   4.44283403  4.46453382
   4.48633024  4.50525776  4.52366075  4.55079617  4.58564302  4.60471946
   4.62060998  4.63493414  4.64343178  4.6482794   4.65402443  4.67547718
   4.6864498   4.69826435  4.70594526]
 [ 0.39906493 -0.23097573 -0.25046114 -0.26718782 -0.28110227 -0.29386155
  -0.30742618 -0.32083225 -0.33529064 -0.35831002 -0.38994439 -0.40950753
  -0.42879321 -0.45181241 -0.47171593 -0.48851769 -0.52257771 -0.60673551
  -0.6294619  -0.65382965 -0.67718116]]
DEBUG STATE: [ 4.4791291   0.39906493 -0.57026248  1.14088111 -0.47544013 -1.34975254
  1.6333608  -0.34      ]
DEBUG PARAMS NODE 0: [15.         15.          1.          1.         25.         25.
  0.          0.          1.24641353  0.          0.          0.
  4.4791291   0.39906493  0.          0.          0.          0.
  0.          0.        ]

iter	qp_stat	qp_iter
0	0	0
1	0	20


PREDICTED STATES: [array([ 4.4791291 ,  0.39906493, -0.57026248]), array([ 4.5218771 ,  0.35274079, -0.63868237]), array([ 4.5663855 ,  0.30198594, -0.70878909]), array([ 4.60932213,  0.24538979, -0.78261244]), array([ 4.64954244,  0.18329827, -0.85954296]), array([ 4.68601822,  0.11617684, -0.93903462]), array([ 4.71785041,  0.04459297, -1.02060669]), array([ 4.74427737, -0.03080438, -1.10384256]), array([ 4.76467727, -0.10930676, -1.18838741]), array([ 4.7785651 , -0.19016788, -1.27394491]), array([ 4.78558546, -0.27262306, -1.36027303]), array([ 4.78550223, -0.35590573, -1.44717926]), array([ 4.77818663, -0.43926014, -1.53451505]), array([ 4.76360479, -0.52195029, -1.62217002]), array([ 4.74180607, -0.60326555, -1.71006578]), array([ 4.71291295, -0.6825235 , -1.79814971]), array([ 4.67711292, -0.75907103, -1.88638901]), array([ 4.63465251, -0.83228462, -1.97476509]), array([ 4.58583317, -0.90157059, -2.06326871]), array([ 4.53100849, -0.96636612, -2.15189598]), array([ 4.47058213, -1.02614135, -2.24064545])]
0.07013697431445713
[ 1.519788  3.695819  0.73631   3.694219  8.402804  0.381419 18.430359]
[INFO] [1774442221.161041548] [mpc_node]: Logging State [ 4.53494171  0.3420111  -0.6716262   1.16011825 -0.4353188  -1.44566277]
REF: [[ 4.53494171  4.38889254  4.40421856  4.42283256  4.44365857  4.46539122
   4.48713928  4.50593711  4.52447901  4.55213389  4.58657879  4.6053885
   4.62123311  4.63542454  4.64363625  4.6484609   4.65432173  4.6763992
   4.68773577  4.69929736  4.70636243]
 [ 0.3420111  -0.23175211 -0.25117118 -0.26777189 -0.28160303 -0.29436515
  -0.30796768 -0.32134189 -0.3359615  -0.35947457 -0.39084832 -0.41024871
  -0.42964471 -0.45278146 -0.47230612 -0.4893055  -0.52474878 -0.60878961
  -0.63201336 -0.65622752 -0.67963897]]
DEBUG STATE: [ 4.53494171  0.3420111  -0.6716262   1.16011825 -0.4353188  -1.44566277
  1.40273949 -0.34      ]
DEBUG PARAMS NODE 0: [15.         15.          1.          1.         25.         25.
  0.          0.          1.24641353  0.          0.          0.
  4.53494171  0.3420111   0.          0.          0.          0.
  0.          0.        ]

iter	qp_stat	qp_iter
0	0	0
1	0	18


PREDICTED STATES: [array([ 4.53494171,  0.3420111 , -0.6716262 ]), array([ 4.57346421,  0.29186033, -0.74070991]), array([ 4.612651  ,  0.23745355, -0.81035309]), array([ 4.64932384,  0.17799516, -0.88292929]), array([ 4.68249611,  0.11403022, -0.95781393]), array([ 4.71134157,  0.04619777, -1.03445396]), array([ 4.7351992 , -0.02479719, -1.11236864]), array([ 4.75357239, -0.09821194, -1.19114648]), array([ 4.76612116, -0.1732931 , -1.27044136]), array([ 4.77264906, -0.24930074, -1.34996783]), array([ 4.77308601, -0.32552784, -1.42949589]), array([ 4.76746923, -0.40131488, -1.50884522]), array([ 4.75592356, -0.47605913, -1.58787914]), array([ 4.73864269, -0.54921939, -1.66649825]), array([ 4.71587226, -0.62031668, -1.74463407]), array([ 4.68789552, -0.68893209, -1.82224273]), array([ 4.65502172, -0.75470276, -1.89929903]), array([ 4.6175772 , -0.8173169 , -1.97579099]), array([ 4.57589866, -0.87650875, -2.05171518]), array([ 4.53032914, -0.93205494, -2.12706523]), array([ 4.48121358, -0.98377026, -2.20184117])]
0.05791790290481555
[ 1.630383  4.120568  0.715253  3.090362  4.849389  0.332041 14.737996]
[INFO] [1774442221.196918847] [mpc_node]: Logging State [ 4.6170594   0.21071895 -0.83656893  2.1183242  -0.61976191 -2.78337582]
REF: [[ 4.6170594   4.42130619  4.44203624  4.46370365  4.48554192  4.50459929
   4.52288209  4.54952326  4.58469381  4.60405469  4.61999363  4.63444054
   4.64322647  4.6481016   4.65374314  4.67436832  4.68480058  4.69685833
   4.70527878  4.70668065  4.70484741]
 [ 0.21071895 -0.2666178  -0.2806153  -0.2933751  -0.30690128 -0.32034015
  -0.33465416 -0.35720446 -0.38903189 -0.40877567 -0.42796022 -0.45085354
  -0.47113073 -0.48776057 -0.52052511 -0.60420236 -0.62618441 -0.65069723
  -0.67401466 -0.69841309 -0.72361302]]
DEBUG STATE: [ 4.6170594   0.21071895 -0.83656893  2.1183242  -0.61976191 -2.78337582
  1.15835806 -0.34      ]
DEBUG PARAMS NODE 0: [15.         15.          1.          1.         25.         25.
  0.          0.          1.24641353  0.          0.          0.
  4.6170594   0.21071895  0.          0.          0.          0.
  0.          0.        ]

iter	qp_stat	qp_iter
0	0	0
1	0	13


PREDICTED STATES: [array([ 4.6170594 ,  0.21071895, -0.83656893]), array([ 4.67065663,  0.11256886, -0.94773144]), array([ 4.72869162,  0.01461816, -1.04409749]), array([ 4.77802061, -0.08790733, -1.13711744]), array([ 4.81709907, -0.19308472, -1.2292122 ]), array([ 4.84460121, -0.29900949, -1.32291102]), array([ 4.85977461, -0.40367047, -1.41925219]), array([ 4.8626232 , -0.50501179, -1.51726793]), array([ 4.85406609, -0.60106763, -1.61381194]), array([ 4.83576416, -0.69015331, -1.70528567]), array([ 4.80952284, -0.77098633, -1.79008794]), array([ 4.77714815, -0.84267138, -1.86789556]), array([ 4.74052929, -0.90468695, -1.93849451]), array([ 4.70157184, -0.95686915, -2.00174235]), array([ 4.66213513, -0.99938521, -2.05755217]), array([ 4.62398264, -1.03270062, -2.10587837]), array([ 4.58874427, -1.05754328, -2.14670441]), array([ 4.5578882 , -1.07486734, -2.18003253]), array([ 4.53270065, -1.08581792, -2.20587552]), array([ 4.51427074, -1.09169735, -2.22425444]), array([ 4.50347958, -1.09393264, -2.23519108])]
0.024648619978594938
[ 1.276581  3.413795  0.693461  3.03388   4.821612  0.33857  13.577899]
[INFO] [1774442221.235789897] [mpc_node]: Logging State [ 4.64025678  0.14535699 -0.89685845  2.19012791 -0.68816681 -2.50480684]
[INFO] [1774442221.253659312] [mpc_node]: Logging State [ 4.65659405  0.13141066 -0.9867187   1.6319695  -0.52618599 -2.59204499]
REF: [[ 4.65659405  4.43547468  4.45687575  4.47889046  4.49909     4.51686481
   4.53984564  4.57510992  4.59817473  4.61469508  4.62989822  4.64115445
   4.64653576  4.65155809  4.66303121  4.66890312  4.67583443  4.68695696
   4.69867802  4.70612056  4.70628232]
 [ 0.13141066 -0.27650127 -0.28939929 -0.3025798  -0.31629513 -0.32980281
  -0.34887105 -0.38002972 -0.40248445 -0.42113349 -0.44271004 -0.46559068
  -0.48165168 -0.50555944 -0.57200077 -0.59044932 -0.60753664 -0.6304681
  -0.65477862 -0.67815058 -0.70280565]]
DEBUG STATE: [ 4.65659405  0.13141066 -0.9867187   1.6319695  -0.52618599 -2.59204499
  0.4929724  -0.25113739]
DEBUG PARAMS NODE 0: [15.         15.          1.          1.         25.         25.
  0.          0.          1.24641353  0.          0.          0.
  4.65659405  0.13141066  0.          0.          0.          0.
  0.          0.        ]

iter	qp_stat	qp_iter
0	0	0
1	0	12


PREDICTED STATES: [array([ 4.65659405,  0.13141066, -0.9867187 ]), array([ 4.68769356,  0.05145175, -1.06431195]), array([ 4.71810762, -0.02974288, -1.1141475 ]), array([ 4.7410422 , -0.11230426, -1.1860065 ]), array([ 4.75482661, -0.19521421, -1.27238786]), array([ 4.75970168, -0.27674163, -1.36320316]), array([ 4.75745441, -0.35528095, -1.44973308]), array([ 4.74951936, -0.42983686, -1.53056514]), array([ 4.73707334, -0.49981922, -1.60597526]), array([ 4.72103508, -0.56480929, -1.67659607]), array([ 4.70223109, -0.62449861, -1.74257786]), array([ 4.68150249, -0.67871828, -1.80373173]), array([ 4.65966228, -0.7274146 , -1.85989978]), array([ 4.63747007, -0.7706269 , -1.9109698 ]), array([ 4.61562022, -0.80846781, -1.95686572]), array([ 4.59473375, -0.84110395, -1.99752606]), array([ 4.5753478 , -0.86873318, -2.03289031]), array([ 4.55794979, -0.89158375, -2.06485797]), array([ 4.5425959 , -0.90969742, -2.09153738]), array([ 4.52919841, -0.92290863, -2.1196256 ]), array([ 4.51807658, -0.93125614, -2.14925264])]
0.005491303156529046
[ 1.206595  5.531936  2.880148 10.772953 11.124419  0.374923 31.890974]
[INFO] [1774442221.293750845] [mpc_node]: Logging State [ 4.70183069  0.05686999 -1.08410074  1.99595596 -0.4414121  -2.76233719]
REF: [[ 4.70183069  4.55371969  4.58761351  4.60614385  4.62193965  4.63596963
   4.64386567  4.6486699   4.65467859  4.67714119  4.68871851  4.70005282
   4.70661974  4.70592375  4.7054174   4.710968    4.71511446  4.71450447
   4.71266509  4.71656075  4.72605312]
 [ 0.05686999 -0.36085883 -0.39185309 -0.41109122 -0.43062201 -0.45387854
  -0.47297737 -0.49023198 -0.52734339 -0.61041264 -0.63396567 -0.65804765
  -0.68152181 -0.70636161 -0.73143346 -0.75581359 -0.78043062 -0.8055159
  -0.83050764 -0.85553434 -0.88018083]]
DEBUG STATE: [ 4.70183069  0.05686999 -1.08410074  1.99595596 -0.4414121  -2.76233719
  0.10982606 -0.17135401]
DEBUG PARAMS NODE 0: [15.         15.          1.          1.         25.         25.
  0.          0.          1.24641353  0.          0.          0.
  4.70183069  0.05686999  0.          0.          0.          0.
  0.          0.        ]

iter	qp_stat	qp_iter
0	0	0
1	0	7


PREDICTED STATES: [array([ 4.70183069,  0.05686999, -1.08410074]), array([ 4.73558782, -0.03941954, -1.14611212]), array([ 4.77212274, -0.1336412 , -1.18094978]), array([ 4.79983623, -0.22856273, -1.23939584]), array([ 4.8173824 , -0.32273507, -1.31389712]), array([ 4.82477406, -0.41446275, -1.39737479]), array([ 4.82292238, -0.50221621, -1.48412405]), array([ 4.81315525, -0.58477251, -1.57023468]), array([ 4.79712618, -0.66127615, -1.65243812]), array([ 4.77643089, -0.7311883 , -1.72919644]), array([ 4.75245676, -0.79420337, -1.8002348 ]), array([ 4.72651052, -0.85024184, -1.86535087]), array([ 4.6997899 , -0.89940527, -1.92439356]), array([ 4.67336075, -0.94192762, -1.97725425]), array([ 4.64818798, -0.9781591 , -2.02356541]), array([ 4.62504111, -1.00847663, -2.06228215]), array([ 4.60458023, -1.0332383 , -2.09582861]), array([ 4.58726246, -1.05281769, -2.12305764]), array([ 4.57289431, -1.06700471, -2.1486138 ]), array([ 4.56143744, -1.07568431, -2.17499939]), array([ 4.55324728, -1.07907704, -2.20254424])]
-0.013455394159334244
[ 5.725062  7.676223  0.738869  4.399136 13.511113  2.633356 34.683759]
REF: [[ 4.70183069  4.55371969  4.58761351  4.60614385  4.62193965  4.63596963
   4.64386567  4.6486699   4.65467859  4.67714119  4.68871851  4.70005282
   4.70661974  4.70592375  4.7054174   4.710968    4.71511446  4.71450447
   4.71266509  4.71656075  4.72605312]
 [ 0.05686999 -0.36085883 -0.39185309 -0.41109122 -0.43062201 -0.45387854
  -0.47297737 -0.49023198 -0.52734339 -0.61041264 -0.63396567 -0.65804765
  -0.68152181 -0.70636161 -0.73143346 -0.75581359 -0.78043062 -0.8055159
  -0.83050764 -0.85553434 -0.88018083]]
DEBUG STATE: [ 4.70183069  0.05686999 -1.08410074  1.99595596 -0.4414121  -2.76233719
 -0.26910788 -0.06077561]
DEBUG PARAMS NODE 0: [15.         15.          1.          1.         25.         25.
  0.          0.          1.24641353  0.          0.          0.
  4.70183069  0.05686999  0.          0.          0.          0.
  0.          0.        ]

iter	qp_stat	qp_iter
0	0	0
1	0	11


PREDICTED STATES: [array([ 4.70183069,  0.05686999, -1.08410074]), array([ 4.73629421, -0.03783333, -1.13742799]), array([ 4.77421988, -0.12899006, -1.15988978]), array([ 4.80147069, -0.22070529, -1.22206311]), array([ 4.81667811, -0.31143479, -1.30784042]), array([ 4.82135723, -0.39928179, -1.39989685]), array([ 4.81791732, -0.48284052, -1.48800441]), array([ 4.8078084 , -0.56113155, -1.57112057]), array([ 4.7923599 , -0.63346323, -1.64902056]), array([ 4.77288842, -0.69939959, -1.7215108 ]), array([ 4.7506718 , -0.75873637, -1.78838397]), array([ 4.72690364, -0.81145943, -1.84947839]), array([ 4.70266508, -0.85770071, -1.90467399]), array([ 4.67891024, -0.89769548, -1.95388482]), array([ 4.65645964, -0.93174011, -1.99707525]), array([ 4.63599598, -0.96017057, -2.03339451]), array([ 4.6181699 , -0.98334926, -2.06550311]), array([ 4.60315051, -1.00143031, -2.09166748]), array([ 4.59067141, -1.01408815, -2.11773942]), array([ 4.58095508, -1.02145042, -2.14429504]), array([ 4.57427471, -1.02367719, -2.17120801])]
-0.028300597677071812
[ 2.147838 10.470545  1.208835  4.401952 10.824378  0.475086 29.528634]
[INFO] [1774442221.379688030] [mpc_node]: Logging State [ 4.71030252  0.04181722 -1.15174892  1.47498765 -0.35031954 -2.46591101]
REF: [[ 4.71030252  4.53396869  4.56709733  4.59435582  4.61143939  4.62691196
   4.63943495  4.64550088  4.65033278  4.65841046  4.67218045  4.68127854
   4.69349526  4.70335148  4.70707243  4.70505471  4.70716113  4.71320627
   4.71529545  4.71363221  4.71304825]
 [ 0.04181722 -0.34387383 -0.3727253  -0.39855287 -0.41718913 -0.43790934
  -0.46141492 -0.47807674 -0.49843141 -0.55141417 -0.59897351 -0.61909559
  -0.64359727 -0.66706236 -0.69100979 -0.71617013 -0.74094278 -0.76529257
  -0.79015183 -0.81524395 -0.84020023]]
DEBUG STATE: [ 4.71030252  0.04181722 -1.15174892  1.47498765 -0.35031954 -2.46591101
 -0.56601195 -0.01086281]
DEBUG PARAMS NODE 0: [15.         15.          1.          1.         25.         25.
  0.          0.          1.24641353  0.          0.          0.
  4.71030252  0.04181722  0.          0.          0.          0.
  0.          0.        ]

iter	qp_stat	qp_iter
0	0	0
1	0	0


PREDICTED STATES: [array([ 4.71030252,  0.04181722, -1.15174892]), array([ 4.7307825 , -0.02943748, -1.19685893]), array([ 4.74644472, -0.10102377, -1.24990281]), array([ 4.75290468, -0.17160664, -1.31946821]), array([ 4.75319331, -0.23950027, -1.39053165]), array([ 4.74980278, -0.30425415, -1.45618836]), array([ 4.74420361, -0.36586508, -1.51409455]), array([ 4.73741784, -0.42443237, -1.56310756]), array([ 4.73012765, -0.48011067, -1.60355917]), array([ 4.72267658, -0.53301443, -1.63662439]), array([ 4.71516716, -0.58315937, -1.66377606]), array([ 4.70757058, -0.63045004, -1.68644207]), array([ 4.69970334, -0.67462728, -1.70660311]), array([ 4.69146765, -0.71541708, -1.72507792]), array([ 4.68309747, -0.75271711, -1.74140699]), array([ 4.67512506, -0.7862227 , -1.77989425]), array([ 4.66608807, -0.81529553, -1.7915537 ]), array([ 4.65724616, -0.84046094, -1.80315013]), array([ 4.64839305, -0.86173005, -1.81425002]), array([ 4.63951568, -0.87899681, -1.82533072]), array([ 4.63064612, -0.89218652, -1.83678049])]
-0.03278322518018145
[ 1.261093  3.280223  1.32743   3.319233 12.466154  0.376651 22.030784]
[INFO] [1774442221.405948345] [mpc_node]: Logging State [ 4.68862056 -0.04667754 -1.27979205  2.07344907 -0.76781545 -3.91458414]
[INFO] [1774442221.407902898] [mpc_node]: Logging State [ 4.70515766 -0.08157283 -1.37095342  1.65065683 -0.58696654 -3.08928916]
REF: [[ 4.70515766  4.57226097  4.59673304  4.61344657  4.62876553  4.64053781
   4.64614072  4.6510727   4.66093834  4.66885047  4.67575017  4.68683838
   4.69858204  4.70608082  4.70630582  4.70503158  4.71000532  4.71484953
   4.71478762  4.71277617  4.7152993 ]
 [-0.08157283 -0.37741309 -0.40098721 -0.41960098 -0.44084489 -0.46405413
  -0.48024967 -0.50261676 -0.56370267 -0.59030433 -0.6073483  -0.63023285
  -0.65455718 -0.67792398 -0.70256569 -0.7277179  -0.75215892 -0.77668592
  -0.80174066 -0.82675871 -0.8517551 ]]
DEBUG STATE: [ 4.70515766 -0.08157283 -1.37095342  1.65065683 -0.58696654 -3.08928916
 -0.6556645  -0.15236236]
DEBUG PARAMS NODE 0: [15.         15.          1.          1.         25.         25.
  0.          0.          1.24641353  0.          0.          0.
  4.70515766 -0.08157283  0.          0.          0.          0.
  0.          0.        ]

iter	qp_stat	qp_iter
0	0	0
1	0	1


PREDICTED STATES: [array([ 4.70515766, -0.08157283, -1.37095342]), array([ 4.70258498, -0.16684416, -1.45186345]), array([ 4.70954563, -0.25090272, -1.48091505]), array([ 4.71379907, -0.33080962, -1.50681486]), array([ 4.71545044, -0.40658268, -1.53101767]), array([ 4.71460996, -0.47801959, -1.55466129]), array([ 4.71162179, -0.54483937, -1.57797901]), array([ 4.70695875, -0.60680944, -1.60066013]), array([ 4.70113148, -0.66378378, -1.62217255]), array([ 4.69463542, -0.7156862 , -1.64195363]), array([ 4.68792082, -0.76249311, -1.65960612]), array([ 4.6813775 , -0.80421706, -1.67514227]), array([ 4.67531419, -0.84090022, -1.68864414]), array([ 4.66992318, -0.87258672, -1.70032378]), array([ 4.66532141, -0.89930227, -1.71029614]), array([ 4.6616095 , -0.92112172, -1.71762411]), array([ 4.65919083, -0.93827784, -1.7190977 ]), array([ 4.65759191, -0.95051126, -1.72578247]), array([ 4.65639118, -0.95777814, -1.73295972]), array([ 4.656248  , -0.96029921, -1.73946009]), array([ 4.65721046, -0.9580802 , -1.74582654])]
-0.04409214061206453
[ 1.548109  2.643533  0.704052  3.444836  5.849322  0.357931 14.547783]
REF: [[ 4.70515766  4.57226097  4.59673304  4.61344657  4.62876553  4.64053781
   4.64614072  4.6510727   4.66093834  4.66885047  4.67575017  4.68683838
   4.69858204  4.70608082  4.70630582  4.70503158  4.71000532  4.71484953
   4.71478762  4.71277617  4.7152993 ]
 [-0.08157283 -0.37741309 -0.40098721 -0.41960098 -0.44084489 -0.46405413
  -0.48024967 -0.50261676 -0.56370267 -0.59030433 -0.6073483  -0.63023285
  -0.65455718 -0.67792398 -0.70256569 -0.7277179  -0.75215892 -0.77668592
  -0.80174066 -0.82675871 -0.8517551 ]]
DEBUG STATE: [ 4.70515766 -0.08157283 -1.37095342  1.65065683 -0.58696654 -3.08928916
 -0.88184281 -0.11259202]
DEBUG PARAMS NODE 0: [15.         15.          1.          1.         25.         25.
  0.          0.          1.24641353  0.          0.          0.
  4.70515766 -0.08157283  0.          0.          0.          0.
  0.          0.        ]

iter	qp_stat	qp_iter
0	0	0
1	0	1


PREDICTED STATES: [array([ 4.70515766, -0.08157283, -1.37095342]), array([ 4.70252546, -0.16591984, -1.45082255]), array([ 4.70972045, -0.24618557, -1.46240444]), array([ 4.71457478, -0.32285833, -1.48077348]), array([ 4.71693936, -0.39557844, -1.5027084 ]), array([ 4.71716364, -0.46401264, -1.5258747 ]), array([ 4.715662  , -0.52790262, -1.54870771]), array([ 4.71288302, -0.58707135, -1.57012218]), array([ 4.70925712, -0.64141234, -1.58944494]), array([ 4.70515909, -0.69087188, -1.60636065]), array([ 4.70089423, -0.73543261, -1.62093683]), array([ 4.69669914, -0.77510038, -1.63393013]), array([ 4.69270729, -0.80989669, -1.64553834]), array([ 4.68903139, -0.83986189, -1.65538503]), array([ 4.68577418, -0.86505164, -1.66201073]), array([ 4.68287721, -0.88548977, -1.66805964]), array([ 4.68037856, -0.90121139, -1.67363525]), array([ 4.67829933, -0.91224342, -1.6792613 ]), array([ 4.67665609, -0.91866777, -1.68497726]), array([ 4.67550627, -0.92047924, -1.69073194]), array([ 4.67490225, -0.91768693, -1.69648118])]
-0.05249412956399462
[ 1.316678  3.235934  0.696628  3.123483  7.199569  0.359083 15.931375]
[INFO] [1774442221.478280783] [mpc_node]: Logging State [ 4.6837349  -0.17142028 -1.56985258  1.41138706 -0.56064972 -2.73863079]
REF: [[ 4.6837349   4.59416789  4.6112836   4.6267668   4.6393439   4.64545145
   4.65027784  4.65825035  4.67250646  4.68181914  4.69404707  4.70369331
   4.70704405  4.70498554  4.70742473  4.7134329   4.71527496  4.71352507
   4.71317606  4.72105047  4.72669234]
 [-0.17142028 -0.39836216 -0.41700445 -0.43768506 -0.46120286 -0.4779135
  -0.49813469 -0.55053157 -0.59977365 -0.62019625 -0.64473638 -0.66815422
  -0.69217087 -0.7173488  -0.74208245 -0.76644044 -0.79132616 -0.81641328
  -0.84136954 -0.86643315 -0.89016674]]
DEBUG STATE: [ 4.6837349  -0.17142028 -1.56985258  1.41138706 -0.56064972 -2.73863079
 -1.04988259 -0.02956515]
DEBUG PARAMS NODE 0: [15.         15.          1.          1.         25.         25.
  0.          0.          1.24641353  0.          0.          0.
  4.6837349  -0.17142028  0.          0.          0.          0.
  0.          0.        ]

iter	qp_stat	qp_iter
0	0	0
1	0	1


PREDICTED STATES: [array([ 4.6837349 , -0.17142028, -1.56985258]), array([ 4.66678995, -0.24074468, -1.64096818]), array([ 4.66164948, -0.30803146, -1.62780577]), array([ 4.65928157, -0.37135377, -1.61014325]), array([ 4.65902604, -0.43078166, -1.59106136]), array([ 4.66064211, -0.48638766, -1.57169894]), array([ 4.66378894, -0.53822122, -1.55294542]), array([ 4.66807964, -0.58629499, -1.53543738]), array([ 4.6731277 , -0.63058756, -1.51958061]), array([ 4.67858144, -0.67105702, -1.50558639]), array([ 4.68414734, -0.70765343, -1.49422669]), array([ 4.68955066, -0.7403342 , -1.48616878]), array([ 4.69454649, -0.76906789, -1.47993634]), array([ 4.69903984, -0.79384135, -1.47356887]), array([ 4.70294019, -0.81462972, -1.46709064]), array([ 4.70621595, -0.831453  , -1.46294922]), array([ 4.70898174, -0.84435574, -1.45878018]), array([ 4.71121522, -0.85332948, -1.45454036]), array([ 4.71287545, -0.85838478, -1.45021228]), array([ 4.71391896, -0.85951211, -1.44583779]), array([ 4.71430107, -0.85669752, -1.4414588 ])]
-0.05532428591296447
[ 1.381768  3.226878  3.307712  6.227157 14.825743  0.451117 29.420375]
[INFO] [1774442221.533651896] [mpc_node]: Logging State [ 4.70192975 -0.35287406 -1.8716118   2.25148516 -0.3739042  -4.3637949 ]
REF: [[ 4.70192975  4.65859414  4.6718195   4.68067623  4.69286336  4.70294964
   4.70708597  4.70514562  4.70687432  4.71293627  4.71530866  4.71375506
   4.7129274   4.71997932  4.72691719  4.7150165   4.70212257  4.70745049
   4.71310553  4.7101945   4.70660942]
 [-0.35287406 -0.55241    -0.5980784  -0.61786199 -0.64230155 -0.66583065
  -0.68970191 -0.71483705 -0.73965389 -0.7639974  -0.78882552 -0.81392208
  -0.83887951 -0.86395019 -0.88794045 -0.90882712 -0.92978491 -0.9540206
  -0.97918658 -1.00413579 -1.02944874]]
DEBUG STATE: [ 4.70192975 -0.35287406 -1.8716118   2.25148516 -0.3739042  -4.3637949
 -1.10648572  0.04849313]
DEBUG PARAMS NODE 0: [15.         15.          1.          1.         25.         25.
  0.          0.          1.24641353  0.          0.          0.
  4.70192975 -0.35287406  0.          0.          0.          0.
  0.          0.        ]

iter	qp_stat	qp_iter
0	0	0
1	0	10


PREDICTED STATES: [array([ 4.70192975, -0.35287406, -1.8716118 ]), array([ 4.6558915, -0.4538651, -1.9375245]), array([ 4.63794032, -0.55763305, -1.88627014]), array([ 4.62834435, -0.65658758, -1.82305314]), array([ 4.62468757, -0.74974619, -1.75827864]), array([ 4.62595766, -0.83649396, -1.69492901]), array([ 4.63113868, -0.91642726, -1.63461601]), array([ 4.63922955, -0.98933067, -1.57782604]), array([ 4.64934244, -1.05513714, -1.52545513]), array([ 4.66083209, -1.11389806, -1.47786003]), array([ 4.67296518, -1.1657924 , -1.43619636]), array([ 4.68511974, -1.21119662, -1.40187766]), array([ 4.6966613 , -1.25034343, -1.37552125]), array([ 4.70712467, -1.28350364, -1.35005452]), array([ 4.71667095, -1.31088468, -1.32577855]), array([ 4.72568929, -1.33263514, -1.29973846]), array([ 4.73390715, -1.34901411, -1.27349767]), array([ 4.74111854, -1.3602523 , -1.24697966]), array([ 4.7471332 , -1.36654017, -1.22020011]), array([ 4.75175484, -1.3680306 , -1.19329637]), array([ 4.75478048, -1.36483133, -1.1664441 ])]
-0.07386867120888367
[ 1.380296  2.861523  0.692084  7.920134 24.816017  0.371883 38.041937]
REF: [[ 4.70192975  4.65859414  4.6718195   4.68067623  4.69286336  4.70294964
   4.70708597  4.70514562  4.70687432  4.71293627  4.71530866  4.71375506
   4.7129274   4.71997932  4.72691719  4.7150165   4.70212257  4.70745049
   4.71310553  4.7101945   4.70660942]
 [-0.35287406 -0.55241    -0.5980784  -0.61786199 -0.64230155 -0.66583065
  -0.68970191 -0.71483705 -0.73965389 -0.7639974  -0.78882552 -0.81392208
  -0.83887951 -0.86395019 -0.88794045 -0.90882712 -0.92978491 -0.9540206
  -0.97918658 -1.00413579 -1.02944874]]
DEBUG STATE: [ 4.70192975 -0.35287406 -1.8716118   2.25148516 -0.3739042  -4.3637949
 -1.47737342  0.20849313]
DEBUG PARAMS NODE 0: [15.         15.          1.          1.         25.         25.
  0.          0.          1.24641353  0.          0.          0.
  4.70192975 -0.35287406  0.          0.          0.          0.
  0.          0.        ]

iter	qp_stat	qp_iter
0	0	0
1	0	14


PREDICTED STATES: [array([ 4.70192975, -0.35287406, -1.8716118 ]), array([ 4.65630003, -0.45215551, -1.93896103]), array([ 4.63283881, -0.54876137, -1.86365134]), array([ 4.62580341, -0.64135086, -1.76444645]), array([ 4.62837219, -0.72799637, -1.67111957]), array([ 4.63835992, -0.8077309 , -1.58480078]), array([ 4.65388894, -0.88002116, -1.50565957]), array([ 4.67327567, -0.94468117, -1.4334946 ]), array([ 4.69502609, -1.00178561, -1.36803478]), array([ 4.71768661, -1.051625  , -1.31021689]), array([ 4.74023107, -1.09462371, -1.25925876]), array([ 4.76181898, -1.13128577, -1.21450177]), array([ 4.78179885, -1.16214742, -1.17507561]), array([ 4.79980198, -1.18768963, -1.14059769]), array([ 4.81552068, -1.20842044, -1.11355489]), array([ 4.8292311 , -1.22436334, -1.08747342]), array([ 4.84096074, -1.23562837, -1.06083052]), array([ 4.85050348, -1.24251164, -1.03388109]), array([ 4.85772867, -1.24524514, -1.00661558]), array([ 4.86248543, -1.24404962, -0.97919418]), array([ 4.86460522, -1.23911852, -0.95180926])]
-0.08595374791291185
[ 1.142113 19.944868  2.192063  5.248633 26.810027  0.480078 55.817782]
[INFO] [1774442221.646310593] [mpc_node]: Logging State [ 4.70159576 -0.48734183 -2.05278604  2.25892891 -0.15937498 -3.82596513]
REF: [[ 4.70159576  4.68721246  4.69888329  4.70620357  4.70623127  4.70509266
   4.71019873  4.71491208  4.71473476  4.71274499  4.71553076  4.72525985
   4.72258251  4.7059759   4.70358014  4.71182468  4.71212366  4.7078484
   4.70663543  4.71275661  4.72665282]
 [-0.48734183 -0.63097498 -0.65525491 -0.67863878 -0.70332227 -0.72846095
  -0.75288756 -0.77743178 -0.80249391 -0.82750646 -0.85250853 -0.87731221
  -0.89962183 -0.91987939 -0.94267043 -0.96777584 -0.99272767 -1.01790871
  -1.04284    -1.06616214 -1.08933444]]
DEBUG STATE: [ 4.70159576 -0.48734183 -2.05278604  2.25892891 -0.15937498 -3.82596513
 -1.71907496  0.34      ]
DEBUG PARAMS NODE 0: [15.         15.          1.          1.         25.         25.
  0.          0.          1.24641353  0.          0.          0.
  4.70159576 -0.48734183  0.          0.          0.          0.
  0.          0.        ]

iter	qp_stat	qp_iter
0	0	0
1	0	17


PREDICTED STATES: [array([ 4.70159576, -0.48734183, -2.05278604]), array([ 4.64779016, -0.58058368, -2.08517829]), array([ 4.61484492, -0.67320937, -1.99297413]), array([ 4.595625  , -0.76328721, -1.8966828 ]), array([ 4.58576014, -0.8482455 , -1.80744853]), array([ 4.58358113, -0.92701835, -1.72516388]), array([ 4.5873946 , -0.99897123, -1.64988427]), array([ 4.59562408, -1.063816  , -1.58157089]), array([ 4.60686333, -1.1215375 , -1.52010713]), array([ 4.61990288, -1.17231992, -1.46531483]), array([ 4.63373352, -1.21647225, -1.41696919]), array([ 4.64753474, -1.25438693, -1.37450929]), array([ 4.66066159, -1.28648784, -1.33689006]), array([ 4.67271416, -1.31320494, -1.30518269]), array([ 4.68352612, -1.33487756, -1.27855341]), array([ 4.69339129, -1.35152556, -1.25167188]), array([ 4.70222159, -1.3634523 , -1.22435213]), array([ 4.70981752, -1.37090615, -1.19661576]), array([ 4.71600686, -1.37412358, -1.16856915]), array([ 4.72060951, -1.37329892, -1.14038002]), array([ 4.7234352 , -1.36859098, -1.11223947])]
-0.09578221533010636
[ 1.190562  9.053767  0.841497  6.073392 13.905908  0.368075 31.433201]
[INFO] [1774442221.689191328] [mpc_node]: Logging State [ 4.62872907 -0.5992117  -2.21880956  2.58982493 -0.18836661 -3.8953445 ]
REF: [[ 4.62872907  4.70511748  4.71027057  4.71493409  4.71471461  4.71273447
   4.71561962  4.72534186  4.7224252   4.70582599  4.70365723  4.71188627
   4.71208432  4.70780789  4.7066572   4.71287179  4.7268375   4.74215691
   4.75062314  4.75752259  4.77061419]
 [-0.5992117  -0.72873709 -0.75315862 -0.77770936 -0.80277407 -0.8277846
  -0.85278885 -0.8775797  -0.89985095 -0.92011229 -0.94294364 -0.96805682
  -0.99300568 -1.01819224 -1.04310859 -1.06641718 -1.08958969 -1.11022316
  -1.12467457 -1.14734444 -1.21081134]]
DEBUG STATE: [ 4.62872907 -0.5992117  -2.21880956  2.58982493 -0.18836661 -3.8953445
 -1.91564431  0.34      ]
DEBUG PARAMS NODE 0: [15.         15.          1.          1.         25.         25.
  0.          0.          1.24641353  0.          0.          0.
  4.62872907 -0.5992117   0.          0.          0.          0.
  0.          0.        ]

iter	qp_stat	qp_iter
0	0	0
1	0	17


PREDICTED STATES: [array([ 4.62872907, -0.5992117 , -2.21880956]), array([ 4.54931176, -0.69434341, -2.25496737]), array([ 4.4935745 , -0.79448405, -2.16039481]), array([ 4.45665655, -0.89414259, -2.0502414 ]), array([ 4.43277839, -0.98957777, -1.94770214]), array([ 4.41971409, -1.07905287, -1.8531314 ]), array([ 4.41534067, -1.16143477, -1.76660796]), array([ 4.41763059, -1.23609006, -1.68809338]), array([ 4.42474135, -1.30278667, -1.61745422]), array([ 4.43506595, -1.36159414, -1.55448225]), array([ 4.44725189, -1.41279212, -1.49891368]), array([ 4.46020546, -1.45679548, -1.4509367 ]), array([ 4.47300498, -1.49407646, -1.40837398]), array([ 4.4850381 , -1.5251184 , -1.37111261]), array([ 4.49571815, -1.55056655, -1.34309177]), array([ 4.50550364, -1.57044533, -1.31628536]), array([ 4.51439739, -1.58499395, -1.28921009]), array([ 4.52219255, -1.59451005, -1.26172694]), array([ 4.52868375, -1.59924645, -1.2338879 ]), array([ 4.53366327, -1.59941503, -1.2058618 ]), array([ 4.53691392, -1.59518519, -1.17786077])]
-0.10817636543983132
[ 1.24058  10.013411  4.068662 17.413914  5.012818  0.591249 38.340634]
[INFO] [1774442221.731033919] [mpc_node]: Logging State [ 4.63367432 -0.62867762 -2.26803766  1.88528081 -0.01862558 -2.78369751]
REF: [[ 4.63367432  4.70627421  4.71227605  4.71529691  4.71403453  4.71273964
   4.7187004   4.72687189  4.71715943  4.70262786  4.70634217  4.71299447
   4.71074565  4.70684256  4.70773029  4.71665685  4.73227966  4.7452682
   4.75284789  4.76000172  4.77586756]
 [-0.62867762 -0.73672399 -0.76106526 -0.7858192  -0.81092026 -0.83588473
  -0.86094859 -0.88521031 -0.90642442 -0.92709221 -0.95100457 -0.97619582
  -1.00112384 -1.0264286  -1.05083498 -1.07388405 -1.09688184 -1.11492197
  -1.13007285 -1.16092334 -1.24481304]]
DEBUG STATE: [ 4.63367432 -0.62867762 -2.26803766  1.88528081 -0.01862558 -2.78369751
 -2.16352731  0.34      ]
DEBUG PARAMS NODE 0: [15.         15.          1.          1.         25.         25.
  0.          0.          1.24641353  0.          0.          0.
  4.63367432 -0.62867762  0.          0.          0.          0.
  0.          0.        ]

iter	qp_stat	qp_iter
0	0	0
1	0	18


PREDICTED STATES: [array([ 4.63367432, -0.62867762, -2.26803766]), array([ 4.57945631, -0.6984074 , -2.262016  ]), array([ 4.54481791, -0.76997305, -2.16431938]), array([ 4.51826393, -0.83851281, -2.08473927]), array([ 4.49725375, -0.9026115 , -2.01328579]), array([ 4.48121085, -0.96214432, -1.9482613 ]), array([ 4.46922141, -1.01697349, -1.88942374]), array([ 4.46049728, -1.06705196, -1.83652807]), array([ 4.45437008, -1.11239523, -1.78931491]), array([ 4.45027194, -1.15306173, -1.74751669]), array([ 4.44771979, -1.1891408 , -1.71086401]), array([ 4.44630365, -1.2207446 , -1.67908864]), array([ 4.44571927, -1.24802905, -1.65452563]), array([ 4.44554955, -1.27109532, -1.62990168]), array([ 4.44589502, -1.29016859, -1.61238244]), array([ 4.44809256, -1.30464836, -1.58490792]), array([ 4.451176  , -1.31523192, -1.55731789]), array([ 4.45484154, -1.32204401, -1.52923461]), array([ 4.45886511, -1.32518425, -1.50088539]), array([ 4.46303235, -1.32473084, -1.47246558]), array([ 4.46713814, -1.32073496, -1.44413676])]
-0.1078129829986767
[ 3.165596 16.554209 18.731136 31.753019 12.960856  1.474379 84.639195]
[INFO] [1774442221.824469082] [mpc_node]: Logging State [ 4.62455557 -0.66977785 -2.27935007  1.53670686  0.07983902 -1.62191977]
REF: [[ 4.62455557  4.70489061  4.70792766  4.71381438  4.7152172   4.7133357
   4.71346363  4.72195724  4.72628878  4.71169776  4.70201158  4.7091421
   4.71301428  4.7093387   4.70640583  4.70958157  4.72094865  4.73720382
   4.7477307   4.75485855  4.76339132]
 [-0.66977785 -0.719503   -0.74416656 -0.76854594 -0.79347673 -0.81855255
  -0.84351117 -0.86855682 -0.89204727 -0.91254425 -0.93406079 -0.95870168
  -0.98379788 -1.0088058  -1.03407255 -1.05793959 -1.08101097 -1.10337914
  -1.11904217 -1.13625458 -1.17850609]]
DEBUG STATE: [ 4.62455557 -0.66977785 -2.27935007  1.53670686  0.07983902 -1.62191977
 -2.15625966  0.34      ]
DEBUG PARAMS NODE 0: [15.         15.          1.          1.         25.         25.
  0.          0.          1.24641353  0.          0.          0.
  4.62455557 -0.66977785  0.          0.          0.          0.
  0.          0.        ]

iter	qp_stat	qp_iter
0	0	0
1	0	16


PREDICTED STATES: [array([ 4.62455557, -0.66977785, -2.27935007]), array([ 4.58467764, -0.7292484 , -2.24315461]), array([ 4.55621883, -0.78722281, -2.17429624]), array([ 4.53337079, -0.8410564 , -2.11275175]), array([ 4.5155432 , -0.89062697, -2.057081  ]), array([ 4.50174335, -0.93575724, -2.00724636]), array([ 4.49115387, -0.97642329, -1.96293471]), array([ 4.48308668, -1.01270432, -1.92381164]), array([ 4.47696834, -1.04474583, -1.88923586]), array([ 4.47204349, -1.07262932, -1.85083067]), array([ 4.4687486 , -1.09672729, -1.82013717]), array([ 4.46653509, -1.11731283, -1.79689606]), array([ 4.46563949, -1.13455545, -1.77463978]), array([ 4.46660645, -1.14858593, -1.74724617]), array([ 4.46804732, -1.15975338, -1.72483006]), array([ 4.47001876, -1.16815369, -1.69947277]), array([ 4.47264802, -1.17395139, -1.67218116]), array([ 4.47577882, -1.17723099, -1.64469732]), array([ 4.47925656, -1.17808642, -1.61713757]), array([ 4.48294549, -1.17658363, -1.58961208]), array([ 4.48671913, -1.17276114, -1.56222512])]
-0.10466648303257005
[ 1.240708  3.285151  1.449098  3.588649  5.45859   0.372075 15.394271]
[INFO] [1774442221.851076800] [mpc_node]: Logging State [ 4.59183074 -0.67392261 -2.26105529  1.1284107  -0.00809145 -0.73275528]
[INFO] [1774442221.853342881] [mpc_node]: Logging State [ 4.55028349 -0.85119799 -2.18175665  1.44425035  0.19272243  0.05940316]
REF: [[ 4.55028349  4.7081088   4.70271258  4.71088347  4.71257897  4.70841167
   4.70643572  4.71134723  4.72428209  4.74024489  4.74942163  4.75637039
   4.76719117  4.77606856  4.77655215  4.78351752  4.80496267  4.83379744
   4.84166245  4.84615407  4.84620829]
 [-0.85119799 -0.91687867 -0.93914163 -0.96410944 -0.98911191 -1.01421896
  -1.03932264 -1.06284282 -1.08598893 -1.10751506 -1.12219582 -1.14206473
  -1.19556984 -1.25877122 -1.28224547 -1.30221613 -1.32922305 -1.37136369
  -1.39186831 -1.41477982 -1.44074709]]
DEBUG STATE: [ 4.55028349 -0.85119799 -2.18175665  1.44425035  0.19272243  0.05940316
 -2.09332966  0.34      ]
DEBUG PARAMS NODE 0: [15.         15.          1.          1.         25.         25.
  0.          0.          1.24641353  0.          0.          0.
  4.55028349 -0.85119799  0.          0.          0.          0.
  0.          0.        ]

iter	qp_stat	qp_iter
0	0	0
1	0	15


PREDICTED STATES: [array([ 4.55028349, -0.85119799, -2.18175665]), array([ 4.52211418, -0.91388641, -2.11859875]), array([ 4.50134529, -0.97330888, -2.05264786]), array([ 4.48605706, -1.02816744, -1.99292084]), array([ 4.47518704, -1.0782442 , -1.93914522]), array([ 4.46780591, -1.12348171, -1.89101866]), array([ 4.46311107, -1.1639533 , -1.84808936]), array([ 4.46021025, -1.19966328, -1.80123015]), array([ 4.4592517 , -1.23116406, -1.76558147]), array([ 4.45938317, -1.25859678, -1.73607824]), array([ 4.46046462, -1.28219874, -1.7093815 ]), array([ 4.46259783, -1.30221935, -1.68249253]), array([ 4.46564308, -1.318959  , -1.6548537 ]), array([ 4.46937196, -1.332462  , -1.62687357]), array([ 4.47359289, -1.34300322, -1.59859428]), array([ 4.47815467, -1.35085319, -1.56997916]), array([ 4.48288826, -1.35604507, -1.5410986 ]), array([ 4.48765865, -1.35870215, -1.51206456]), array([ 4.49233271, -1.35892926, -1.48297134]), array([ 4.49678205, -1.3568058 , -1.45391564]), array([ 4.50088083, -1.35238765, -1.42499496])]
-0.10157316511384216
[ 1.81666   2.929526  1.001757  3.465924  5.00245   0.379979 14.596296]
REF: [[ 4.55028349  4.7081088   4.70271258  4.71088347  4.71257897  4.70841167
   4.70643572  4.71134723  4.72428209  4.74024489  4.74942163  4.75637039
   4.76719117  4.77606856  4.77655215  4.78351752  4.80496267  4.83379744
   4.84166245  4.84615407  4.84620829]
 [-0.85119799 -0.91687867 -0.93914163 -0.96410944 -0.98911191 -1.01421896
  -1.03932264 -1.06284282 -1.08598893 -1.10751506 -1.12219582 -1.14206473
  -1.19556984 -1.25877122 -1.28224547 -1.30221613 -1.32922305 -1.37136369
  -1.39186831 -1.41477982 -1.44074709]]
DEBUG STATE: [ 4.55028349 -0.85119799 -2.18175665  1.44425035  0.19272243  0.05940316
 -2.0314633   0.34      ]
DEBUG PARAMS NODE 0: [15.         15.          1.          1.         25.         25.
  0.          0.          1.24641353  0.          0.          0.
  4.55028349 -0.85119799  0.          0.          0.          0.
  0.          0.        ]

iter	qp_stat	qp_iter
0	0	0
1	0	17


PREDICTED STATES: [array([ 4.55028349, -0.85119799, -2.18175665]), array([ 4.52207185, -0.91397288, -2.11852013]), array([ 4.50117173, -0.97311569, -2.05227831]), array([ 4.48569705, -1.0279782 , -1.99204729]), array([ 4.47463627, -1.07831481, -1.93756943]), array([ 4.46709272, -1.12403842, -1.88856969]), array([ 4.46228984, -1.16518204, -1.84481796]), array([ 4.45953784, -1.20184648, -1.80486823]), array([ 4.45835127, -1.23422423, -1.76911383]), array([ 4.4582981 , -1.26255761, -1.7382846 ]), array([ 4.45911744, -1.28709812, -1.71150234]), array([ 4.46103185, -1.30803617, -1.68461393]), array([ 4.46385205, -1.32558799, -1.65751407]), array([ 4.46738099, -1.33994273, -1.63011531]), array([ 4.47143801, -1.35126877, -1.60235623]), array([ 4.47585657, -1.35971637, -1.57426264]), array([ 4.48048234, -1.36541621, -1.54590045]), array([ 4.48516934, -1.36847887, -1.51735718]), array([ 4.4897776 , -1.36899489, -1.48873243]), array([ 4.4941714 , -1.36703501, -1.46013019]), array([ 4.49821777, -1.36265038, -1.43165558])]
-0.09822516656900733
[ 1.79586   2.952566  0.775926  4.456674  6.433499  0.370506 16.785031]
[INFO] [1774442221.925174729] [mpc_node]: Logging State [ 4.49979449 -0.85945909 -2.1473981   1.12600644  0.04023117  0.279575  ]
REF: [[ 4.49979449  4.71309076  4.70971175  4.70647044  4.70900897  4.71974407
   4.73594211  4.74708512  4.75430986  4.76228388  4.77601169  4.77685496
   4.78489245  4.80810874  4.83518021  4.84247389  4.84645986  4.84582803
   4.84197501  4.8421616   4.84898509]
 [-0.85945909 -0.98177625 -1.00675479 -1.03205171 -1.05606122 -1.07910868
  -1.10170198 -1.11791631 -1.13441437 -1.17315918 -1.26152208 -1.28433525
  -1.30443582 -1.33294304 -1.37435076 -1.39475612 -1.41827378 -1.44430347
  -1.4693374  -1.49364897 -1.51780188]]
DEBUG STATE: [ 4.49979449 -0.85945909 -2.1473981   1.12600644  0.04023117  0.279575
 -1.96450333  0.34      ]
DEBUG PARAMS NODE 0: [15.         15.          1.          1.         25.         25.
  0.          0.          1.24641353  0.          0.          0.
  4.49979449 -0.85945909  0.          0.          0.          0.
  0.          0.        ]

iter	qp_stat	qp_iter
0	0	0
1	0	17


PREDICTED STATES: [array([ 4.49979449, -0.85945909, -2.1473981 ]), array([ 4.4787797 , -0.90740938, -2.10012636]), array([ 4.46397561, -0.95197411, -2.05047586]), array([ 4.45236161, -0.9926296 , -2.00576189]), array([ 4.44326746, -1.02966712, -1.9654597 ]), array([ 4.4361931 , -1.06337548, -1.92909921]), array([ 4.43075518, -1.09401959, -1.89635239]), array([ 4.4266308 , -1.12180234, -1.86480696]), array([ 4.42366779, -1.14697591, -1.83662935]), array([ 4.42167033, -1.16976555, -1.81330232]), array([ 4.42100484, -1.19024434, -1.78801895]), array([ 4.42167916, -1.20854888, -1.76100184]), array([ 4.42331855, -1.22476487, -1.73374172]), array([ 4.42578983, -1.23893209, -1.70616667]), array([ 4.42896604, -1.25107503, -1.67824582]), array([ 4.43272281, -1.26120617, -1.64999959]), array([ 4.43694081, -1.26932824, -1.62145194]), array([ 4.44150296, -1.27543844, -1.59264129]), array([ 4.44629223, -1.27953229, -1.56362624]), array([ 4.4511914 , -1.28160653, -1.53447921]), array([ 4.45608357, -1.28166121, -1.50527994])]
-0.08694786612558301
[ 1.299557  3.816207  0.989277  4.576357 16.137717  0.384043 27.203158]
[INFO] [1774442221.970419596] [mpc_node]: Logging State [ 4.41929193 -1.00137964 -2.04471806  1.47535765  0.05769105  0.76381039]
REF: [[ 4.41929193  4.72099102  4.73724657  4.74775301  4.75487779  4.76343284
   4.77596414  4.7771626   4.78616465  4.81081294  4.83602248  4.84298576
   4.8466128   4.84552575  4.8416987   4.84260306  4.84968461  4.85504231
   4.85493375  4.84910409  4.83983496]
 [-1.00137964 -1.08107674 -1.10343626 -1.11908176 -1.13632147 -1.1787015
  -1.26376286 -1.28605451 -1.30635181 -1.33621967 -1.37626516 -1.39672336
  -1.4206404  -1.44666811 -1.47159724 -1.49587044 -1.52004336 -1.54480329
  -1.56975318 -1.59399935 -1.617486  ]]
DEBUG STATE: [ 4.41929193 -1.00137964 -2.04471806  1.47535765  0.05769105  0.76381039
 -1.73895732  0.34      ]
DEBUG PARAMS NODE 0: [15.         15.          1.          1.         25.         25.
  0.          0.          1.24641353  0.          0.          0.
  4.41929193 -1.00137964  0.          0.          0.          0.
  0.          0.        ]

iter	qp_stat	qp_iter
0	0	0
1	0	20


PREDICTED STATES: [array([ 4.41929193, -1.00137964, -2.04471806]), array([ 4.39591857, -1.06787019, -1.99302159]), array([ 4.37729282, -1.13013871, -1.93836159]), array([ 4.3657029 , -1.18871012, -1.87388585]), array([ 4.35526317, -1.24097519, -1.73070517]), array([ 4.35328041, -1.29057743, -1.66600047]), array([ 4.35406816, -1.33535972, -1.59897044]), array([ 4.35734187, -1.37581897, -1.56136465]), array([ 4.36094699, -1.41156204, -1.52732075]), array([ 4.36481198, -1.4428193 , -1.50005208]), array([ 4.37004281, -1.46993121, -1.47196633]), array([ 4.37586846, -1.49300291, -1.44496883]), array([ 4.38218192, -1.51229439, -1.41801492]), array([ 4.38885957, -1.52799549, -1.39081566]), array([ 4.39572779, -1.54028193, -1.3632557 ]), array([ 4.40260906, -1.54931621, -1.33531512]), array([ 4.40933063, -1.55524447, -1.30703955]), array([ 4.41572581, -1.55819575, -1.27851339]), array([ 4.4216331 , -1.55828185, -1.24984606]), array([ 4.42689579, -1.55559706, -1.22115845]), array([ 4.43136145, -1.55021777, -1.19257451])]
-0.08725284209292443
[ 1.354663  3.668715  1.292645  5.173687 14.356193  0.689332 26.535235]
[INFO] [1774442222.011199308] [mpc_node]: Logging State [ 4.37448361 -1.03685729 -2.00084736  1.46317357 -0.08506942  0.97314473]
REF: [[ 4.37448361  4.7450841   4.75270654  4.75982104  4.77571814  4.77589078
   4.77828209  4.79023427  4.81831315  4.83734157  4.84379676  4.84677473
   4.84494401  4.84132659  4.84348552  4.85082751  4.85540989  4.85436579
   4.84780445  4.8382802   4.82954635]
 [-1.03685729 -1.11463068 -1.12969082 -1.15988703 -1.24264951 -1.26951327
  -1.29061257 -1.31188939 -1.34586942 -1.37943104 -1.40014296 -1.42469798
  -1.45065346 -1.47542971 -1.49964701 -1.52387027 -1.54872656 -1.57360722
  -1.59772517 -1.62111524 -1.6444561 ]]
DEBUG STATE: [ 4.37448361 -1.03685729 -2.00084736  1.46317357 -0.08506942  0.97314473
 -1.74505684  0.18      ]
DEBUG PARAMS NODE 0: [15.         15.          1.          1.         25.         25.
  0.          0.          1.24641353  0.          0.          0.
  4.37448361 -1.03685729  0.          0.          0.          0.
  0.          0.        ]

iter	qp_stat	qp_iter
0	0	0
1	0	18


PREDICTED STATES: [array([ 4.37448361, -1.03685729, -2.00084736]), array([ 4.35219137, -1.10301767, -1.94672773]), array([ 4.34103113, -1.16752343, -1.87853136]), array([ 4.33492628, -1.22755286, -1.81496326]), array([ 4.33272473, -1.2831941 , -1.75567747]), array([ 4.33386157, -1.33432948, -1.7013288 ]), array([ 4.33735045, -1.38110116, -1.65185018]), array([ 4.34264187, -1.42357131, -1.60641007]), array([ 4.34915128, -1.46183385, -1.56689699]), array([ 4.35634036, -1.49594959, -1.52785966]), array([ 4.36379143, -1.52613897, -1.49348244]), array([ 4.37084415, -1.55272605, -1.46705661]), array([ 4.37813152, -1.57551941, -1.44037609]), array([ 4.38551375, -1.59462785, -1.41359104]), array([ 4.39281599, -1.61013504, -1.38652256]), array([ 4.39986452, -1.62211232, -1.35905413]), array([ 4.40648098, -1.63062884, -1.33120105]), array([ 4.41248813, -1.63575077, -1.30303182]), array([ 4.41770768, -1.63754387, -1.27466028]), array([ 4.42196062, -1.63607471, -1.24622536]), array([ 4.42506878, -1.63141097, -1.217876  ])]
-0.0834546714064149
[ 3.10857   6.495965  0.810999 16.431294 17.095857  0.77567  44.718355]
REF: [[ 4.37448361  4.7450841   4.75270654  4.75982104  4.77571814  4.77589078
   4.77828209  4.79023427  4.81831315  4.83734157  4.84379676  4.84677473
   4.84494401  4.84132659  4.84348552  4.85082751  4.85540989  4.85436579
   4.84780445  4.8382802   4.82954635]
 [-1.03685729 -1.11463068 -1.12969082 -1.15988703 -1.24264951 -1.26951327
  -1.29061257 -1.31188939 -1.34586942 -1.37943104 -1.40014296 -1.42469798
  -1.45065346 -1.47542971 -1.49964701 -1.52387027 -1.54872656 -1.57360722
  -1.59772517 -1.62111524 -1.6444561 ]]
DEBUG STATE: [ 4.37448361 -1.03685729 -2.00084736  1.46317357 -0.08506942  0.97314473
 -1.66909343  0.34      ]
DEBUG PARAMS NODE 0: [15.         15.          1.          1.         25.         25.
  0.          0.          1.24641353  0.          0.          0.
  4.37448361 -1.03685729  0.          0.          0.          0.
  0.          0.        ]

iter	qp_stat	qp_iter
0	0	0
1	0	18


PREDICTED STATES: [array([ 4.37448361, -1.03685729, -2.00084736]), array([ 4.35367431, -1.10211084, -1.93982944]), array([ 4.3437596 , -1.16488905, -1.87191449]), array([ 4.33820445, -1.22359377, -1.80970876]), array([ 4.33638095, -1.2781421 , -1.75211065]), array([ 4.33753319, -1.3285003 , -1.69893488]), array([ 4.3409917 , -1.37469021, -1.65002285]), array([ 4.34615535, -1.4167696 , -1.60495055]), array([ 4.35249643, -1.45482176, -1.56337407]), array([ 4.35964656, -1.48896756, -1.52773268]), array([ 4.3670708 , -1.51929137, -1.49337493]), array([ 4.37455634, -1.5459351 , -1.4632665 ]), array([ 4.38196408, -1.5689777 , -1.4364353 ]), array([ 4.38945634, -1.58836566, -1.40952617]), array([ 4.39687835, -1.60415938, -1.38239475]), array([ 4.40404976, -1.61641112, -1.35492331]), array([ 4.41078782, -1.62517035, -1.3270821 ]), array([ 4.41691055, -1.63048725, -1.29892285]), array([ 4.42223547, -1.6324151 , -1.27055251]), array([ 4.4265791 , -1.63101194, -1.2421114 ]), array([ 4.42975869, -1.62634093, -1.21375352])]
-0.07930307718359621
[ 3.809551  9.692057  0.867866  8.442005  5.200439  0.362634 28.374552]
[INFO] [1774442222.100552561] [mpc_node]: Logging State [ 4.34611435 -1.08094217 -1.92580117  1.32666651 -0.0989418   1.24727511]
REF: [[ 4.34611435  4.74129771  4.75006813  4.7569805   4.76897702  4.77612177
   4.776236    4.7818414   4.80076335  4.83103919  4.84022606  4.84547088
   4.84663305  4.84332731  4.84112916  4.84620452  4.85323522  4.85571791
   4.85234168  4.8442632   4.83451842]
 [-1.08094217 -1.10899304 -1.12349991 -1.14476241 -1.20342553 -1.25482678
  -1.27925004 -1.29921933 -1.3243685  -1.36588929 -1.38728135 -1.40924718
  -1.43492452 -1.46044487 -1.48494104 -1.50907808 -1.53351786 -1.55851533
  -1.58313569 -1.60694877 -1.63017836]]
DEBUG STATE: [ 4.34611435 -1.08094217 -1.92580117  1.32666651 -0.0989418   1.24727511
 -1.58606154  0.34      ]
DEBUG PARAMS NODE 0: [15.         15.          1.          1.         25.         25.
  0.          0.          1.24641353  0.          0.          0.
  4.34611435 -1.08094217  0.          0.          0.          0.
  0.          0.        ]

iter	qp_stat	qp_iter
0	0	0
1	0	18


PREDICTED STATES: [array([ 4.34611435, -1.08094217, -1.92580117]), array([ 4.33161727, -1.14113831, -1.86588194]), array([ 4.32694703, -1.19815626, -1.80582818]), array([ 4.32575161, -1.25102195, -1.75015454]), array([ 4.32727478, -1.29976261, -1.69877618]), array([ 4.33089303, -1.3444649 , -1.65149421]), array([ 4.33606564, -1.38524148, -1.60813707]), array([ 4.34232513, -1.42221971, -1.56862668]), array([ 4.34923176, -1.45551798, -1.53131015]), array([ 4.3565073 , -1.48527139, -1.49723312]), array([ 4.36393209, -1.51164177, -1.46925517]), array([ 4.37111   , -1.53477115, -1.44417785]), array([ 4.37843108, -1.55456049, -1.41797488]), array([ 4.38587576, -1.57104951, -1.39094393]), array([ 4.39317582, -1.58432999, -1.36360077]), array([ 4.40017117, -1.59444888, -1.3358515 ]), array([ 4.40670054, -1.60145472, -1.30771023]), array([ 4.41260026, -1.60539823, -1.27927502]), array([ 4.41770604, -1.60633238, -1.25066826]), array([ 4.42185357, -1.60431374, -1.22202329]), array([ 4.4248799 , -1.5994031 , -1.19347913])]
-0.07485413762117617
[ 1.341863  3.07369   1.281733  5.412285 17.827814  0.373483 29.310868]
[INFO] [1774442222.133320841] [mpc_node]: Logging State [ 4.29192633 -1.14715307 -1.88802966  1.694164   -0.24076309  1.17815888]
[INFO] [1774442222.135430118] [mpc_node]: Logging State [ 4.26386818 -1.20445753 -1.86111824  1.68656179 -0.23910851  0.96235666]
REF: [[ 4.26386818  4.75041586  4.75731787  4.76999481  4.776126    4.77614826
   4.78129148  4.79928783  4.82977382  4.83967594  4.8451744   4.84672518
   4.8436599   4.8410679   4.84560713  4.85280497  4.8557274   4.85281982
   4.8450151   4.83526363  4.82770138]
 [-1.20445753 -1.12422936 -1.14634875 -1.20798268 -1.25335601 -1.2781222
  -1.29814121 -1.32267766 -1.36355937 -1.38566347 -1.40731972 -1.43283214
  -1.45845986 -1.48300446 -1.50715032 -1.53153698 -1.55651915 -1.5812003
  -1.60507409 -1.62832471 -1.65193564]]
DEBUG STATE: [ 4.26386818 -1.20445753 -1.86111824  1.68656179 -0.23910851  0.96235666
 -1.49708275  0.34      ]
DEBUG PARAMS NODE 0: [15.         15.          1.          1.         25.         25.
  0.          0.          1.24641353  0.          0.          0.
  4.26386818 -1.20445753  0.          0.          0.          0.
  0.          0.        ]

iter	qp_stat	qp_iter
0	0	0
1	0	13


PREDICTED STATES: [array([ 4.26386818, -1.20445753, -1.86111824]), array([ 4.24355801, -1.28095452, -1.81101617]), array([ 4.24008729, -1.35376439, -1.73490091]), array([ 4.24152616, -1.42218498, -1.66567732]), array([ 4.24671234, -1.48596972, -1.60161442]), array([ 4.25405056, -1.54523242, -1.54821223]), array([ 4.26140861, -1.60014513, -1.50200837]), array([ 4.17551053, -1.60917657,  2.85995872]), array([ 4.24153682, -1.63404717,  2.86629257]), array([ 4.37882468, -1.63624519,  2.89507716]), array([ 4.5008585 , -1.63414189,  2.91813759]), array([ 4.60738334, -1.62867845,  2.93156967]), array([ 4.69895276, -1.61977865,  2.94213394]), array([ 4.77553624, -1.60700139,  2.95049747]), array([ 4.83763999, -1.59147766,  2.95800494]), array([ 4.88549458, -1.57394693,  2.96529459]), array([ 4.91928755, -1.55516004,  2.97260927]), array([ 4.93919934, -1.53587286,  2.98001047]), array([ 4.94541285, -1.51683405,  2.98748646]), array([ 4.93812087, -1.49878037,  2.99499582]), array([ 4.91753016, -1.482431  ,  3.00248697])]
-0.07494795278688297
[ 1.338279  5.601858  2.977143  8.889346 15.770123  0.363306 34.940055]
[INFO] [1774442222.179109948] [mpc_node]: Logging State [ 4.24767354 -1.27082329 -1.84574507  1.77058713 -0.17168288  0.71703991]
REF: [[ 4.24767354  4.7520568   4.75904305  4.77459965  4.77601275  4.77684891
   4.78486638  4.80805133  4.8351592   4.84246125  4.84645566  4.84583485
   4.84198211  4.84215176  4.84896809  4.85475579  4.85520186  4.84984635
   4.84077228  4.83141413  4.82611033]
 [-1.27082329 -1.12800881 -1.1554407  -1.23239982 -1.26147332 -1.28429806
  -1.3043953  -1.33287434 -1.37430397 -1.39470912 -1.41821704 -1.44424637
  -1.46928297 -1.49359551 -1.51774802 -1.54244349 -1.56742224 -1.59174742
  -1.61529798 -1.63853018 -1.6627298 ]]
DEBUG STATE: [ 4.24767354 -1.27082329 -1.84574507  1.77058713 -0.17168288  0.71703991
 -1.49895906  0.34      ]
DEBUG PARAMS NODE 0: [15.         15.          1.          1.         25.         25.
  0.          0.          1.22013538  0.          0.          0.
  4.24767354 -1.27082329  0.          0.          0.          0.
  0.          0.        ]

iter	qp_stat	qp_iter
0	0	0
1	0	21


PREDICTED STATES: [array([ 4.24767354, -1.27082329, -1.84574507]), array([ 4.22945559, -1.35321578, -1.79593216]), array([ 4.22747866, -1.43618981, -1.71024833]), array([ 4.23293802, -1.52322075, -1.62035414]), array([ 4.24615086, -1.61724896, -1.52378553]), array([ 4.26817196, -1.72089531, -1.42284114]), array([ 4.297058  , -1.83750726, -1.32650146]), array([ 4.332441  , -1.96790876, -1.19936927]), array([ 8.31671935, -2.0841572 , -1.15629802]), array([ 8.20504777, -1.77440236, -1.11524315]), array([ 8.04916108, -1.63263742, -0.98170472]), array([ 7.8698449 , -1.50714204, -0.80189062]), array([ 7.66781416, -1.38024476, -0.78534551]), array([ 7.44152469, -1.25792019, -0.77623707]), array([ 7.18997484, -1.14377413, -0.76569369]), array([ 6.91272404, -1.03886291, -0.75238618]), array([ 6.60967888, -0.94386127, -0.73525187]), array([ 6.28089866, -0.85925394, -0.71466717]), array([ 5.92651803, -0.78539102, -0.6899356 ]), array([ 5.54670217, -0.72253953, -0.66042309]), array([ 5.14162709, -0.67090651, -0.62572917])]
0.0051778278195732
[ 1.322247  3.587304  1.356263  9.195179 18.399479  0.486958 34.34743 ]
[INFO] [1774442222.218203083] [mpc_node]: Logging State [ 4.20571612 -1.34427471 -1.87603866  1.72736991 -0.21951692  0.10268637]
REF: [[ 4.20571612  4.8284946   4.83920197  4.84490775  4.84677739  4.84393996
   4.84106018  4.84512124  4.85242095  4.85570652  4.85319472  4.84563279
   4.83589676  4.82804703  4.8256563   4.82868076  4.83548499  4.84433684
   4.85684202  4.87467488  4.89067829]
 [-1.34427471 -1.36130381 -1.38432063 -1.40573581 -1.43108513 -1.45679755
  -1.48138544 -1.50554178 -1.52988686 -1.55485085 -1.57958028 -1.60350532
  -1.62677861 -1.65031856 -1.67523536 -1.70056912 -1.72399464 -1.74604213
  -1.77230917 -1.80678795 -1.84039593]]
DEBUG STATE: [ 4.20571612 -1.34427471 -1.87603866  1.72736991 -0.21951692  0.10268637
  0.10355656  0.34      ]
DEBUG PARAMS NODE 0: [15.         15.          1.          1.         25.         25.
  0.          0.          0.72730261  0.          0.          0.
  4.20571612 -1.34427471  0.          0.          0.          0.
  0.          0.        ]

iter	qp_stat	qp_iter
0	0	0
1	0	25


PREDICTED STATES: [array([ 4.20571612, -1.34427471, -1.87603866]), array([ 4.18234437, -1.42471625, -1.84525238]), array([ 4.17610445, -1.50665294, -1.76150085]), array([ 4.17745761, -1.58927567, -1.67532193]), array([ 4.18566329, -1.67218947, -1.58835788]), array([ 4.20058988, -1.75506765, -1.50036871]), array([ 4.22269703, -1.83728543, -1.40818324]), array([ 4.2498689 , -1.91941082, -1.32804101]), array([ 4.27273474, -2.00616104, -1.28816197]), array([ 4.21251146, -1.92957537, -1.27569149]), array([ 4.20316476, -1.94861416, -1.24796049]), array([ 4.19480445, -1.97624252, -1.13097055]), array([ 4.1918874 , -2.01183709, -0.93619689]), array([ 4.21447405, -2.02431516, -0.73968207]), array([ 4.27047036, -2.00858503, -0.5446196 ]), array([ 4.36264132, -1.96083055, -0.36276278]), array([ 4.49335242, -1.87634972, -0.19139202]), array([ 4.6636733 , -1.75042389, -0.02807201]), array([ 4.8736772 , -1.57818239,  0.1285722 ]), array([ 5.12230178, -1.35447665,  0.2802647 ]), array([ 5.40722778, -1.07376939,  0.42875778])]
0.011821461443135351
[ 1.158497  2.630797  1.10032   3.780558  5.832137  0.458029 14.960338]
[INFO] [1774442222.257429183] [mpc_node]: Logging State [ 4.18420504 -1.41073399 -1.83681966  1.70096385 -0.17818961  0.48529094]
REF: [[ 4.18420504  4.82783146  4.83898952  4.8447854   4.84679317  4.84406295
   4.84106854  4.84491233  4.85224524  4.85568913  4.85335213  4.84590091
   4.83617757  4.82820771  4.82564506  4.82852607  4.83525518  4.84404302
   4.85639758  4.87412537  4.89031046]
 [-1.41073399 -1.36017076 -1.3837328  -1.40504787 -1.43031822 -1.45606593
  -1.48067376 -1.50483558 -1.52916337 -1.55411782 -1.57886763 -1.60281535
  -1.62609996 -1.64961098 -1.67448937 -1.69984336 -1.72334706 -1.74537378
  -1.77142741 -1.80571855 -1.83952759]]
DEBUG STATE: [ 4.18420504 -1.41073399 -1.83681966  1.70096385 -0.17818961  0.48529094
  0.23642923  0.34      ]
DEBUG PARAMS NODE 0: [15.         15.          1.          1.         25.         25.
  0.          0.          0.72730261  0.          0.          0.
  4.18420504 -1.41073399  0.          0.          0.          0.
  0.          0.        ]

iter	qp_stat	qp_iter
0	0	0
1	0	22


PREDICTED STATES: [array([ 4.18420504, -1.41073399, -1.83681966]), array([ 4.16662247, -1.49121951, -1.79323908]), array([ 4.16524746, -1.57134825, -1.71022458]), array([ 4.17095903, -1.64934979, -1.62829584]), array([ 4.18274897, -1.72378458, -1.54916801]), array([ 4.19964003, -1.79344459, -1.47369168]), array([ 4.22036323, -1.85744447, -1.40261156]), array([ 4.24376372, -1.91516969, -1.33337309]), array([ 4.2708195 , -1.966006  , -1.25732695]), array([ 4.30266438, -2.00883205, -1.1780887 ]), array([ 4.32753016, -2.04523266, -1.10505264]), array([ 4.35176615, -2.07406835, -1.03008055]), array([ 4.37065749, -2.09764571, -0.95176029]), array([ 4.38153183, -2.12004168, -0.9623189 ]), array([ 4.38901007, -2.1371302 , -0.96482981]), array([ 4.38863558, -2.15869199, -0.99062771]), array([ 4.37858436, -2.20117289, -1.09372537]), array([ 4.36961165, -2.26234561, -1.20501539]), array([ 4.3706387 , -2.32556459, -1.22273216]), array([ 4.38170217, -2.39476227, -1.21238342]), array([ 4.40470531, -2.47138456, -1.18505679])]
-0.021652017468728243
[ 1.37188   5.830153  0.926043 11.308297  6.168339  0.540304 26.145016]
[INFO] [1774442222.296300585] [mpc_node]: Logging State [ 4.13872677 -1.48540733 -1.86990868  1.83463253 -0.26228668 -0.11808624]
REF: [[ 4.13872677  4.83108781  4.84024871  4.84548274  4.84662849  4.84331349
   4.84113303  4.84622987  4.85325254  4.85571668  4.85232097  4.84423142
   4.83448752  4.82730912  4.82578683  4.82952414  4.83668657  4.84589244
   4.85920168  4.87743749  4.89245686]
 [-1.48540733 -1.36598092 -1.38734943 -1.40932867 -1.4350122  -1.46052795
  -1.48502216 -1.50915893 -1.533601   -1.55859896 -1.58321671 -1.60702725
  -1.63025612 -1.65396453 -1.67906256 -1.7042589  -1.72729371 -1.74952912
  -1.77695116 -1.81220867 -1.84470699]]
DEBUG STATE: [ 4.13872677 -1.48540733 -1.86990868  1.83463253 -0.26228668 -0.11808624
 -0.43304035  0.34      ]
DEBUG PARAMS NODE 0: [15.         15.          1.          1.         25.         25.
  0.          0.          0.72730261  0.          0.          0.
  4.13872677 -1.48540733  0.          0.          0.          0.
  0.          0.        ]

iter	qp_stat	qp_iter
0	0	0
1	0	23


PREDICTED STATES: [array([ 4.13872677, -1.48540733, -1.86990868]), array([ 4.11240004, -1.56990368, -1.84850573]), array([ 4.10558548, -1.65424493, -1.76349318]), array([ 4.1072599 , -1.73679528, -1.67710163]), array([ 4.11580186, -1.81653751, -1.59307882]), array([ 4.13049753, -1.89261504, -1.51179784]), array([ 4.15051671, -1.96435695, -1.43356514]), array([ 4.17495337, -2.03128316, -1.35863298]), array([ 4.20289693, -2.09309365, -1.28720422]), array([ 4.23341214, -2.1496841 , -1.22018798]), array([ 4.26534622, -2.20140848, -1.1606945 ]), array([ 4.29607937, -2.25099072, -1.12323793]), array([ 4.32523627, -2.30005636, -1.11359574]), array([ 4.36165203, -2.34133385, -1.17186877]), array([ 4.39380927, -2.38121285, -1.1252316 ]), array([ 4.42636906, -2.41681779, -1.06915322]), array([ 4.4546724 , -2.44944902, -1.0125268 ]), array([ 4.4772509 , -2.48204563, -0.95454968]), array([ 4.49489854, -2.51023728, -0.89506369]), array([ 4.50942074, -2.5330601 , -0.83410566]), array([ 4.5221124 , -2.55084441, -0.77182972])]
-0.038080328721149144
[ 1.135969  3.289984  0.821911  7.727361  6.015311  0.353514 19.34405 ]
[INFO] [1774442222.328182311] [mpc_node]: Logging State [ 4.11294625 -1.54863011 -1.89361437  1.99722982 -0.25024636 -0.43294578]
REF: [[ 4.11294625  4.83469566  4.84218457  4.84635898  4.84597685  4.84214019
   4.84194872  4.84859935  4.85459189  4.85531654  4.85021054  4.84124679
   4.83180248  4.82622838  4.8264247   4.83148288  4.83927553  4.84939643
   4.86447228  4.88276738  4.89563137]
 [-1.54863011 -1.37328312 -1.39369693 -1.41699384 -1.44301028 -1.46810627
  -1.49244031 -1.51658519 -1.54124677 -1.56623633 -1.59060187 -1.61418611
  -1.63740796 -1.66153667 -1.68690049 -1.71163905 -1.73400364 -1.75710924
  -1.78715036 -1.82297803 -1.85297892]]
DEBUG STATE: [ 4.11294625 -1.54863011 -1.89361437  1.99722982 -0.25024636 -0.43294578
 -0.76160657  0.34      ]
DEBUG PARAMS NODE 0: [15.         15.          1.          1.         25.         25.
  0.          0.          0.72730261  0.          0.          0.
  4.11294625 -1.54863011  0.          0.          0.          0.
  0.          0.        ]

iter	qp_stat	qp_iter
0	0	0
1	0	23


PREDICTED STATES: [array([ 4.11294625, -1.54863011, -1.89361437]), array([ 4.08190819, -1.63987348, -1.87624658]), array([ 4.07115273, -1.73083148, -1.78727094]), array([ 4.07080592, -1.81988019, -1.6941054 ]), array([ 4.07846155, -1.90586134, -1.60367309]), array([ 4.09325824, -1.98786058, -1.51629002]), array([ 4.11424924, -2.06516645, -1.43220157]), array([ 4.14043476, -2.13726695, -1.35160822]), array([ 4.17080381, -2.20383659, -1.27467171]), array([ 4.20436793, -2.26471739, -1.20152098]), array([ 4.24018385, -2.31989928, -1.13226065]), array([ 4.27739461, -2.36949331, -1.06681761]), array([ 4.31532143, -2.41369032, -1.00478553]), array([ 4.35395458, -2.45249334, -0.94389631]), array([ 4.39257371, -2.48725523, -0.88878752]), array([ 4.42973762, -2.51749002, -0.83989956]), array([ 4.46506613, -2.54345939, -0.79537697]), array([ 4.49786471, -2.56576451, -0.75551251]), array([ 4.52771152, -2.58490392, -0.72035624]), array([ 4.55470239, -2.60091349, -0.68962179]), array([ 4.57849809, -2.61433343, -0.66376108])]
-0.05202846721305825
[ 1.945433  3.230397  0.829817  4.431936  4.974289  0.407532 15.819404]
[INFO] [1774442222.360049669] [mpc_node]: Logging State [ 4.10463262 -1.57981415 -1.88840449  1.6584628  -0.1870812  -0.15354175]
REF: [[ 4.10463262  4.82674431  4.83868495  4.84460742  4.84680801  4.84423607
   4.841092    4.84462259  4.85198984  4.85565611  4.85356669  4.84627603
   4.83657663  4.82844374  4.8256372   4.82831356  4.83493343  4.84363327
   4.85577907  4.87334571  4.88977957]
 [-1.57981415 -1.35836182 -1.38290441 -1.4040847  -1.42923591 -1.45503107
  -1.47966816 -1.50383858 -1.52814309 -1.55308246 -1.57786011 -1.60184004
  -1.62514197 -1.64861454 -1.67343729 -1.69881618 -1.7224305  -1.74443625
  -1.77019588 -1.80420538 -1.83828703]]
DEBUG STATE: [ 4.10463262 -1.57981415 -1.88840449  1.6584628  -0.1870812  -0.15354175
 -1.04056934  0.34      ]
DEBUG PARAMS NODE 0: [15.         15.          1.          1.         25.         25.
  0.          0.          0.72730261  0.          0.          0.
  4.10463262 -1.57981415  0.          0.          0.          0.
  0.          0.        ]

iter	qp_stat	qp_iter
0	0	0
1	0	23


PREDICTED STATES: [array([ 4.10463262, -1.57981415, -1.88840449]), array([ 4.08236374, -1.65589474, -1.85921787]), array([ 4.07691175, -1.73118587, -1.77810774]), array([ 4.07724223, -1.8044912 , -1.70102468]), array([ 4.08271552, -1.87530814, -1.62635354]), array([ 4.09283807, -1.94325918, -1.5541369 ]), array([ 4.10708453, -2.00804991, -1.4844354 ]), array([ 4.12493587, -2.06945767, -1.41729248]), array([ 4.14588496, -2.12732228, -1.3527378 ]), array([ 4.16943999, -2.1815384 , -1.29079044]), array([ 4.19512696, -2.23204938, -1.23146148]), array([ 4.22249165, -2.27884197, -1.17475626]), array([ 4.25110137, -2.32194326, -1.12067625]), array([ 4.28054752, -2.36141871, -1.06922005]), array([ 4.31045323, -2.3973793 , -1.02038526]), array([ 4.34046272, -2.42992323, -0.97414949]), array([ 4.37024392, -2.45917925, -0.93090259]), array([ 4.39948473, -2.48531811, -0.89062189]), array([ 4.42790271, -2.50852656, -0.85331181]), array([ 4.45524725, -2.52900545, -0.81915757]), array([ 4.48128599, -2.54697542, -0.78781016])]
-0.05702371473607148
[ 2.06678   7.671519  1.013982  3.125691 15.134903  0.560465 29.57334 ]
[INFO] [1774442222.419202588] [mpc_node]: Logging State [ 4.10700774 -1.63736683 -1.87255755  1.58527632 -0.04057414  0.11556759]
REF: [[ 4.10700774  4.82645638  4.83155764  4.83937111  4.84953062  4.86467074
   4.88294823  4.89573462  4.9027525   4.90655129  4.90809082  4.90868633
   4.91132706  4.91612173  4.9236179   4.93197936  4.943274    4.95909586
   4.96601238  4.97065601  4.97457977]
 [-1.63736683 -1.68717937 -1.71189725 -1.73424289 -1.75739298 -1.78753158
  -1.82335343 -1.85326326 -1.87652091 -1.89858626 -1.92730439 -1.96726431
  -1.99440801 -2.01760308 -2.04139897 -2.06309685 -2.09050022 -2.1327458
  -2.15776741 -2.1800201  -2.20501018]]
DEBUG STATE: [ 4.10700774 -1.63736683 -1.87255755  1.58527632 -0.04057414  0.11556759
 -1.14047429  0.34      ]
DEBUG PARAMS NODE 0: [15.         15.          1.          1.         25.         25.
  0.          0.          0.72730261  0.          0.          0.
  4.10700774 -1.63736683  0.          0.          0.          0.
  0.          0.        ]

iter	qp_stat	qp_iter
0	0	0
1	0	23


PREDICTED STATES: [array([ 4.10700774, -1.63736683, -1.87255755]), array([ 4.09231476, -1.71204229, -1.82183308]), array([ 4.08926775, -1.78542607, -1.74471608]), array([ 4.09179019, -1.85687853, -1.6697142 ]), array([ 4.09941397, -1.92610319, -1.59663487]), array([ 4.11170356, -1.99283541, -1.52541232]), array([ 4.12823339, -2.05685938, -1.45598859]), array([ 4.14858832, -2.11800271, -1.38831348]), array([ 4.17236427, -2.17613264, -1.32234417]), array([ 4.19916874, -2.23115312, -1.25804478]), array([ 4.22862157, -2.28300234, -1.19538573]), array([ 4.26035581, -2.33165065, -1.13434312]), array([ 4.29401882, -2.37709861, -1.07489805]), array([ 4.32927333, -2.41937503, -1.01703612]), array([ 4.36579862, -2.45853508, -0.96074794]), array([ 4.4032917 , -2.49465814, -0.90604151]), array([ 4.44150551, -2.52782451, -0.85375536]), array([ 4.48006785, -2.55822205, -0.80151525]), array([ 4.51880361, -2.58594404, -0.7511246 ]), array([ 4.55747961, -2.61115295, -0.70309827]), array([ 4.59585809, -2.63405226, -0.65840671])]
-0.05479687582206956
[ 1.225796  3.856208  3.143675  7.619518 11.069249  0.350987 27.265433]
[INFO] [1774442222.449740787] [mpc_node]: Logging State [ 4.11643374 -1.68316268 -1.88480426  1.44150054  0.09836547 -0.10213158]
REF: [[ 4.11643374  4.85039092  4.86593414  4.88406974  4.89636998  4.90310035
   4.90672474  4.90812359  4.9088195   4.91158605  4.91658248  4.92419608
   4.93263381  4.94431342  4.96003677  4.96644214  4.97102316  4.97486702
   4.97793885  4.98101311  4.98480603]
 [-1.68316268 -1.75920198 -1.78995611 -1.82569999 -1.85503798 -1.87801014
  -1.90024579 -1.92975999 -1.96992727 -1.99605836 -2.01932666 -2.04299701
  -2.06471119 -2.0930362  -2.13574889 -2.15959545 -2.1820623  -2.20717421
  -2.23458678 -2.27570236 -2.32218036]]
DEBUG STATE: [ 4.11643374 -1.68316268 -1.88480426  1.44150054  0.09836547 -0.10213158
 -1.09593752  0.34      ]
DEBUG PARAMS NODE 0: [15.         15.          1.          1.         25.         25.
  0.          0.          0.72730261  0.          0.          0.
  4.11643374 -1.68316268  0.          0.          0.          0.
  0.          0.        ]

iter	qp_stat	qp_iter
0	0	0
1	0	25


PREDICTED STATES: [array([ 4.11643374, -1.68316268, -1.88480426]), array([ 4.10566776, -1.75226038, -1.8264388 ]), array([ 4.1023755 , -1.82010518, -1.75511703]), array([ 4.1038405 , -1.88648514, -1.68540396]), array([ 4.10975855, -1.95126622, -1.61711007]), array([ 4.11986302, -2.01432302, -1.5500722 ]), array([ 4.13391193, -2.0755331 , -1.48415318]), array([ 4.15168015, -2.13477475, -1.41923921]), array([ 4.17295274, -2.19192663, -1.3552374 ]), array([ 4.1975198 , -2.24686874, -1.29207324]), array([ 4.22517265, -2.2994844 , -1.22968809]), array([ 4.25570126, -2.3496626 , -1.16803688]), array([ 4.28889292, -2.39730062, -1.10708584]), array([ 4.32453187, -2.44230649, -1.04681041]), array([ 4.36239975, -2.48460122, -0.9871933 ]), array([ 4.40227669, -2.52412063, -0.92822243]), array([ 4.44394287, -2.56081648, -0.86988346]), array([ 4.48717975, -2.59465978, -0.81226773]), array([ 4.53177211, -2.62562983, -0.75494689]), array([ 4.57751975, -2.65372142, -0.69818471]), array([ 4.62421341, -2.67896119, -0.64188006])]
-0.048029010519042355
[ 1.329895  3.917297  0.742934  5.587106  6.060816  0.373579 18.011627]
[INFO] [1774442222.480995200] [mpc_node]: Logging State [ 4.1206437  -1.73533514 -1.88104887  1.32989362  0.1727867  -0.01412279]
[INFO] [1774442222.493428777] [mpc_node]: Logging State [ 4.11956159 -1.77171552 -1.88889833  1.37886978  0.22273901 -0.16008788]
REF: [[ 4.11956159  4.84904877  4.86395652  4.88229122  4.89535837  4.90254691
   4.90644731  4.90806844  4.90861797  4.91118702  4.9158714   4.92329425
   4.93161817  4.94270454  4.95852983  4.96578635  4.97046452  4.97442847
   4.97755789  4.9806074   4.98442262]
 [-1.77171552 -1.75637206 -1.78615902 -1.82199334 -1.85223233 -1.87566553
  -1.8976495  -1.9259269  -1.96568643 -1.99348246 -2.01664286 -2.04049494
  -2.0622026  -2.08911599 -2.13098632 -2.15682167 -2.17897463 -2.20389256
  -2.23066642 -2.26917768 -2.3188611 ]]
DEBUG STATE: [ 4.11956159 -1.77171552 -1.88889833  1.37886978  0.22273901 -0.16008788
 -0.96058021  0.34      ]
DEBUG PARAMS NODE 0: [15.         15.          1.          1.         25.         25.
  0.          0.          0.72730261  0.          0.          0.
  4.11956159 -1.77171552  0.          0.          0.          0.
  0.          0.        ]

iter	qp_stat	qp_iter
0	0	0
1	0	25


PREDICTED STATES: [array([ 4.11956159, -1.77171552, -1.88889833]), array([ 4.11116199, -1.83922254, -1.8275176 ]), array([ 4.10787733, -1.90544488, -1.75789422]), array([ 4.1091524 , -1.97028614, -1.68978765]), array([ 4.11469646, -2.03357052, -1.62307037]), array([ 4.12423731, -2.09514273, -1.55763019]), array([ 4.13751778, -2.15486362, -1.4933704 ]), array([ 4.15429272, -2.21260716, -1.43020887]), array([ 4.17432622, -2.26825859, -1.36807696]), array([ 4.19738927, -2.32171346, -1.30691837]), array([ 4.22325785, -2.37287734, -1.24668784]), array([ 4.25171156, -2.42166605, -1.18734982]), array([ 4.28253281, -2.46800612, -1.12887713]), array([ 4.31550645, -2.51183546, -1.07124964]), array([ 4.35041987, -2.55310397, -1.01445295]), array([ 4.38706346, -2.59177413, -0.95847719]), array([ 4.42523138, -2.62782132, -0.90331584]), array([ 4.46472241, -2.66123395, -0.84896445]), array([ 4.50534107, -2.6920132 , -0.79542519]), array([ 4.54689838, -2.72017285, -0.74267741]), array([ 4.58921293, -2.74573938, -0.69073396])]
-0.043746182003886774
[ 1.286949  3.951443  0.748182  6.173875  6.139602  0.371275 18.671326]
[INFO] [1774442222.529171831] [mpc_node]: Logging State [ 4.12147917 -1.79640147 -1.8971523   1.15250162  0.24058847 -0.21095046]
REF: [[ 4.12147917  4.84435022  4.85686228  4.87469971  4.89069479  4.900012
   4.90510334  4.90763253  4.90824066  4.90995277  4.91364856  4.92006985
   4.92813376  4.93753509  4.95197424  4.96391352  4.96894412  4.97317902
   4.9765359   4.97954046  4.9830115 ]
 [-1.79640147 -1.74607249 -1.7723493  -1.80683633 -1.84043505 -1.8662521
  -1.88805801 -1.91248366 -1.94787987 -1.98391032 -2.00716748 -2.03102371
  -2.05342298 -2.076631   -2.11241226 -2.14936824 -2.1711109  -2.19519704
  -2.22097237 -2.25352082 -2.30444269]]
DEBUG STATE: [ 4.12147917 -1.79640147 -1.8971523   1.15250162  0.24058847 -0.21095046
 -0.87492364  0.34      ]
DEBUG PARAMS NODE 0: [15.         15.          1.          1.         25.         25.
  0.          0.          0.72730261  0.          0.          0.
  4.12147917 -1.79640147  0.          0.          0.          0.
  0.          0.        ]

iter	qp_stat	qp_iter
0	0	0
1	0	24


PREDICTED STATES: [array([ 4.12147917, -1.79640147, -1.8971523 ]), array([ 4.11457029, -1.85325782, -1.84465421]), array([ 4.11050592, -1.90897477, -1.78592335]), array([ 4.10961228, -1.96375659, -1.72834587]), array([ 4.11172474, -2.01762655, -1.6717284 ]), array([ 4.11672239, -2.07059462, -1.61589698]), array([ 4.12451243, -2.12265351, -1.56070359]), array([ 4.13502187, -2.17377701, -1.50602421]), array([ 4.14819043, -2.22391981, -1.45175663]), array([ 4.16396432, -2.27301866, -1.39781824]), array([ 4.18229116, -2.32099432, -1.34414372]), array([ 4.20311595, -2.36775422, -1.29068276]), array([ 4.22637806, -2.41319551, -1.23739775]), array([ 4.25200913, -2.45720819, -1.18426161]), array([ 4.27993186, -2.49967832, -1.13125574]), array([ 4.3100595 , -2.540491  , -1.07836808]), array([ 4.342296  , -2.57953309, -1.02559133]), array([ 4.37653658, -2.61669552, -0.97292152]), array([ 4.41266864, -2.65187519, -0.92035669]), array([ 4.45057282, -2.68497636, -0.86789597]), array([ 4.49012414, -2.71591174, -0.81553902])]
-0.036735627330369836
[ 1.311847  3.000727  0.780086  3.859025 15.03346   0.39598  24.381125]
[INFO] [1774442222.566806365] [mpc_node]: Logging State [ 4.11819416 -1.81496956 -1.90174399  0.9365824   0.20923061 -0.17595945]
REF: [[ 4.11819416  4.84013162  4.85061008  4.86625329  4.88434518  4.89652482
   4.90318526  4.90676655  4.90813064  4.90885531  4.91165367  4.91670223
   4.924343    4.93280217  4.94458195  4.96026002  4.96655516  4.97112026
   4.97494248  4.97800586  4.98108587]
 [-1.81496956 -1.73612807 -1.75966011 -1.79056811 -1.82628146 -1.85547727
  -1.87838227 -1.90066627 -1.93038463 -1.9705721  -1.99647716 -2.01976598
  -2.0433998  -2.06512533 -2.09369363 -2.136477   -2.16008288 -2.18261096
  -2.20775207 -2.23529609 -2.27688022]]
DEBUG STATE: [ 4.11819416 -1.81496956 -1.90174399  0.9365824   0.20923061 -0.17595945
 -0.73471255  0.34      ]
DEBUG PARAMS NODE 0: [15.         15.          1.          1.         25.         25.
  0.          0.          0.72730261  0.          0.          0.
  4.11819416 -1.81496956  0.          0.          0.          0.
  0.          0.        ]

iter	qp_stat	qp_iter
0	0	0
1	0	24


PREDICTED STATES: [array([ 4.11819416, -1.81496956, -1.90174399]), array([ 4.11236646, -1.86124906, -1.85777671]), array([ 4.10830929, -1.90661485, -1.80993443]), array([ 4.10634448, -1.95134   , -1.76284661]), array([ 4.10637749, -1.99554753, -1.71638077]), array([ 4.10835324, -2.03933656, -1.67034519]), array([ 4.11224476, -2.08278101, -1.62457639]), array([ 4.1180464 , -2.12592885, -1.5789373 ]), array([ 4.12576773, -2.16880227, -1.53331492]), array([ 4.1354283 , -2.21139876, -1.4876179 ]), array([ 4.14705301, -2.25369276, -1.44177407]), array([ 4.16066827, -2.29563782, -1.39572795]), array([ 4.17629883, -2.3371691 , -1.34943819]), array([ 4.19396524, -2.37820603, -1.30287526]), array([ 4.21368196, -2.41865505, -1.2560191 ]), array([ 4.23545605, -2.45841229, -1.20885703]), array([ 4.2592863 , -2.49736613, -1.16138175]), array([ 4.28516288, -2.53539947, -1.1135897 ]), array([ 4.31306718, -2.57239173, -1.06547958]), array([ 4.34297192, -2.60822045, -1.01705128]), array([ 4.37484129, -2.64276253, -0.96830513])]
-0.029015543880498935
[ 1.301606  2.771728  0.740374  3.494277 17.828294  0.378283 26.514562]
[INFO] [1774442222.608716607] [mpc_node]: Logging State [ 4.09443424 -1.84235761 -1.86992456  0.88542932  0.10330361  0.25363203]
REF: [[ 4.09443424  4.83917551  4.84925638  4.86426478  4.8825769   4.89552236
   4.90263649  4.90649274  4.90807846  4.90864682  4.9112469   4.91597853
   4.92343364  4.9317733   4.94294868  4.9587768   4.96588228  4.97054565
   4.97449271  4.97761282  4.98066529]
 [-1.84235761 -1.73375269 -1.75681264 -1.78675164 -1.82258347 -1.8526799
  -1.87603605 -1.89805383 -1.92652057 -1.96637355 -1.99388124 -2.01705595
  -2.04088515 -2.06258699 -2.08970906 -2.13174994 -2.15722179 -2.17941593
  -2.20436523 -2.23122045 -2.27009891]]
DEBUG STATE: [ 4.09443424 -1.84235761 -1.86992456  0.88542932  0.10330361  0.25363203
 -0.58031088  0.34      ]
DEBUG PARAMS NODE 0: [15.         15.          1.          1.         25.         25.
  0.          0.          0.72730261  0.          0.          0.
  4.09443424 -1.84235761  0.          0.          0.          0.
  0.          0.        ]

iter	qp_stat	qp_iter
0	0	0
1	0	26


PREDICTED STATES: [array([ 4.09443424, -1.84235761, -1.86992456]), array([ 4.08946916, -1.88634858, -1.82599355]), array([ 4.08500918, -1.93341603, -1.78700895]), array([ 4.08141272, -1.98502925, -1.74568297]), array([ 4.08270292, -2.04140229, -1.68676791]), array([ 4.08752888, -2.10264668, -1.62254982]), array([ 4.09653967, -2.16867909, -1.55290774]), array([ 4.11042877, -2.23932482, -1.47771169]), array([ 4.1298922 , -2.31431951, -1.39685638]), array([ 4.1556215 , -2.39330949, -1.31025936]), array([ 4.18829607, -2.47585257, -1.21786695]), array([ 4.22857567, -2.5614198 , -1.11970943]), array([ 4.27709697, -2.6493995 , -1.01619905]), array([ 4.33448548, -2.73910601, -0.90927928]), array([ 4.40140146, -2.82979393, -0.80540918]), array([ 4.47860949, -2.92066438, -0.71971512]), array([ 4.56695038, -3.01082949, -0.6745984 ]), array([ 4.66701414, -3.09923116, -0.68201521]), array([ 4.77859063, -3.18461937, -0.71422024]), array([ 4.90054361, -3.26571552, -0.69825795]), array([ 5.0316473 , -3.34144563, -0.56250359])]
0.09707979361535826
[ 1.30839   3.543047  0.955963  3.50695   6.015215  0.34753  15.677095]
[INFO] [1774442222.637886862] [mpc_node]: Logging State [ 4.06058977 -1.82937406 -1.94970589  0.53379706 -0.20294958 -1.32331213]
REF: [[ 4.06058977  4.83317901  4.84142034  4.85248059  4.86892456  4.88653629
   4.89774272  4.9038548   4.90708797  4.90817444  4.90917933  4.91224937
   4.91774442  4.92557422  4.9342512   4.94689754  4.96185526  4.9674815
   4.97192095  4.97555993  4.97857239]
 [-1.82937406 -1.71719652 -1.73925233 -1.76352891 -1.79568936 -1.83098936
  -1.85903455 -1.88145278 -1.90422755 -1.93569585 -1.9755009  -1.99997727
  -2.02345705 -2.04672782 -2.0686724  -2.09941148 -2.14186795 -2.16418831
  -2.18728005 -2.21263566 -2.24155187]]
DEBUG STATE: [ 4.06058977 -1.82937406 -1.94970589  0.53379706 -0.20294958 -1.32331213
  1.94159587  0.34      ]
DEBUG PARAMS NODE 0: [15.         15.          1.          1.         25.         25.
  0.          0.          0.72730261  0.          0.          0.
  4.06058977 -1.82937406  0.          0.          0.          0.
  0.          0.        ]

iter	qp_stat	qp_iter
0	0	0
1	2	50


PREDICTED STATES: [array([ 4.06058977, -1.82937406, -1.94970589]), array([ 4.04718163, -1.8544814 , -1.96262252]), array([ 4.03525127, -1.89220427, -1.93773751]), array([ 4.02364452, -1.94631693, -1.89745991]), array([ 4.00773239, -2.02061117, -1.87106069]), array([ 3.99015434, -2.11571641, -1.8509648 ]), array([ 3.97418111, -2.23199125, -1.83007584]), array([ 3.9648524 , -2.3689515 , -1.79460903]), array([ 3.97113958, -2.52377868, -1.71591469]), array([ 4.00396281, -2.69085793, -1.56933248]), array([ 4.07214003, -2.86243604, -1.34848068]), array([ 4.18324112, -3.02604698, -1.04899526]), array([ 4.34161843, -3.16381412, -0.66868987]), array([ 4.54591346, -3.25271467, -0.20537918]), array([ 4.78352825, -3.26868993,  0.35198751]), array([ 5.03440597, -3.21304604,  0.95484054]), array([ 5.2799389 , -3.13910277,  1.51427301]), array([ 5.46844122, -3.15156592,  1.73693159]), array([ 5.74989453, -3.13887167,  1.94804945]), array([ 5.15600039, -3.33897995,  2.09602883]), array([ 6.52508048, -3.38245161,  2.24644066])]
0.31371837588691537
[ 1.396329  2.949749  0.758742  3.888945 14.08569   0.403468 23.482923]
[INFO] [1774442222.686054054] [mpc_node]: Logging State [ 4.04591071 -1.80865355 -1.95429089  0.18977257 -0.29382718 -0.7757401 ]
[INFO] [1774442222.700218466] [mpc_node]: Logging State [ 4.03601998 -1.78218179 -1.9967599  -0.13937384 -0.36847003 -1.10433768]
REF: [[ 4.03601998  4.82779865  4.8341185   4.84260221  4.85423169  4.87132365
   4.88834882  4.89873622  4.90440239  4.90733737  4.90819987  4.90949357
   4.91281886  4.91871432  4.92666318  4.93559857  4.94902773  4.96289969
   4.96819046  4.97253415  4.97603231]
 [-1.78218179 -1.69615533 -1.7200527  -1.74204732 -1.76709049 -1.80029956
  -1.83501227 -1.86208794 -1.88417978 -1.90753386 -1.94062217 -1.97929935
  -2.00305456 -2.02671023 -2.04960889 -2.07194805 -2.10477202 -2.14559124
  -2.16747221 -2.19104384 -2.2165706 ]]
DEBUG STATE: [ 4.03601998 -1.78218179 -1.9967599  -0.13937384 -0.36847003 -1.10433768
  6.27436752  0.1242115 ]
DEBUG PARAMS NODE 0: [15.         15.          1.          1.         25.         25.
  0.          0.          0.72730261  0.          0.          0.
  4.03601998 -1.78218179  0.          0.          0.          0.
  0.          0.        ]

iter	qp_stat	qp_iter
0	0	0
1	0	16


PREDICTED STATES: [array([ 4.03601998, -1.78218179, -1.9967599 ]), array([ 4.01977504, -1.77333873, -2.05199509]), array([ 4.01366574, -1.78091231, -2.04880132]), array([ 4.00557436, -1.79879089, -2.01799157]), array([ 3.9989048 , -1.8276959 , -1.95338989]), array([ 3.99674386, -1.87021396, -1.85828113]), array([ 4.00167342, -1.92871023, -1.74546706]), array([ 4.01866162, -2.00421254, -1.61845955]), array([ 4.05413785, -2.09195382, -1.4824323 ]), array([ 4.10674572, -2.18146165, -1.35206873]), array([ 4.17794033, -2.26730535, -1.19643181]), array([ 4.27069803, -2.34395007, -0.98862465]), array([ 4.38387978, -2.40590613, -0.72581461]), array([ 4.51679072, -2.44784328, -0.40957894]), array([ 4.67104503, -2.45860179, -0.0427822 ]), array([ 4.84078486, -2.41264173,  0.3707465 ]), array([ 4.98055259, -2.30896263,  0.82999545]), array([ 5.08579999, -2.22857884,  1.32771651]), array([ 5.11023212, -2.1759768 ,  1.84813456]), array([ 5.13514876, -2.11296032,  2.37248666]), array([ 5.07046002, -2.09282316,  2.87565183])]
0.3013725675568486
[ 1.2489   11.289128  0.827352 11.880474 12.94636   0.398571 38.590785]
REF: [[ 4.03601998  4.82779865  4.8341185   4.84260221  4.85423169  4.87132365
   4.88834882  4.89873622  4.90440239  4.90733737  4.90819987  4.90949357
   4.91281886  4.91871432  4.92666318  4.93559857  4.94902773  4.96289969
   4.96819046  4.97253415  4.97603231]
 [-1.78218179 -1.69615533 -1.7200527  -1.74204732 -1.76709049 -1.80029956
  -1.83501227 -1.86208794 -1.88417978 -1.90753386 -1.94062217 -1.97929935
  -2.00305456 -2.02671023 -2.04960889 -2.07194805 -2.10477202 -2.14559124
  -2.16747221 -2.19104384 -2.2165706 ]]
DEBUG STATE: [ 4.03601998 -1.78218179 -1.9967599  -0.13937384 -0.36847003 -1.10433768
  6.02745135  0.2842115 ]
DEBUG PARAMS NODE 0: [15.         15.          1.          1.         25.         25.
  0.          0.          0.72730261  0.          0.          0.
  4.03601998 -1.78218179  0.          0.          0.          0.
  0.          0.        ]

iter	qp_stat	qp_iter
0	0	0
1	0	30


PREDICTED STATES: [array([ 4.03601998, -1.78218179, -1.9967599 ]), array([ 4.01983936, -1.77320973, -2.0520409 ]), array([ 3.99838037, -1.77387082, -2.10711979]), array([ 3.97633362, -1.78639015, -2.13214103]), array([ 3.96466163, -1.81268697, -2.10782091]), array([ 3.95001851, -1.84999864, -2.07216151]), array([ 3.93224164, -1.89917053, -2.02743106]), array([ 3.91286933, -1.96137581, -1.97208927]), array([ 3.89440932, -2.0378857 , -1.90484309]), array([ 3.88153274, -2.12891831, -1.82220514]), array([ 3.87733385, -2.23485631, -1.72919978]), array([ 3.88404819, -2.35905202, -1.63674307]), array([ 3.90820963, -2.5078999 , -1.55431607]), array([ 3.96410444, -2.68459924, -1.46973651]), array([ 4.07272966, -2.88040701, -1.38130907]), array([ 4.24878906, -3.06652573, -1.31059134]), array([ 4.48768776, -3.19996752, -1.31320337]), array([ 4.76235141, -3.24507886, -1.41360154]), array([ 5.00925373, -3.16417142, -1.56046274]), array([ 5.08048929, -2.9833118 , -1.4464667 ]), array([ 5.03576556, -2.94023614, -1.87449862])]
0.30226282816534167
[ 2.465288  8.714589  0.769975  6.75642  15.238331  2.445415 36.390018]
REF: [[ 4.03601998  4.82779865  4.8341185   4.84260221  4.85423169  4.87132365
   4.88834882  4.89873622  4.90440239  4.90733737  4.90819987  4.90949357
   4.91281886  4.91871432  4.92666318  4.93559857  4.94902773  4.96289969
   4.96819046  4.97253415  4.97603231]
 [-1.78218179 -1.69615533 -1.7200527  -1.74204732 -1.76709049 -1.80029956
  -1.83501227 -1.86208794 -1.88417978 -1.90753386 -1.94062217 -1.97929935
  -2.00305456 -2.02671023 -2.04960889 -2.07194805 -2.10477202 -2.14559124
  -2.16747221 -2.19104384 -2.2165706 ]]
DEBUG STATE: [ 4.03601998 -1.78218179 -1.9967599  -0.13937384 -0.36847003 -1.10433768
  6.04525656  0.31541866]
DEBUG PARAMS NODE 0: [15.         15.          1.          1.         25.         25.
  0.          0.          0.72730261  0.          0.          0.
  4.03601998 -1.78218179  0.          0.          0.          0.
  0.          0.        ]

iter	qp_stat	qp_iter
0	0	0
1	0	42


PREDICTED STATES: [array([ 4.03601998, -1.78218179, -1.9967599 ]), array([ 4.01985611, -1.77317667, -2.05204778]), array([ 3.99854997, -1.77355067, -2.10713594]), array([ 3.97368693, -1.78351485, -2.16310535]), array([ 3.95775423, -1.80709952, -2.13404899]), array([ 3.94328427, -1.84161299, -2.09510203]), array([ 3.92816986, -1.88594861, -2.04636589]), array([ 3.91284375, -1.93991228, -1.98810096]), array([ 3.89887286, -2.00357464, -1.92048771]), array([ 3.88805172, -2.07687478, -1.84371284]), array([ 3.88232982, -2.15954638, -1.75796772]), array([ 3.88386243, -2.2510417 , -1.66342606]), array([ 3.89509373, -2.35038889, -1.56026063]), array([ 3.91885311, -2.45603802, -1.44824857]), array([ 3.9576702, -2.5660048, -1.3274544]), array([ 4.01353952, -2.67781524, -1.19884022]), array([ 4.08842891, -2.78809771, -1.0510009 ]), array([ 4.18566128, -2.89332877, -0.7676662 ]), array([ 4.34908027, -2.98392894, -0.17634575]), array([ 4.67596533, -3.12585059,  0.7711269 ]), array([ 5.16505696, -3.25593517,  1.25605819])]
0.29436876256160627
[ 1.140289  9.468915  0.826296  7.207729 21.894525  0.418028 40.955782]
[INFO] [1774442222.825463737] [mpc_node]: Logging State [ 4.0311018  -1.75851581 -2.02464511 -0.20087063 -0.34021352 -0.79854485]
REF: [[ 4.0311018   4.82779865  4.8341185   4.84260221  4.85423169  4.87132365
   4.88834882  4.89873622  4.90440239  4.90733737  4.90819987  4.90949357
   4.91281886  4.91871432  4.92666318  4.93559857  4.94902773  4.96289969
   4.96819046  4.97253415  4.97603231]
 [-1.75851581 -1.69615533 -1.7200527  -1.74204732 -1.76709049 -1.80029956
  -1.83501227 -1.86208794 -1.88417978 -1.90753386 -1.94062217 -1.97929935
  -2.00305456 -2.02671023 -2.04960889 -2.07194805 -2.10477202 -2.14559124
  -2.16747221 -2.19104384 -2.2165706 ]]
DEBUG STATE: [ 4.0311018  -1.75851581 -2.02464511 -0.20087063 -0.34021352 -0.79854485
  5.88737525  0.32407341]
DEBUG PARAMS NODE 0: [15.         15.          1.          1.         25.         25.
  0.          0.          0.72730261  0.          0.          0.
  4.0311018  -1.75851581  0.          0.          0.          0.
  0.          0.        ]

iter	qp_stat	qp_iter
0	0	0
1	0	33


PREDICTED STATES: [array([ 4.0311018 , -1.75851581, -2.02464511]), array([ 4.01791437, -1.74687246, -2.06471499]), array([ 3.99956113, -1.74462497, -2.10475717]), array([ 3.97554182, -1.75167539, -2.14577985]), array([ 3.95612045, -1.77289857, -2.16577054]), array([ 3.94456241, -1.80779849, -2.11170324]), array([ 3.9287464 , -1.85202759, -2.06299275]), array([ 3.91240476, -1.90647992, -2.00400775]), array([ 3.89721775, -1.97134959, -1.93500509]), array([ 3.88514442, -2.04667969, -1.85612769]), array([ 3.87840455, -2.13227007, -1.76755259]), array([ 3.87943515, -2.2275756 , -1.6694805 ]), array([ 3.89081998, -2.33160437, -1.56214689]), array([ 3.91518687, -2.44282426, -1.44583499]), array([ 3.95507589, -2.55908721, -1.32088106]), array([ 4.0127625 , -2.67758875, -1.1877024 ]), array([ 4.09003008, -2.79490065, -1.0469212 ]), array([ 4.18798578, -2.90704652, -0.89947423]), array([ 4.30769475, -3.00436557, -0.77357487]), array([ 4.38827552, -3.08792191, -0.68515326]), array([ 4.58338319, -3.38710193, -0.64494998])]
0.29565752201716716
[ 1.177858 14.513734  1.003133  9.033926 17.030735  0.401836 43.161222]
[INFO] [1774442222.872247912] [mpc_node]: Logging State [ 4.02965421 -1.73906369 -2.04787278 -0.31654652 -0.33328344 -0.76311234]
REF: [[ 4.02965421  4.82779865  4.8341185   4.84260221  4.85423169  4.87132365
   4.88834882  4.89873622  4.90440239  4.90733737  4.90819987  4.90949357
   4.91281886  4.91871432  4.92666318  4.93559857  4.94902773  4.96289969
   4.96819046  4.97253415  4.97603231]
 [-1.73906369 -1.69615533 -1.7200527  -1.74204732 -1.76709049 -1.80029956
  -1.83501227 -1.86208794 -1.88417978 -1.90753386 -1.94062217 -1.97929935
  -2.00305456 -2.02671023 -2.04960889 -2.07194805 -2.10477202 -2.14559124
  -2.16747221 -2.19104384 -2.2165706 ]]
DEBUG STATE: [ 4.02965421 -1.73906369 -2.04787278 -0.31654652 -0.33328344 -0.76311234
  5.91315044  0.24413554]
DEBUG PARAMS NODE 0: [15.         15.          1.          1.         25.         25.
  0.          0.          0.72730261  0.          0.          0.
  4.02965421 -1.73906369  0.          0.          0.          0.
  0.          0.        ]

iter	qp_stat	qp_iter
0	0	0
1	0	38


PREDICTED STATES: [array([ 4.02965421, -1.73906369, -2.04787278]), array([ 4.01978044, -1.72222534, -2.0862403 ]), array([ 4.00457056, -1.71486934, -2.12475346]), array([ 3.98263705, -1.71632628, -2.16269698]), array([ 3.95848776, -1.72905578, -2.21872591]), array([ 3.94344973, -1.75687058, -2.18595389]), array([ 3.92589575, -1.79514087, -2.14223098]), array([ 3.90644197, -1.8439499 , -2.08800953]), array([ 3.88661773, -1.90365726, -2.02310875]), array([ 3.8683545 , -1.97454951, -1.94774141]), array([ 3.8539098 , -2.0567061 , -1.86207313]), array([ 3.84583467, -2.14988595, -1.76630414]), array([ 3.84691095, -2.25340759, -1.66068274]), array([ 3.86005083, -2.36603359, -1.54552388]), array([ 3.88815332, -2.48587367, -1.42123482]), array([ 3.93391801, -2.61032525, -1.28834996]), array([ 3.99962425, -2.73607241, -1.14757498]), array([ 4.08689418, -2.85916156, -0.99983714]), array([ 4.19646322, -2.97515092, -0.84624576]), array([ 4.327897  , -3.07936738, -0.68934439]), array([ 4.48016914, -3.16476562, -0.5361228 ])]
0.2998453364982452
[ 6.894473  5.898443  0.797847 18.617597 10.686615  1.646032 44.541007]
[INFO] [1774442222.922912585] [mpc_node]: Logging State [ 4.0267649  -1.72858823 -2.04756479 -0.28728052 -0.310053   -0.40534304]
REF: [[ 4.0267649   4.82779865  4.8341185   4.84260221  4.85423169  4.87132365
   4.88834882  4.89873622  4.90440239  4.90733737  4.90819987  4.90949357
   4.91281886  4.91871432  4.92666318  4.93559857  4.94902773  4.96289969
   4.96819046  4.97253415  4.97603231]
 [-1.72858823 -1.69615533 -1.7200527  -1.74204732 -1.76709049 -1.80029956
  -1.83501227 -1.86208794 -1.88417978 -1.90753386 -1.94062217 -1.97929935
  -2.00305456 -2.02671023 -2.04960889 -2.07194805 -2.10477202 -2.14559124
  -2.16747221 -2.19104384 -2.2165706 ]]
DEBUG STATE: [ 4.0267649  -1.72858823 -2.04756479 -0.28728052 -0.310053   -0.40534304
  5.99690673  0.21002422]
DEBUG PARAMS NODE 0: [15.         15.          1.          1.         25.         25.
  0.          0.          0.72730261  0.          0.          0.
  4.0267649  -1.72858823  0.          0.          0.          0.
  0.          0.        ]

iter	qp_stat	qp_iter
0	0	0
1	0	33


PREDICTED STATES: [array([ 4.0267649 , -1.72858823, -2.04756479]), array([ 4.01715137, -1.71357499, -2.06800191]), array([ 4.00240431, -1.70809664, -2.08854377]), array([ 3.98233908, -1.71190594, -2.10888759]), array([ 3.96080428, -1.72652916, -2.13072437]), array([ 3.94731794, -1.75455095, -2.1088356 ]), array([ 3.93358161, -1.79307149, -2.06605485]), array([ 3.9188533 , -1.84164085, -2.01361924]), array([ 3.90455463, -1.90040581, -1.95108665]), array([ 3.89244384, -1.96944012, -1.87871268]), array([ 3.88454691, -2.0486302 , -1.79666966]), array([ 3.88311803, -2.13758039, -1.70514274]), array([ 3.89058516, -2.2355166 , -1.60434176]), array([ 3.90946764, -2.34119356, -1.49451316]), array([ 3.94226194, -2.45281522, -1.37595536]), array([ 3.99129457, -2.56798052, -1.24903922]), array([ 4.05854552, -2.68366959, -1.11423593]), array([ 4.14545177, -2.79628634, -0.97215492]), array([ 4.25270948, -2.90177223, -0.82359286]), array([ 4.38010223, -2.99579948, -0.66960426]), array([ 4.52638339, -3.07405382, -0.51155371])]
0.2972709506886082
[13.369508  5.806409  0.734229  9.06804  12.381191  0.373099 41.732476]
[INFO] [1774442222.971487852] [mpc_node]: Logging State [ 4.03278299 -1.70741014 -2.01558936  0.          0.          0.        ]
REF: [[ 4.03278299  4.82779865  4.8341185   4.84260221  4.85423169  4.87132365
   4.88834882  4.89873622  4.90440239  4.90733737  4.90819987  4.90949357
   4.91281886  4.91871432  4.92666318  4.93559857  4.94902773  4.96289969
   4.96819046  4.97253415  4.97603231]
 [-1.70741014 -1.69615533 -1.7200527  -1.74204732 -1.76709049 -1.80029956
  -1.83501227 -1.86208794 -1.88417978 -1.90753386 -1.94062217 -1.97929935
  -2.00305456 -2.02671023 -2.04960889 -2.07194805 -2.10477202 -2.14559124
  -2.16747221 -2.19104384 -2.2165706 ]]
DEBUG STATE: [ 4.03278299 -1.70741014 -2.01558936  0.1         0.          0.
  5.94541901  0.21889475]
DEBUG PARAMS NODE 0: [15.         15.          1.          1.         25.         25.
  0.          0.          0.72730261  0.          0.          0.
  4.03278299 -1.70741014  0.          0.          0.          0.
  0.          0.        ]

iter	qp_stat	qp_iter
0	0	0
1	0	26


PREDICTED STATES: [array([ 4.03278299, -1.70741014, -2.01558936]), array([ 4.02836072, -1.71673602, -2.01520758]), array([ 4.01815318, -1.73561927, -2.01351594]), array([ 4.0043929 , -1.76374879, -2.01151608]), array([ 4.00507338, -1.80745973, -1.99740067]), array([ 4.00817259, -1.85853806, -1.86651459]), array([ 3.99904399, -1.91432194, -1.80985061]), array([ 3.99304389, -1.97925626, -1.74359326]), array([ 3.99188312, -2.05300167, -1.66900506]), array([ 3.99747433, -2.13497598, -1.58644123]), array([ 4.01176852, -2.22427681, -1.49611005]), array([ 4.03673225, -2.31963712, -1.39823645]), array([ 4.07426314, -2.41937557, -1.29304438]), array([ 4.1260873 , -2.5213662 , -1.18076586]), array([ 4.19364151, -2.62303389, -1.06165039]), array([ 4.2779464 , -2.72138227, -0.93597466]), array([ 4.37947954, -2.81305936, -0.80405243]), array([ 4.49806032, -2.89446308, -0.66624493]), array([ 4.63275996, -2.96188532, -0.52297268]), array([ 4.78184973, -3.01168798, -0.37473099]), array([ 4.94279868, -3.04049998, -0.22211031])]
0.28422241211406524
[ 4.369951  9.740603  0.813464  9.763932 24.520936  0.410924 49.61981 ]
[INFO] [1774442223.024856763] [mpc_node]: Logging State [ 4.03603322 -1.68837691 -2.01531401  0.          0.          0.        ]
REF: [[ 4.03603322  4.82779865  4.8341185   4.84260221  4.85423169  4.87132365
   4.88834882  4.89873622  4.90440239  4.90733737  4.90819987  4.90949357
   4.91281886  4.91871432  4.92666318  4.93559857  4.94902773  4.96289969
   4.96819046  4.97253415  4.97603231]
 [-1.68837691 -1.69615533 -1.7200527  -1.74204732 -1.76709049 -1.80029956
  -1.83501227 -1.86208794 -1.88417978 -1.90753386 -1.94062217 -1.97929935
  -2.00305456 -2.02671023 -2.04960889 -2.07194805 -2.10477202 -2.14559124
  -2.16747221 -2.19104384 -2.2165706 ]]
DEBUG STATE: [ 4.03603322 -1.68837691 -2.01531401  0.1         0.          0.
  5.68444824  0.27167659]
DEBUG PARAMS NODE 0: [15.         15.          1.          1.         25.         25.
  0.          0.          0.72730261  0.          0.          0.
  4.03603322 -1.68837691  0.          0.          0.          0.
  0.          0.        ]

iter	qp_stat	qp_iter
0	0	0
1	0	23


PREDICTED STATES: [array([ 4.03603322, -1.68837691, -2.01531401]), array([ 4.03168963, -1.69754056, -2.01492387]), array([ 4.02401045, -1.71611857, -2.00674386]), array([ 4.01689938, -1.74476071, -1.97424213]), array([ 4.00876933, -1.78307077, -1.93234642]), array([ 3.99115639, -1.82849648, -1.93559552]), array([ 3.98150913, -1.88371751, -1.87839998]), array([ 3.97476997, -1.94872003, -1.8108034 ]), array([ 3.97231676, -2.02326097, -1.73377074]), array([ 3.97618969, -2.10687592, -1.64746451]), array([ 3.98857811, -2.19875795, -1.55206618]), array([ 4.01174726, -2.29768085, -1.44778557]), array([ 4.04793918, -2.40193112, -1.3348692 ]), array([ 4.09924735, -2.50925984, -1.21361283]), array([ 4.16746756, -2.61686524, -1.08437751]), array([ 4.25393142, -2.72141729, -0.94760982]), array([ 4.35933442, -2.819135  , -0.80386615]), array([ 4.48357597, -2.90592353, -0.65383973]), array([ 4.62563431, -2.9775714 , -0.4983866 ]), array([ 4.78350128, -3.02999794, -0.3385438 ]), array([ 4.95419952, -3.05952852, -0.17553069])]
0.2806480852975506
[ 3.166588  8.163981  2.785649 16.111253 10.020291  0.368842 40.616604]
[INFO] [1774442223.068663956] [mpc_node]: Logging State [ 4.03442301 -1.67070577 -2.00790839  0.          0.          0.        ]
REF: [[ 4.03442301  4.82779865  4.8341185   4.84260221  4.85423169  4.87132365
   4.88834882  4.89873622  4.90440239  4.90733737  4.90819987  4.90949357
   4.91281886  4.91871432  4.92666318  4.93559857  4.94902773  4.96289969
   4.96819046  4.97253415  4.97603231]
 [-1.67070577 -1.69615533 -1.7200527  -1.74204732 -1.76709049 -1.80029956
  -1.83501227 -1.86208794 -1.88417978 -1.90753386 -1.94062217 -1.97929935
  -2.00305456 -2.02671023 -2.04960889 -2.07194805 -2.10477202 -2.14559124
  -2.16747221 -2.19104384 -2.2165706 ]]
DEBUG STATE: [ 4.03442301 -1.67070577 -2.00790839  0.1         0.          0.
  5.61296171  0.3158044 ]
DEBUG PARAMS NODE 0: [15.         15.          1.          1.         25.         25.
  0.          0.          0.72730261  0.          0.          0.
  4.03442301 -1.67070577  0.          0.          0.          0.
  0.          0.        ]

iter	qp_stat	qp_iter
0	0	0
1	0	29


PREDICTED STATES: [array([ 4.03442301, -1.67070577, -2.00790839]), array([ 4.03017772, -1.67983509, -2.00750738]), array([ 4.022657  , -1.69822625, -1.99985544]), array([ 4.01555921, -1.72645922, -1.96942322]), array([ 4.00767799, -1.76416072, -1.92868838]), array([ 4.00004717, -1.81132679, -1.87909876]), array([ 3.99409138, -1.86804598, -1.81916865]), array([ 3.99105408, -1.93398511, -1.75083951]), array([ 3.99288969, -2.00886123, -1.67343407]), array([ 4.00154354, -2.09207961, -1.58713282]), array([ 4.01907634, -2.18271253, -1.49213127]), array([ 4.04758945, -2.27942938, -1.38864756]), array([ 4.08912653, -2.38043856, -1.27693283]), array([ 4.14555149, -2.48345046, -1.15728457]), array([ 4.21840579, -2.58567177, -1.03006398]), array([ 4.30875239, -2.68384203, -0.89571806]), array([ 4.41701921, -2.77432167, -0.75480626]), array([ 4.54286058, -2.85323661, -0.6080293 ]), array([ 4.68505969, -2.91667601, -0.45625353]), array([ 4.84149532, -2.96092772, -0.30051891]), array([ 5.00918907, -2.98272337, -0.14201651])]
0.27582721021201007
[ 1.105792  2.718991  0.845241  3.885809  4.786539  0.417644 13.760016]
[INFO] [1774442223.085596896] [mpc_node]: Logging State [ 4.03686599 -1.65427397 -2.01284951  0.          0.          0.        ]
[INFO] [1774442223.087647995] [mpc_node]: Logging State [ 4.0365727  -1.64182103 -2.01674375  0.          0.          0.        ]
[INFO] [1774442223.089574771] [mpc_node]: Logging State [ 4.03438059 -1.62635954 -2.02150665  0.          0.          0.        ]
[INFO] [1774442223.095511552] [mpc_node]: Logging State [ 4.03250302 -1.61577538 -2.01965818  0.          0.          0.        ]
REF: [[ 4.03250302  4.82779865  4.8341185   4.84260221  4.85423169  4.87132365
   4.88834882  4.89873622  4.90440239  4.90733737  4.90819987  4.90949357
   4.91281886  4.91871432  4.92666318  4.93559857  4.94902773  4.96289969
   4.96819046  4.97253415  4.97603231]
 [-1.61577538 -1.69615533 -1.7200527  -1.74204732 -1.76709049 -1.80029956
  -1.83501227 -1.86208794 -1.88417978 -1.90753386 -1.94062217 -1.97929935
  -2.00305456 -2.02671023 -2.04960889 -2.07194805 -2.10477202 -2.14559124
  -2.16747221 -2.19104384 -2.2165706 ]]
DEBUG STATE: [ 4.03250302 -1.61577538 -2.01965818  0.1         0.          0.
  5.5165442   0.33165636]
DEBUG PARAMS NODE 0: [15.         15.          1.          1.         25.         25.
  0.          0.          0.72730261  0.          0.          0.
  4.03250302 -1.61577538  0.          0.          0.          0.
  0.          0.        ]

iter	qp_stat	qp_iter
0	0	0
1	0	32


PREDICTED STATES: [array([ 4.03250302, -1.61577538, -2.01965818]), array([ 4.02817961, -1.62479297, -2.0192584 ]), array([ 4.02045725, -1.64297249, -2.01183359]), array([ 4.01301846, -1.67103489, -1.98161328]), array([ 4.00466474, -1.70867849, -1.94085087]), array([ 3.99642013, -1.75597992, -1.89103672]), array([ 3.98958481, -1.81295203, -1.83150314]), array([ 3.98575525, -1.87950509, -1.76241739]), array([ 3.98678007, -1.95535316, -1.68393818]), array([ 3.99470227, -2.03993287, -1.59622894]), array([ 4.01170147, -2.13232122, -1.49947908]), array([ 4.04001218, -2.23115835, -1.39391247]), array([ 4.08181504, -2.33458337, -1.27979906]), array([ 4.13910095, -2.44019407, -1.15747073]), array([ 4.21351193, -2.54504296, -1.02734234]), array([ 4.30616775, -2.64568229, -0.88993868]), array([ 4.4174946 , -2.73826865, -0.74592654]), array([ 4.54707829, -2.81873149, -0.59614737]), array([ 4.69356953, -2.88299867, -0.44164012]), array([ 4.85466691, -2.92725697, -0.28363766]), array([ 5.02719173, -2.94821141, -0.12351973])]
0.27429735881853307
[ 1.153153  2.604684  0.786839  3.669515  4.946895  0.340746 13.501832]
REF: [[ 4.03250302  4.82779865  4.8341185   4.84260221  4.85423169  4.87132365
   4.88834882  4.89873622  4.90440239  4.90733737  4.90819987  4.90949357
   4.91281886  4.91871432  4.92666318  4.93559857  4.94902773  4.96289969
   4.96819046  4.97253415  4.97603231]
 [-1.61577538 -1.69615533 -1.7200527  -1.74204732 -1.76709049 -1.80029956
  -1.83501227 -1.86208794 -1.88417978 -1.90753386 -1.94062217 -1.97929935
  -2.00305456 -2.02671023 -2.04960889 -2.07194805 -2.10477202 -2.14559124
  -2.16747221 -2.19104384 -2.2165706 ]]
DEBUG STATE: [ 4.03250302 -1.61577538 -2.01965818  0.1         0.          0.
  5.48594718  0.33474073]
DEBUG PARAMS NODE 0: [15.         15.          1.          1.         25.         25.
  0.          0.          0.72730261  0.          0.          0.
  4.03250302 -1.61577538  0.          0.          0.          0.
  0.          0.        ]

iter	qp_stat	qp_iter
0	0	0
1	0	32


PREDICTED STATES: [array([ 4.03250302, -1.61577538, -2.01965818]), array([ 4.02819108, -1.62476864, -2.01925985]), array([ 4.02048233, -1.64287248, -2.01196716]), array([ 4.01305874, -1.67081202, -1.98193128]), array([ 4.00472593, -1.70829043, -1.94131666]), array([ 3.99648841, -1.75538405, -1.8917048 ]), array([ 3.98963547, -1.812108  , -1.83241763]), array([ 3.98574861, -1.87837541, -1.76361296]), array([ 3.98666264, -1.95390734, -1.68544948]), array([ 3.99440637, -2.03814994, -1.59808918]), array([ 4.01114594, -2.13019359, -1.50171988]), array([ 4.03910421, -2.22869601, -1.3965636 ]), array([ 4.08045335, -2.33181822, -1.28288799]), array([ 4.13718047, -2.43718397, -1.16102203]), array([ 4.21092995, -2.54187488, -1.03137685]), array([ 4.30283164, -2.64247405, -0.89447262]), array([ 4.4133306 , -2.73516859, -0.75097025]), array([ 4.54204097, -2.81591526, -0.60170327]), array([ 4.68765103, -2.88066255, -0.44769917]), array([ 4.84790449, -2.92560707, -0.29017375]), array([ 5.01967189, -2.94744932, -0.13048296])]
0.27291365456302213
[ 1.343911  4.009108  1.339911  3.888433 25.66945   0.414988 36.665801]
[INFO] [1774442223.189217443] [mpc_node]: Logging State [ 4.02898281 -1.60647528 -2.02045893  0.          0.          0.        ]
REF: [[ 4.02898281  4.82779865  4.8341185   4.84260221  4.85423169  4.87132365
   4.88834882  4.89873622  4.90440239  4.90733737  4.90819987  4.90949357
   4.91281886  4.91871432  4.92666318  4.93559857  4.94902773  4.96289969
   4.96819046  4.97253415  4.97603231]
 [-1.60647528 -1.69615533 -1.7200527  -1.74204732 -1.76709049 -1.80029956
  -1.83501227 -1.86208794 -1.88417978 -1.90753386 -1.94062217 -1.97929935
  -2.00305456 -2.02671023 -2.04960889 -2.07194805 -2.10477202 -2.14559124
  -2.16747221 -2.19104384 -2.2165706 ]]
DEBUG STATE: [ 4.02898281 -1.60647528 -2.02045893  0.1         0.          0.
  5.45827309  0.33607765]
DEBUG PARAMS NODE 0: [15.         15.          1.          1.         25.         25.
  0.          0.          0.72730261  0.          0.          0.
  4.02898281 -1.60647528  0.          0.          0.          0.
  0.          0.        ]

iter	qp_stat	qp_iter
0	0	0
1	0	32


PREDICTED STATES: [array([ 4.02898281, -1.60647528, -2.02045893]), array([ 4.02467348, -1.61544435, -2.02006244]), array([ 4.01695923, -1.63348397, -2.01287387]), array([ 4.0095212 , -1.66133267, -1.98297221]), array([ 4.00116967, -1.69870308, -1.94245036]), array([ 3.99289567, -1.74567809, -1.89294953]), array([ 3.98598413, -1.80228051, -1.83378022]), array([ 3.98201199, -1.86843106, -1.76509026]), array([ 3.98281191, -1.94385879, -1.68703498]), array([ 3.99041245, -2.02801794, -1.59977296]), array([ 4.0069817 , -2.1200069 , -1.50348944]), array([ 4.03474681, -2.21849091, -1.39840456]), array([ 4.07588653, -2.3216376 , -1.28478475]), array([ 4.13239665, -2.42707577, -1.16295843]), array([ 4.20593198, -2.53189004, -1.03333688]), array([ 4.29763386, -2.63266399, -0.89644121]), array([ 4.40795915, -2.72558244, -0.75293419]), array([ 4.53653318, -2.8065972 , -0.60365232]), array([ 4.68205403, -2.87164946, -0.44962718]), array([ 4.8422733 , -2.91692692, -0.29207964]), array([ 5.01406724, -2.93912015, -0.13237123])]
0.2718896385290608
[ 6.79767  11.968188  0.860409 11.63301  11.946203  0.389899 43.595379]
[INFO] [1774442223.242347018] [mpc_node]: Logging State [ 4.02925431 -1.59937298 -2.02048105  0.          0.          0.        ]
REF: [[ 4.02925431  4.82779865  4.8341185   4.84260221  4.85423169  4.87132365
   4.88834882  4.89873622  4.90440239  4.90733737  4.90819987  4.90949357
   4.91281886  4.91871432  4.92666318  4.93559857  4.94902773  4.96289969
   4.96819046  4.97253415  4.97603231]
 [-1.59937298 -1.69615533 -1.7200527  -1.74204732 -1.76709049 -1.80029956
  -1.83501227 -1.86208794 -1.88417978 -1.90753386 -1.94062217 -1.97929935
  -2.00305456 -2.02671023 -2.04960889 -2.07194805 -2.10477202 -2.14559124
  -2.16747221 -2.19104384 -2.2165706 ]]
DEBUG STATE: [ 4.02925431 -1.59937298 -2.02048105  0.1         0.          0.
  5.43779277  0.33630932]
DEBUG PARAMS NODE 0: [15.         15.          1.          1.         25.         25.
  0.          0.          0.72730261  0.          0.          0.
  4.02925431 -1.59937298  0.          0.          0.          0.
  0.          0.        ]

iter	qp_stat	qp_iter
0	0	0
1	0	32


PREDICTED STATES: [array([ 4.02925431, -1.59937298, -2.02048105]), array([ 4.02495215, -1.60832637, -2.02008625]), array([ 4.01724466, -1.62632121, -2.01297722]), array([ 4.00981258, -1.65410236, -1.98318232]), array([ 4.00147018, -1.69138895, -1.94273694]), array([ 3.99319766, -1.73826685, -1.89333209]), array([ 3.98627576, -1.79476283, -1.83427048]), array([ 3.98227641, -1.86080158, -1.76569273]), array([ 3.9830284 , -1.93611667, -1.68775231]), array([ 3.99055726, -2.02016746, -1.60060561]), array([ 4.00702915, -2.11205803, -1.50443603]), array([ 4.03467063, -2.21045997, -1.39946211]), array([ 4.07566152, -2.31354757, -1.28594885]), array([ 4.13200059, -2.41895638, -1.16422324]), array([ 4.20534766, -2.52377733, -1.0346951 ]), array([ 4.29685117, -2.62459927, -0.89788393]), array([ 4.40697688, -2.71761054, -0.7544507 ]), array([ 4.53536038, -2.79876408, -0.60522997]), array([ 4.68071052, -2.8639994 , -0.45125149]), array([ 4.84078922, -2.90949954, -0.29373476]), array([ 5.01248159, -2.93194782, -0.13404093])]
0.2710866483886987
[ 1.257668  2.981815  0.763158  5.690437  6.634433  1.309862 18.637373]
[INFO] [1774442223.264784118] [mpc_node]: Logging State [ 4.02890931 -1.59347669 -2.01894078  0.          0.          0.        ]
REF: [[ 4.02890931  4.82779865  4.8341185   4.84260221  4.85423169  4.87132365
   4.88834882  4.89873622  4.90440239  4.90733737  4.90819987  4.90949357
   4.91281886  4.91871432  4.92666318  4.93559857  4.94902773  4.96289969
   4.96819046  4.97253415  4.97603231]
 [-1.59347669 -1.69615533 -1.7200527  -1.74204732 -1.76709049 -1.80029956
  -1.83501227 -1.86208794 -1.88417978 -1.90753386 -1.94062217 -1.97929935
  -2.00305456 -2.02671023 -2.04960889 -2.07194805 -2.10477202 -2.14559124
  -2.16747221 -2.19104384 -2.2165706 ]]
DEBUG STATE: [ 4.02890931 -1.59347669 -2.01894078  0.1         0.          0.
  5.42173297  0.33618245]
DEBUG PARAMS NODE 0: [15.         15.          1.          1.         25.         25.
  0.          0.          0.72730261  0.          0.          0.
  4.02890931 -1.59347669  0.          0.          0.          0.
  0.          0.        ]

iter	qp_stat	qp_iter
0	0	0
1	0	32


PREDICTED STATES: [array([ 4.02890931, -1.59347669, -2.01894078]), array([ 4.02462682, -1.60242422, -2.01854739]), array([ 4.016953  , -1.62039426, -2.01150324]), array([ 4.00956884, -1.64813006, -1.98178872]), array([ 4.00129281, -1.68535833, -1.94140853]), array([ 3.9930954 , -1.73216557, -1.89208628]), array([ 3.9862537 , -1.78857979, -1.83311844]), array([ 3.98233501, -1.85452651, -1.76463938]), array([ 3.98316414, -1.92974025, -1.68680103]), array([ 3.99076285, -2.01368159, -1.59975792]), array([ 4.00729384, -2.10545623, -1.50369186]), array([ 4.0349807 , -2.20373789, -1.39881995]), array([ 4.07600092, -2.30670355, -1.28540586]), array([ 4.13235179, -2.41199187, -1.16377523]), array([ 4.20569268, -2.51669718, -1.03433644]), array([ 4.29717275, -2.61741171, -0.89760732]), array([ 4.4072596 , -2.71032675, -0.75424691]), array([ 4.53559168, -2.79139742, -0.60508762]), array([ 4.68088135, -2.85656418, -0.45115704]), array([ 4.84089413, -2.90200976, -0.29367286]), array([ 5.01251828, -2.92441603, -0.1339953 ])]
0.2704116394585733
[ 1.364072  4.776619  0.928443 12.017021  7.80029   0.378059 27.264504]
[INFO] [1774442223.295897438] [mpc_node]: Logging State [ 4.02777652 -1.58810358 -2.02138022  0.          0.          0.        ]
[INFO] [1774442223.298110623] [mpc_node]: Logging State [ 4.0271778  -1.58283466 -2.02216056  0.          0.          0.        ]
[INFO] [1774442223.300358848] [mpc_node]: Logging State [ 4.02495074 -1.58244413 -2.02778466  0.          0.          0.        ]
REF: [[ 4.02495074  4.82779865  4.8341185   4.84260221  4.85423169  4.87132365
   4.88834882  4.89873622  4.90440239  4.90733737  4.90819987  4.90949357
   4.91281886  4.91871432  4.92666318  4.93559857  4.94902773  4.96289969
   4.96819046  4.97253415  4.97603231]
 [-1.58244413 -1.69615533 -1.7200527  -1.74204732 -1.76709049 -1.80029956
  -1.83501227 -1.86208794 -1.88417978 -1.90753386 -1.94062217 -1.97929935
  -2.00305456 -2.02671023 -2.04960889 -2.07194805 -2.10477202 -2.14559124
  -2.16747221 -2.19104384 -2.2165706 ]]
DEBUG STATE: [ 4.02495074 -1.58244413 -2.02778466  0.1         0.          0.
  5.40823279  0.33619261]
DEBUG PARAMS NODE 0: [15.         15.          1.          1.         25.         25.
  0.          0.          0.72730261  0.          0.          0.
  4.02495074 -1.58244413  0.          0.          0.          0.
  0.          0.        ]

iter	qp_stat	qp_iter
0	0	0
1	0	32


PREDICTED STATES: [array([ 4.02495074, -1.58244413, -2.02778466]), array([ 4.02059315, -1.59134544, -2.02739229]), array([ 4.01276232, -1.60923453, -2.02037293]), array([ 4.00513015, -1.63690273, -1.990669  ]), array([ 3.9965183 , -1.67408016, -1.9502693 ]), array([ 3.98789623, -1.72087299, -1.90088992]), array([ 3.98054584, -1.77733003, -1.84181814]), array([ 3.97604503, -1.8433979 , -1.77318435]), array([ 3.97623485, -1.9188312 , -1.69513537]), array([ 3.98315941, -2.00310803, -1.60782311]), array([ 3.99900966, -2.09534741, -1.51142869]), array([ 4.0260424 , -2.19423023, -1.40617073]), array([ 4.0664717 , -2.29793281, -1.29231685]), array([ 4.1223323 , -2.40408406, -1.17019966]), array([ 4.19531881, -2.50975898, -1.0402384 ]), array([ 4.28660991, -2.61152184, -0.90296668]), array([ 4.39669383, -2.70552979, -0.75906544]), array([ 4.52521863, -2.78770157, -0.60939566]), array([ 4.67089527, -2.85394371, -0.4550193 ]), array([ 4.83147918, -2.90041151, -0.2971907 ]), array([ 5.00384423, -2.92376783, -0.13730309])]
0.27029174779726206
[ 2.037947  4.208954  1.185635 13.674733  7.947911  0.380395 29.435575]
[INFO] [1774442223.333269372] [mpc_node]: Logging State [ 4.02528677 -1.58056844 -2.02654311  0.          0.          0.        ]
[INFO] [1774442223.335239381] [mpc_node]: Logging State [ 4.02324976 -1.58228787 -2.02411711  0.          0.          0.        ]
[INFO] [1774442223.337270801] [mpc_node]: Logging State [ 4.02349193 -1.57901069 -2.02868762  0.          0.          0.        ]
REF: [[ 4.02349193  4.82779865  4.8341185   4.84260221  4.85423169  4.87132365
   4.88834882  4.89873622  4.90440239  4.90733737  4.90819987  4.90949357
   4.91281886  4.91871432  4.92666318  4.93559857  4.94902773  4.96289969
   4.96819046  4.97253415  4.97603231]
 [-1.57901069 -1.69615533 -1.7200527  -1.74204732 -1.76709049 -1.80029956
  -1.83501227 -1.86208794 -1.88417978 -1.90753386 -1.94062217 -1.97929935
  -2.00305456 -2.02671023 -2.04960889 -2.07194805 -2.10477202 -2.14559124
  -2.16747221 -2.19104384 -2.2165706 ]]
DEBUG STATE: [ 4.02349193 -1.57901069 -2.02868762  0.1         0.          0.
  5.40583496  0.33556668]
DEBUG PARAMS NODE 0: [15.         15.          1.          1.         25.         25.
  0.          0.          0.72730261  0.          0.          0.
  4.02349193 -1.57901069  0.          0.          0.          0.
  0.          0.        ]

iter	qp_stat	qp_iter
0	0	0
1	0	32


PREDICTED STATES: [array([ 4.02349193, -1.57901069, -2.02868762]), array([ 4.01912736, -1.58790588, -2.02829574]), array([ 4.01128216, -1.60577935, -2.02129027]), array([ 4.00362723, -1.63342469, -1.99160805]), array([ 3.99498549, -1.67057002, -1.95122907]), array([ 3.98632366, -1.71732105, -1.90188138]), array([ 3.97892161, -1.77372701, -1.84285219]), array([ 3.97435433, -1.83973559, -1.77427094]), array([ 3.97445966, -1.91510344, -1.69628498]), array([ 3.98127833, -1.99931178, -1.60904625]), array([ 3.99699797, -2.09148401, -1.51273568]), array([ 4.0238726 , -2.19030677, -1.40757135]), array([ 4.0641145 , -2.29396355, -1.29381994]), array([ 4.11975827, -2.40009162, -1.17181263]), array([ 4.19250059, -2.50577516, -1.04196651]), array([ 4.28352495, -2.60758766, -0.90481214]), array([ 4.39332744, -2.70169458, -0.76102631]), array([ 4.52156686, -2.78402074, -0.61146464]), array([ 4.66696706, -2.85047545, -0.45718262]), array([ 4.82729732, -2.89721254, -0.29942772]), array([ 4.99944462, -2.92088909, -0.13958692])]
0.27012912048517984
[ 1.109952 11.030337  0.923291  5.314874  5.750311  0.415148 24.543913]
[INFO] [1774442223.366691655] [mpc_node]: Logging State [ 4.02063659 -1.57379474 -2.02164919  0.          0.          0.        ]
REF: [[ 4.02063659  4.82779865  4.8341185   4.84260221  4.85423169  4.87132365
   4.88834882  4.89873622  4.90440239  4.90733737  4.90819987  4.90949357
   4.91281886  4.91871432  4.92666318  4.93559857  4.94902773  4.96289969
   4.96819046  4.97253415  4.97603231]
 [-1.57379474 -1.69615533 -1.7200527  -1.74204732 -1.76709049 -1.80029956
  -1.83501227 -1.86208794 -1.88417978 -1.90753386 -1.94062217 -1.97929935
  -2.00305456 -2.02671023 -2.04960889 -2.07194805 -2.10477202 -2.14559124
  -2.16747221 -2.19104384 -2.2165706 ]]
DEBUG STATE: [ 4.02063659 -1.57379474 -2.02164919  0.1         0.          0.
  5.40258241  0.33534406]
DEBUG PARAMS NODE 0: [15.         15.          1.          1.         25.         25.
  0.          0.          0.72730261  0.          0.          0.
  4.02063659 -1.57379474  0.          0.          0.          0.
  0.          0.        ]

iter	qp_stat	qp_iter
0	0	0
1	0	32


PREDICTED STATES: [array([ 4.02063659, -1.57379474, -2.02164919]), array([ 4.01633592, -1.58271793, -2.0212577 ]), array([ 4.00861779, -1.60063934, -2.01426517]), array([ 4.00115861, -1.62832725, -1.98460025]), array([ 3.99278026, -1.66551891, -1.94423452]), array([ 3.98444831, -1.71231343, -1.8949041 ]), array([ 3.97744217, -1.7687514 , -1.83589522]), array([ 3.9733354 , -1.83476989, -1.7673362 ]), array([ 3.97396316, -1.91011319, -1.68937426]), array([ 3.98136157, -1.99424896, -1.60216109]), array([ 3.99771127, -2.08628623, -1.50587733]), array([ 4.02525637, -2.18489712, -1.4007408 ]), array([ 4.06619598, -2.28825109, -1.28701785]), array([ 4.1225481 , -2.39397288, -1.16503927]), array([ 4.19598941, -2.4991366 , -1.03522163]), array([ 4.28768041, -2.60030926, -0.89809484]), array([ 4.39809193, -2.69365439, -0.75433482]), array([ 4.52685638, -2.77510028, -0.60479614]), array([ 4.6726715 , -2.84056557, -0.45053309]), array([ 4.83328227, -2.88621928, -0.29279197]), array([ 5.0055547 , -2.90873904, -0.13295882])]
0.26999534797934316
[ 1.45761   6.249686  5.233912  4.045013 15.954768  0.393675 33.334664]
[INFO] [1774442223.423608157] [mpc_node]: Logging State [ 4.01943461 -1.57263127 -2.02895742  0.          0.          0.        ]
REF: [[ 4.01943461  4.82779865  4.8341185   4.84260221  4.85423169  4.87132365
   4.88834882  4.89873622  4.90440239  4.90733737  4.90819987  4.90949357
   4.91281886  4.91871432  4.92666318  4.93559857  4.94902773  4.96289969
   4.96819046  4.97253415  4.97603231]
 [-1.57263127 -1.69615533 -1.7200527  -1.74204732 -1.76709049 -1.80029956
  -1.83501227 -1.86208794 -1.88417978 -1.90753386 -1.94062217 -1.97929935
  -2.00305456 -2.02671023 -2.04960889 -2.07194805 -2.10477202 -2.14559124
  -2.16747221 -2.19104384 -2.2165706 ]]
DEBUG STATE: [ 4.01943461 -1.57263127 -2.02895742  0.1         0.          0.
  5.39990696  0.3351819 ]
DEBUG PARAMS NODE 0: [15.         15.          1.          1.         25.         25.
  0.          0.          0.72730261  0.          0.          0.
  4.01943461 -1.57263127  0.          0.          0.          0.
  0.          0.        ]

iter	qp_stat	qp_iter
0	0	0
1	0	32


PREDICTED STATES: [array([ 4.01943461, -1.57263127, -2.02895742]), array([ 4.01506895, -1.58152256, -2.0285661 ]), array([ 4.00721863, -1.59939444, -2.02156222]), array([ 3.99955263, -1.62705241, -1.9918637 ]), array([ 3.99089323, -1.66423352, -1.9514515 ]), array([ 3.9822096 , -1.7110518 , -1.90203649]), array([ 3.97478654, -1.76756329, -1.84290044]), array([ 3.9702081, -1.8337208, -1.7741715]), array([ 3.97032401, -1.90928342, -1.69599355]), array([ 3.97718969, -1.99373138, -1.60851708]), array([ 3.99300943, -2.08618265, -1.51192307]), array([ 4.02005459, -2.18531315, -1.40643122]), array([ 4.06055367, -2.28928973, -1.2923118 ]), array([ 4.11655411, -2.39572707, -1.16990193]), array([ 4.18975952, -2.5016817 , -1.03962772]), array([ 4.281352  , -2.60369641, -0.90203275]), array([ 4.39181612, -2.69790623, -0.75781165]), array([ 4.52078873, -2.78021003, -0.60784321]), array([ 4.66696299, -2.84650005, -0.45321047]), array([ 4.82807273, -2.89292519, -0.29518984]), array([ 5.00096997, -2.91615052, -0.13519361])]
0.2702199504750617
[ 1.496683  3.796527  0.749589  3.817199 10.068965  0.849977 20.77894 ]
[INFO] [1774442223.456349653] [mpc_node]: Logging State [ 4.019959   -1.57071011 -2.02795845  0.          0.          0.        ]
[INFO] [1774442223.461244579] [mpc_node]: Logging State [ 4.02147949 -1.56671951 -2.03021436  0.          0.          0.        ]
REF: [[ 4.02147949  4.82779865  4.8341185   4.84260221  4.85423169  4.87132365
   4.88834882  4.89873622  4.90440239  4.90733737  4.90819987  4.90949357
   4.91281886  4.91871432  4.92666318  4.93559857  4.94902773  4.96289969
   4.96819046  4.97253415  4.97603231]
 [-1.56671951 -1.69615533 -1.7200527  -1.74204732 -1.76709049 -1.80029956
  -1.83501227 -1.86208794 -1.88417978 -1.90753386 -1.94062217 -1.97929935
  -2.00305456 -2.02671023 -2.04960889 -2.07194805 -2.10477202 -2.14559124
  -2.16747221 -2.19104384 -2.2165706 ]]
DEBUG STATE: [ 4.02147949 -1.56671951 -2.03021436  0.1         0.          0.
  5.40439901  0.33470931]
DEBUG PARAMS NODE 0: [15.         15.          1.          1.         25.         25.
  0.          0.          0.72730261  0.          0.          0.
  4.02147949 -1.56671951  0.          0.          0.          0.
  0.          0.        ]

iter	qp_stat	qp_iter
0	0	0
1	0	31


PREDICTED STATES: [array([ 4.02147949, -1.56671951, -2.03021436]), array([ 4.01710103, -1.57560867, -2.02982287]), array([ 4.00922675, -1.5934797 , -2.0228024 ]), array([ 4.00152466, -1.6211413 , -1.99308227]), array([ 3.99281631, -1.65832714, -1.95265476]), array([ 3.98407302, -1.7051515 , -1.90322154]), array([ 3.97658021, -1.76167082, -1.84406653]), array([ 3.97192262, -1.82783871, -1.77531964]), array([ 3.97195058, -1.90341538, -1.69712558]), array([ 3.97872002, -1.98788248, -1.60963562]), array([ 3.99443585, -2.08035968, -1.51303136]), array([ 4.0213702 , -2.17952491, -1.40753301]), array([ 4.0617526 , -2.28354722, -1.29341115]), array([ 4.11763195, -2.39004372, -1.17100307]), array([ 4.1907139 , -2.4960734 , -1.04073482]), array([ 4.28218321, -2.59818138, -0.90314971]), array([ 4.39252789, -2.69250463, -0.75894183]), array([ 4.52138892, -2.77494326, -0.60898907]), array([ 4.66746416, -2.84138972, -0.45437315]), array([ 4.82849232, -2.8879918 , -0.29636875]), array([ 5.00133017, -2.91141203, -0.13638615])]
0.27038795902554713
[ 1.891831  9.038023  0.811864  4.529763  7.451417  0.427436 24.150334]
[INFO] [1774442223.489271537] [mpc_node]: Logging State [ 4.02276517 -1.56611589 -2.02722959  0.          0.          0.        ]
REF: [[ 4.02276517  4.82779865  4.8341185   4.84260221  4.85423169  4.87132365
   4.88834882  4.89873622  4.90440239  4.90733737  4.90819987  4.90949357
   4.91281886  4.91871432  4.92666318  4.93559857  4.94902773  4.96289969
   4.96819046  4.97253415  4.97603231]
 [-1.56611589 -1.69615533 -1.7200527  -1.74204732 -1.76709049 -1.80029956
  -1.83501227 -1.86208794 -1.88417978 -1.90753386 -1.94062217 -1.97929935
  -2.00305456 -2.02671023 -2.04960889 -2.07194805 -2.10477202 -2.14559124
  -2.16747221 -2.19104384 -2.2165706 ]]
DEBUG STATE: [ 4.02276517 -1.56611589 -2.02722959  0.1         0.          0.
  5.40775918  0.33453304]
DEBUG PARAMS NODE 0: [15.         15.          1.          1.         25.         25.
  0.          0.          0.72730261  0.          0.          0.
  4.02276517 -1.56611589  0.          0.          0.          0.
  0.          0.        ]

iter	qp_stat	qp_iter
0	0	0
1	0	32


PREDICTED STATES: [array([ 4.02276517, -1.56611589, -2.02722959]), array([ 4.01841223, -1.57502021, -2.02683791]), array([ 4.01059056, -1.59291906, -2.01980953]), array([ 4.0029712 , -1.62060697, -1.99008315]), array([ 3.99437461, -1.65781821, -1.94965598]), array([ 3.98577299, -1.70466195, -1.90022931]), array([ 3.97845121, -1.76118876, -1.84108917]), array([ 3.97399224, -1.82734592, -1.77236663]), array([ 3.97424319, -1.9028871 , -1.69420745]), array([ 3.98125524, -1.98728756, -1.60676357]), array([ 3.99722683, -2.07966119, -1.51021683]), array([ 4.02442196, -2.17868118, -1.40478723]), array([ 4.06506069, -2.28251341, -1.29074465]), array([ 4.12118142, -2.38877382, -1.16842506]), array([ 4.19447889, -2.49452256, -1.03825239]), array([ 4.28612733, -2.59630831, -0.90076686]), array([ 4.39660533, -2.69027375, -0.75665823]), array([ 4.5255462 , -2.77232632, -0.60679872]), array([ 4.67164223, -2.83836664, -0.45226329]), array([ 4.83262853, -2.88455077, -0.29431953]), array([ 5.00535971, -2.90754916, -0.13437151])]
0.27044424147858426
[ 1.937016  9.077128  0.865625 18.055661  9.574262  0.428365 39.938057]
REF: [[ 4.02276517  4.82779865  4.8341185   4.84260221  4.85423169  4.87132365
   4.88834882  4.89873622  4.90440239  4.90733737  4.90819987  4.90949357
   4.91281886  4.91871432  4.92666318  4.93559857  4.94902773  4.96289969
   4.96819046  4.97253415  4.97603231]
 [-1.56611589 -1.69615533 -1.7200527  -1.74204732 -1.76709049 -1.80029956
  -1.83501227 -1.86208794 -1.88417978 -1.90753386 -1.94062217 -1.97929935
  -2.00305456 -2.02671023 -2.04960889 -2.07194805 -2.10477202 -2.14559124
  -2.16747221 -2.19104384 -2.2165706 ]]
DEBUG STATE: [ 4.02276517 -1.56611589 -2.02722959  0.1         0.          0.
  5.40888483  0.33455645]
DEBUG PARAMS NODE 0: [15.         15.          1.          1.         25.         25.
  0.          0.          0.72730261  0.          0.          0.
  4.02276517 -1.56611589  0.          0.          0.          0.
  0.          0.        ]

iter	qp_stat	qp_iter
0	0	0
1	0	32


PREDICTED STATES: [array([ 4.02276517, -1.56611589, -2.02722959]), array([ 4.01841163, -1.57502145, -2.02683778]), array([ 4.01058908, -1.59292553, -2.01980032]), array([ 4.00296819, -1.62062444, -1.99005811]), array([ 3.99436863, -1.65785372, -1.94961442]), array([ 3.98576453, -1.70472402, -1.9001613 ]), array([ 3.9784423 , -1.7612869 , -1.84098448]), array([ 3.97398753, -1.82749023, -1.77221562]), array([ 3.97425042, -1.90308758, -1.69399995]), array([ 3.98128574, -1.9875533 , -1.60648934]), array([ 3.99729582, -2.0799993 , -1.50986587]), array([ 4.02454854, -2.17909551, -1.40435012]), array([ 4.06526735, -2.28300321, -1.29021296]), array([ 4.12149301, -2.38933242, -1.16779186]), array([ 4.19492106, -2.49513628, -1.03751303]), array([ 4.28672435, -2.596956  , -0.89991981]), array([ 4.39737761, -2.69092707, -0.75570626]), array([ 4.52650781, -2.77295112, -0.60575007]), array([ 4.67279888, -2.83892534, -0.45113265]), array([ 4.83397664, -2.88500549, -0.29312819]), array([ 5.0068868 , -2.90786496, -0.13314636])]
0.2705601222715848
[ 1.932984  3.231102  2.014811  4.01234   5.615843  0.364971 17.172051]
[INFO] [1774442223.561903280] [mpc_node]: Logging State [ 4.0214948  -1.56344005 -2.02570264  0.          0.          0.        ]
[INFO] [1774442223.572239292] [mpc_node]: Logging State [ 4.02004763 -1.56380388 -2.02477328  0.          0.          0.        ]
REF: [[ 4.02004763  4.82779865  4.8341185   4.84260221  4.85423169  4.87132365
   4.88834882  4.89873622  4.90440239  4.90733737  4.90819987  4.90949357
   4.91281886  4.91871432  4.92666318  4.93559857  4.94902773  4.96289969
   4.96819046  4.97253415  4.97603231]
 [-1.56380388 -1.69615533 -1.7200527  -1.74204732 -1.76709049 -1.80029956
  -1.83501227 -1.86208794 -1.88417978 -1.90753386 -1.94062217 -1.97929935
  -2.00305456 -2.02671023 -2.04960889 -2.07194805 -2.10477202 -2.14559124
  -2.16747221 -2.19104384 -2.2165706 ]]
DEBUG STATE: [ 4.02004763 -1.56380388 -2.02477328  0.1         0.          0.
  5.41120245  0.33448924]
DEBUG PARAMS NODE 0: [15.         15.          1.          1.         25.         25.
  0.          0.          0.72730261  0.          0.          0.
  4.02004763 -1.56380388  0.          0.          0.          0.
  0.          0.        ]

iter	qp_stat	qp_iter
0	0	0
1	0	32


PREDICTED STATES: [array([ 4.02004763, -1.56380388, -2.02477328]), array([ 4.01571492, -1.57272232, -2.02438128]), array([ 4.0079349 , -1.59065392, -2.01732951]), array([ 4.00037991, -1.61838764, -1.98756412]), array([ 3.99186786, -1.655663  , -1.94709776]), array([ 3.98337586, -1.70258976, -1.89760969]), array([ 3.97619252, -1.75921719, -1.83838586]), array([ 3.97190647, -1.82548967, -1.76955892]), array([ 3.97237103, -1.90115584, -1.69127367]), array([ 3.97964386, -1.98568363, -1.60368211]), array([ 3.99592957, -2.0781769 , -1.50696672]), array([ 4.02349707, -2.17729598, -1.40134889]), array([ 4.06456894, -2.28119112, -1.28710069]), array([ 4.12118248, -2.38746028, -1.16456143]), array([ 4.19502645, -2.49314434, -1.03415989]), array([ 4.28726321, -2.59477302, -0.89644303]), array([ 4.39835308, -2.68847254, -0.75210976]), array([ 4.52790527, -2.77013904, -0.60204394]), array([ 4.67458373, -2.83566937, -0.44733415]), array([ 4.83609398, -2.88122494, -0.28926189]), array([ 5.00926324, -2.90349061, -0.12924291])]
0.2707326877417759
[ 1.375176  4.42432   0.866458  5.473759  4.860333  0.399532 17.399578]
[INFO] [1774442223.599781500] [mpc_node]: Logging State [ 4.02030281 -1.56207158 -2.02848634  0.          0.          0.        ]
REF: [[ 4.02030281  4.82779865  4.8341185   4.84260221  4.85423169  4.87132365
   4.88834882  4.89873622  4.90440239  4.90733737  4.90819987  4.90949357
   4.91281886  4.91871432  4.92666318  4.93559857  4.94902773  4.96289969
   4.96819046  4.97253415  4.97603231]
 [-1.56207158 -1.69615533 -1.7200527  -1.74204732 -1.76709049 -1.80029956
  -1.83501227 -1.86208794 -1.88417978 -1.90753386 -1.94062217 -1.97929935
  -2.00305456 -2.02671023 -2.04960889 -2.07194805 -2.10477202 -2.14559124
  -2.16747221 -2.19104384 -2.2165706 ]]
DEBUG STATE: [ 4.02030281 -1.56207158 -2.02848634  0.1         0.          0.
  5.41465375  0.33438189]
DEBUG PARAMS NODE 0: [15.         15.          1.          1.         25.         25.
  0.          0.          0.72730261  0.          0.          0.
  4.02030281 -1.56207158  0.          0.          0.          0.
  0.          0.        ]

iter	qp_stat	qp_iter
0	0	0
1	0	32


PREDICTED STATES: [array([ 4.02030281, -1.56207158, -2.02848634]), array([ 4.01593527, -1.5709775 , -2.02809402]), array([ 4.00808614, -1.58889509, -2.02101666]), array([ 4.00042403, -1.61663128, -1.99120787]), array([ 3.99176577, -1.65392426, -1.95069678]), array([ 3.98309326, -1.7008911 , -1.90113776]), array([ 3.97569915, -1.75758825, -1.84181644]), array([ 3.9711792 , -1.82396731, -1.77286713]), array([ 3.97139572, -1.89978335, -1.69443335]), array([ 3.9784177 , -1.98450927, -1.6066671 ]), array([ 3.99446308, -2.07725168, -1.50975161]), array([ 4.02181559, -2.17667065, -1.40390987]), array([ 4.06271317, -2.28091251, -1.28941661]), array([ 4.11920783, -2.38756729, -1.16661515]), array([ 4.1930009 , -2.49366402, -1.03594013]), array([ 4.2852636 , -2.59571747, -0.89794668]), array([ 4.39646023, -2.68983727, -0.75334479]), array([ 4.5261984 , -2.77190353, -0.60303245]), array([ 4.67313557, -2.83779982, -0.44811469]), array([ 4.83496747, -2.88367883, -0.28988984]), array([ 5.00851078, -2.90622165, -0.12978767])]
0.27105386554723887
[ 1.470187  2.877492  0.915258  4.202746  4.607046  0.380779 14.453508]
[INFO] [1774442223.647114172] [mpc_node]: Logging State [ 4.02040827 -1.5622285  -2.02375775  0.          0.          0.        ]
REF: [[ 4.02040827  4.82779865  4.8341185   4.84260221  4.85423169  4.87132365
   4.88834882  4.89873622  4.90440239  4.90733737  4.90819987  4.90949357
   4.91281886  4.91871432  4.92666318  4.93559857  4.94902773  4.96289969
   4.96819046  4.97253415  4.97603231]
 [-1.5622285  -1.69615533 -1.7200527  -1.74204732 -1.76709049 -1.80029956
  -1.83501227 -1.86208794 -1.88417978 -1.90753386 -1.94062217 -1.97929935
  -2.00305456 -2.02671023 -2.04960889 -2.07194805 -2.10477202 -2.14559124
  -2.16747221 -2.19104384 -2.2165706 ]]
DEBUG STATE: [ 4.02040827 -1.5622285  -2.02375775  0.1         0.          0.
  5.42107731  0.33415134]
DEBUG PARAMS NODE 0: [15.         15.          1.          1.         25.         25.
  0.          0.          0.72730261  0.          0.          0.
  4.02040827 -1.5622285   0.          0.          0.          0.
  0.          0.        ]

iter	qp_stat	qp_iter
0	0	0
1	0	32


PREDICTED STATES: [array([ 4.02040827, -1.5622285 , -2.02375775]), array([ 4.01608086, -1.57115923, -2.02336503]), array([ 4.00831492, -1.58912318, -2.01627054]), array([ 4.00078375, -1.61690462, -1.9864463 ]), array([ 3.99230225, -1.65424247, -1.94593108]), array([ 3.98385437, -1.70124556, -1.89637629]), array([ 3.97673214, -1.7579609 , -1.83707134]), array([ 3.97252882, -1.82432986, -1.76815269]), array([ 3.973102  , -1.90009685, -1.68976569]), array([ 3.98051336, -1.98472432, -1.6020635 ]), array([ 3.99697079, -2.07730928, -1.50522988]), array([ 4.02474531, -2.1765038 , -1.39948762]), array([ 4.0660598 , -2.28044863, -1.2851105 ]), array([ 4.12294945, -2.38673139, -1.16243988]), array([ 4.19709801, -2.49238239, -1.03190721]), array([ 4.28965949, -2.59392155, -0.89406288]), array([ 4.40108257, -2.68746723, -0.74961018]), array([ 4.53096198, -2.76891096, -0.59943835]), array([ 4.67794547, -2.83414933, -0.44464198]), array([ 4.83972218, -2.87934843, -0.2865084 ]), array([ 5.01310467, -2.90120248, -0.12645777])]
0.27118952910150623
[ 1.373896  2.772528  0.73855   3.406275 19.91981   0.389388 28.600447]
[INFO] [1774442223.693396668] [mpc_node]: Logging State [ 4.02141572 -1.56091202 -2.02632313  0.          0.          0.        ]
REF: [[ 4.02141572  4.82779865  4.8341185   4.84260221  4.85423169  4.87132365
   4.88834882  4.89873622  4.90440239  4.90733737  4.90819987  4.90949357
   4.91281886  4.91871432  4.92666318  4.93559857  4.94902773  4.96289969
   4.96819046  4.97253415  4.97603231]
 [-1.56091202 -1.69615533 -1.7200527  -1.74204732 -1.76709049 -1.80029956
  -1.83501227 -1.86208794 -1.88417978 -1.90753386 -1.94062217 -1.97929935
  -2.00305456 -2.02671023 -2.04960889 -2.07194805 -2.10477202 -2.14559124
  -2.16747221 -2.19104384 -2.2165706 ]]
DEBUG STATE: [ 4.02141572 -1.56091202 -2.02632313  0.1         0.          0.
  5.42379058  0.33423896]
DEBUG PARAMS NODE 0: [15.         15.          1.          1.         25.         25.
  0.          0.          0.72730261  0.          0.          0.
  4.02141572 -1.56091202  0.          0.          0.          0.
  0.          0.        ]

iter	qp_stat	qp_iter
0	0	0
1	0	32


PREDICTED STATES: [array([ 4.02141572, -1.56091202, -2.02632313]), array([ 4.01706398, -1.56983459, -2.02593008]), array([ 4.00924993, -1.58779112, -2.01881371]), array([ 4.00164394, -1.61557947, -1.98895241]), array([ 3.9930598 , -1.65293854, -1.94839784]), array([ 3.98448567, -1.69998317, -1.89877999]), array([ 3.97721727, -1.75676598, -1.83938787]), array([ 3.97285419, -1.82323378, -1.77035915]), array([ 3.97326204, -1.89913552, -1.69183795]), array([ 3.9805124 , -1.98393664, -1.60397736]), array([ 3.99682473, -2.07673504, -1.50696171]), array([ 4.02448259, -2.1761808 , -1.4010152 ]), array([ 4.06572159, -2.28040936, -1.286414  ]), array([ 4.12258863, -2.38699943, -1.16350317]), array([ 4.1967767 , -2.49296906, -1.03271955]), array([ 4.2894453 , -2.59482339, -0.89462114]), array([ 4.40104367, -2.68866509, -0.74992155]), array([ 4.53116181, -2.77037115, -0.5995232 ]), array([ 4.67843813, -2.83582697, -0.44453601]), array([ 4.84054969, -2.88119241, -0.28626293]), array([ 5.01429662, -2.90316081, -0.12613714])]
0.2714662267122971
[ 4.698345  7.317204  0.791479  3.598537  4.759722  0.41166  21.576947]
REF: [[ 4.02141572  4.82779865  4.8341185   4.84260221  4.85423169  4.87132365
   4.88834882  4.89873622  4.90440239  4.90733737  4.90819987  4.90949357
   4.91281886  4.91871432  4.92666318  4.93559857  4.94902773  4.96289969
   4.96819046  4.97253415  4.97603231]
 [-1.56091202 -1.69615533 -1.7200527  -1.74204732 -1.76709049 -1.80029956
  -1.83501227 -1.86208794 -1.88417978 -1.90753386 -1.94062217 -1.97929935
  -2.00305456 -2.02671023 -2.04960889 -2.07194805 -2.10477202 -2.14559124
  -2.16747221 -2.19104384 -2.2165706 ]]
DEBUG STATE: [ 4.02141572 -1.56091202 -2.02632313  0.1         0.          0.
  5.42932453  0.334098  ]
DEBUG PARAMS NODE 0: [15.         15.          1.          1.         25.         25.
  0.          0.          0.72730261  0.          0.          0.
  4.02141572 -1.56091202  0.          0.          0.          0.
  0.          0.        ]

iter	qp_stat	qp_iter
0	0	0
1	0	32


PREDICTED STATES: [array([ 4.02141572, -1.56091202, -2.02632313]), array([ 4.01706199, -1.56983874, -2.02592966]), array([ 4.00924601, -1.58780686, -2.01879247]), array([ 4.00163833, -1.61561236, -1.98890557]), array([ 3.99305158, -1.65299203, -1.94833199]), array([ 3.98447675, -1.70005972, -1.89869103]), array([ 3.97721054, -1.7568668 , -1.83927413]), array([ 3.97285358, -1.82335882, -1.77022086]), array([ 3.97327209, -1.8992834 , -1.69167608]), array([ 3.98053794, -1.98410465, -1.60379356]), array([ 3.99687047, -2.07691906, -1.50675826]), array([ 4.02455275, -2.17637542, -1.4007948 ]), array([ 4.06581942, -2.28060797, -1.28617969]), array([ 4.12271601, -2.38719451, -1.16325822]), array([ 4.19693385, -2.49315252, -1.0324673 ]), array([ 4.28963052, -2.59498703, -0.89436491]), array([ 4.40125328, -2.68880111, -0.74966444]), array([ 4.53139026, -2.77047263, -0.59926787]), array([ 4.67867829, -2.83588831, -0.44428446]), array([ 4.84079319, -2.88120959, -0.28601619]), array([ 5.01453433, -2.90313149, -0.12589511])]
0.27167311514740977
[ 7.549371  7.347926  2.222784  8.330386 13.949974  0.674099 40.07454 ]
REF: [[ 4.02141572  4.82779865  4.8341185   4.84260221  4.85423169  4.87132365
   4.88834882  4.89873622  4.90440239  4.90733737  4.90819987  4.90949357
   4.91281886  4.91871432  4.92666318  4.93559857  4.94902773  4.96289969
   4.96819046  4.97253415  4.97603231]
 [-1.56091202 -1.69615533 -1.7200527  -1.74204732 -1.76709049 -1.80029956
  -1.83501227 -1.86208794 -1.88417978 -1.90753386 -1.94062217 -1.97929935
  -2.00305456 -2.02671023 -2.04960889 -2.07194805 -2.10477202 -2.14559124
  -2.16747221 -2.19104384 -2.2165706 ]]
DEBUG STATE: [ 4.02141572 -1.56091202 -2.02632313  0.1         0.          0.
  5.4334623   0.33411003]
DEBUG PARAMS NODE 0: [15.         15.          1.          1.         25.         25.
  0.          0.          0.72730261  0.          0.          0.
  4.02141572 -1.56091202  0.          0.          0.          0.
  0.          0.        ]

iter	qp_stat	qp_iter
0	0	0
1	0	32


PREDICTED STATES: [array([ 4.02141572, -1.56091202, -2.02632313]), array([ 4.01706029, -1.56984229, -2.02592932]), array([ 4.00924232, -1.58782232, -2.01877121]), array([ 4.00163207, -1.61564812, -1.98885256]), array([ 3.99304145, -1.65305562, -1.9482536 ]), array([ 3.98446464, -1.70015848, -1.89857774]), array([ 3.97720013, -1.75700749, -1.83911843]), array([ 3.97285099, -1.82354746, -1.77001719]), array([ 3.9732858 , -1.89952479, -1.69141918]), array([ 3.98057882, -1.98440188, -1.60347876]), array([ 3.99695162, -2.07727289, -1.50638147]), array([ 4.02468912, -2.17678355, -1.40035267]), array([ 4.06602719, -2.28106437, -1.28566971]), array([ 4.12301163, -2.38768881, -1.16267894]), array([ 4.1973328 , -2.49366972, -1.03181869]), array([ 4.29014583, -2.59550755, -0.89364879]), array([ 4.40189403, -2.68930142, -0.74888503]), array([ 4.53216011, -2.7709265 , -0.59843235]), array([ 4.67957459, -2.83626858, -0.4434033 ]), array([ 4.84180673, -2.8814903 , -0.28510305]), array([ 5.01564995, -2.90328989, -0.12496603])]
0.27190998344410816
[ 3.724332  7.262835  1.416393 10.750745  7.044076  0.617426 30.815807]
[INFO] [1774442223.820028316] [mpc_node]: Logging State [ 4.02122005 -1.55929697 -2.02697844  0.          0.          0.        ]
REF: [[ 4.02122005  4.82779865  4.8341185   4.84260221  4.85423169  4.87132365
   4.88834882  4.89873622  4.90440239  4.90733737  4.90819987  4.90949357
   4.91281886  4.91871432  4.92666318  4.93559857  4.94902773  4.96289969
   4.96819046  4.97253415  4.97603231]
 [-1.55929697 -1.69615533 -1.7200527  -1.74204732 -1.76709049 -1.80029956
  -1.83501227 -1.86208794 -1.88417978 -1.90753386 -1.94062217 -1.97929935
  -2.00305456 -2.02671023 -2.04960889 -2.07194805 -2.10477202 -2.14559124
  -2.16747221 -2.19104384 -2.2165706 ]]
DEBUG STATE: [ 4.02122005 -1.55929697 -2.02697844  0.1         0.          0.
  5.43819967  0.33384592]
DEBUG PARAMS NODE 0: [15.         15.          1.          1.         25.         25.
  0.          0.          0.72730261  0.          0.          0.
  4.02122005 -1.55929697  0.          0.          0.          0.
  0.          0.        ]

iter	qp_stat	qp_iter
0	0	0
1	0	32


PREDICTED STATES: [array([ 4.02122005, -1.55929697, -2.02697844]), array([ 4.01685683, -1.56822843, -2.0265843 ]), array([ 4.0090248 , -1.58621696, -2.01940227]), array([ 4.00139328, -1.61406188, -1.98944713]), array([ 3.99277304, -1.65149868, -1.9488164 ]), array([ 3.9841621 , -1.69864278, -1.89909407]), array([ 3.97686148, -1.75554622, -1.83957501]), array([ 3.97247809, -1.82215477, -1.77040244]), array([ 3.97288485, -1.89821513, -1.69172134]), array([ 3.98016094, -1.98318902, -1.60368647]), array([ 3.99653321, -2.07616874, -1.50648402]), array([ 4.0242918 , -2.17579667, -1.40034033]), array([ 4.06567728, -2.28019838, -1.2855342 ]), array([ 4.12273902, -2.38694085, -1.162414  ]), array([ 4.19716913, -2.49302912, -1.0314209 ]), array([ 4.29012202, -2.59495527, -0.89311864]), array([ 4.40203747, -2.68881029, -0.74822819]), array([ 4.5324919 , -2.77046273, -0.597661  ]), array([ 4.6801073 , -2.83579441, -0.4425371 ]), array([ 4.84254348, -2.88096729, -0.28416907]), array([ 5.01658488, -2.90268235, -0.12399727])]
0.27217776957763345
[ 1.151969  3.621065  0.761462  4.287261  6.066224  1.205699 17.09368 ]
[INFO] [1774442223.841907928] [mpc_node]: Logging State [ 4.0221369  -1.5606336  -2.02873833  0.          0.          0.        ]
[INFO] [1774442223.844814604] [mpc_node]: Logging State [ 4.02086075 -1.55587894 -2.02888254  0.          0.          0.        ]
[INFO] [1774442223.847387223] [mpc_node]: Logging State [ 4.02027754 -1.55216387 -2.02813089  0.          0.          0.        ]
[INFO] [1774442223.857336952] [mpc_node]: Logging State [ 4.02029513 -1.55129531 -2.0323903   0.          0.          0.        ]
REF: [[ 4.02029513  4.82779865  4.8341185   4.84260221  4.85423169  4.87132365
   4.88834882  4.89873622  4.90440239  4.90733737  4.90819987  4.90949357
   4.91281886  4.91871432  4.92666318  4.93559857  4.94902773  4.96289969
   4.96819046  4.97253415  4.97603231]
 [-1.55129531 -1.69615533 -1.7200527  -1.74204732 -1.76709049 -1.80029956
  -1.83501227 -1.86208794 -1.88417978 -1.90753386 -1.94062217 -1.97929935
  -2.00305456 -2.02671023 -2.04960889 -2.07194805 -2.10477202 -2.14559124
  -2.16747221 -2.19104384 -2.2165706 ]]
DEBUG STATE: [ 4.02029513 -1.55129531 -2.0323903   0.1         0.          0.
  5.44355539  0.33367036]
DEBUG PARAMS NODE 0: [15.         15.          1.          1.         25.         25.
  0.          0.          0.72730261  0.          0.          0.
  4.02029513 -1.55129531  0.          0.          0.          0.
  0.          0.        ]

iter	qp_stat	qp_iter
0	0	0
1	0	32


PREDICTED STATES: [array([ 4.02029513, -1.55129531, -2.0323903 ]), array([ 4.01588086, -1.56020873, -2.03199568]), array([ 4.00794744, -1.57817864, -2.0247724 ]), array([ 4.00015801, -1.60603108, -1.99474545]), array([ 3.99132243, -1.64350044, -1.95404293]), array([ 3.98244595, -1.69071342, -1.90420611]), array([ 3.97483625, -1.74773304, -1.84453004]), array([ 3.9701117 , -1.814516  , -1.77516001]), array([ 3.97015972, -1.89081844, -1.69623901]), array([ 3.97707765, -1.97610908, -1.60792179]), array([ 3.99311355, -2.06948343, -1.51039575]), array([ 4.02058098, -2.16958217, -1.40388987]), array([ 4.06174448, -2.2745232 , -1.28868733]), array([ 4.11867599, -2.38185931, -1.16514322]), array([ 4.19308626, -2.4885753 , -1.03370843]), array([ 4.28614201, -2.59113818, -0.8949604 ]), array([ 4.39828697, -2.68561187, -0.74963858]), array([ 4.52909244, -2.76783931, -0.59867792]), array([ 4.67716736, -2.83368198, -0.44322556]), array([ 4.84015356, -2.87928949, -0.28462137]), array([ 5.01481685, -2.90135893, -0.12432792])]
0.27269074137768046
[ 1.639695  6.233749  3.058393  9.466643  6.792454  0.359594 27.550528]
[INFO] [1774442223.901056334] [mpc_node]: Logging State [ 4.01919952 -1.54811536 -2.03012368  0.          0.          0.        ]
REF: [[ 4.01919952  4.82779865  4.8341185   4.84260221  4.85423169  4.87132365
   4.88834882  4.89873622  4.90440239  4.90733737  4.90819987  4.90949357
   4.91281886  4.91871432  4.92666318  4.93559857  4.94902773  4.96289969
   4.96819046  4.97253415  4.97603231]
 [-1.54811536 -1.69615533 -1.7200527  -1.74204732 -1.76709049 -1.80029956
  -1.83501227 -1.86208794 -1.88417978 -1.90753386 -1.94062217 -1.97929935
  -2.00305456 -2.02671023 -2.04960889 -2.07194805 -2.10477202 -2.14559124
  -2.16747221 -2.19104384 -2.2165706 ]]
DEBUG STATE: [ 4.01919952 -1.54811536 -2.03012368  0.1         0.          0.
  5.45381483  0.33326676]
DEBUG PARAMS NODE 0: [15.         15.          1.          1.         25.         25.
  0.          0.          0.72730261  0.          0.          0.
  4.01919952 -1.54811536  0.          0.          0.          0.
  0.          0.        ]

iter	qp_stat	qp_iter
0	0	0
1	0	32


PREDICTED STATES: [array([ 4.01919952, -1.54811536, -2.03012368]), array([ 4.01480164, -1.55704663, -2.02972833]), array([ 4.00690509, -1.57505729, -2.02246367]), array([ 3.99917447, -1.60296234, -1.99238184]), array([ 3.99041759, -1.64049589, -1.95163836]), array([ 3.98164545, -1.68778104, -1.90174894]), array([ 3.97416832, -1.74487595, -1.84201337]), array([ 3.96960739, -1.81173161, -1.77258041]), array([ 3.96985192, -1.88809745, -1.69359421]), array([ 3.97699999, -1.97343454, -1.60521085]), array([ 3.99329899, -2.06683   , -1.50761897]), array([ 4.02105996, -2.16691553, -1.40104864]), array([ 4.06254275, -2.2717999 , -1.28578411]), array([ 4.11981216, -2.37902717, -1.16218153]), array([ 4.19456923, -2.48557449, -1.03069296]), array([ 4.28796855, -2.58790314, -0.89189711]), array([ 4.40043968, -2.68207405, -0.74653487]), array([ 4.5315385 , -2.76393071, -0.59554268]), array([ 4.67985839, -2.82933906, -0.440069  ]), array([ 4.84302671, -2.87445707, -0.28145443]), array([ 5.01779712, -2.89599361, -0.12116132])]
0.27310957538262914
[ 2.301859  8.32517   0.749238 15.082262 18.743073  0.379723 45.581325]
REF: [[ 4.01919952  4.82779865  4.8341185   4.84260221  4.85423169  4.87132365
   4.88834882  4.89873622  4.90440239  4.90733737  4.90819987  4.90949357
   4.91281886  4.91871432  4.92666318  4.93559857  4.94902773  4.96289969
   4.96819046  4.97253415  4.97603231]
 [-1.54811536 -1.69615533 -1.7200527  -1.74204732 -1.76709049 -1.80029956
  -1.83501227 -1.86208794 -1.88417978 -1.90753386 -1.94062217 -1.97929935
  -2.00305456 -2.02671023 -2.04960889 -2.07194805 -2.10477202 -2.14559124
  -2.16747221 -2.19104384 -2.2165706 ]]
DEBUG STATE: [ 4.01919952 -1.54811536 -2.03012368  0.1         0.          0.
  5.46219151  0.33314537]
DEBUG PARAMS NODE 0: [15.         15.          1.          1.         25.         25.
  0.          0.          0.72730261  0.          0.          0.
  4.01919952 -1.54811536  0.          0.          0.          0.
  0.          0.        ]

iter	qp_stat	qp_iter
0	0	0
1	0	32


PREDICTED STATES: [array([ 4.01919952, -1.54811536, -2.03012368]), array([ 4.01479828, -1.55705358, -2.02972762]), array([ 4.00689804, -1.57508689, -2.02242236]), array([ 3.99916239, -1.6030308 , -1.9922819 ]), array([ 3.9903976 , -1.64061936, -1.95148824]), array([ 3.98162071, -1.6879768 , -1.90152682]), array([ 3.97414591, -1.74516143, -1.84170057]), array([ 3.96960002, -1.8121237 , -1.772161  ]), array([ 3.96987825, -1.88861128, -1.69305227]), array([ 3.97708512, -1.97408202, -1.60453124]), array([ 3.99347446, -2.06761796, -1.50678764]), array([ 4.02136315, -2.16784365, -1.4000531 ]), array([ 4.06301555, -2.27285857, -1.28461397]), array([ 4.12049866, -2.38019561, -1.16082936]), array([ 4.1955126 , -2.48681941, -1.02915538]), array([ 4.28920705, -2.58917858, -0.89017627]), array([ 4.40200236, -2.68332268, -0.74464025]), array([ 4.53344121, -2.7650869 , -0.59349284]), array([ 4.68210095, -2.83033362, -0.43789273]), array([ 4.84559205, -2.87522287, -0.27919047]), array([ 5.02065275, -2.89647096, -0.11885596])]
0.27354900821468264
[ 1.094111  2.541514  0.736694  7.10795  18.623357  0.375147 30.478773]
[INFO] [1774442223.996595590] [mpc_node]: Logging State [ 4.01751685 -1.55132361 -2.02529586  0.          0.          0.        ]
REF: [[ 4.01751685  4.82779865  4.8341185   4.84260221  4.85423169  4.87132365
   4.88834882  4.89873622  4.90440239  4.90733737  4.90819987  4.90949357
   4.91281886  4.91871432  4.92666318  4.93559857  4.94902773  4.96289969
   4.96819046  4.97253415  4.97603231]
 [-1.55132361 -1.69615533 -1.7200527  -1.74204732 -1.76709049 -1.80029956
  -1.83501227 -1.86208794 -1.88417978 -1.90753386 -1.94062217 -1.97929935
  -2.00305456 -2.02671023 -2.04960889 -2.07194805 -2.10477202 -2.14559124
  -2.16747221 -2.19104384 -2.2165706 ]]
DEBUG STATE: [ 4.01751685 -1.55132361 -2.02529586  0.1         0.          0.
  5.47098016  0.33302254]
DEBUG PARAMS NODE 0: [15.         15.          1.          1.         25.         25.
  0.          0.          0.72730261  0.          0.          0.
  4.01751685 -1.55132361  0.          0.          0.          0.
  0.          0.        ]

iter	qp_stat	qp_iter
0	0	0
1	0	32


PREDICTED STATES: [array([ 4.01751685, -1.55132361, -2.02529586]), array([ 4.01315574, -1.56028938, -2.0248991 ]), array([ 4.0053398 , -1.57837812, -2.01756219]), array([ 3.99773661, -1.60638334, -1.98738407]), array([ 3.98915036, -1.64404102, -1.94656578]), array([ 3.98060232, -1.69146801, -1.89657722]), array([ 3.97340791, -1.74871367, -1.83672568]), array([ 3.96919427, -1.81571823, -1.76716551]), array([ 3.96985507, -1.89221803, -1.68804227]), array([ 3.97749105, -1.97765889, -1.59951403]), array([ 3.99434972, -2.07111056, -1.50177132]), array([ 4.02273871, -2.17118568, -1.39504616]), array([ 4.06491012, -2.27597288, -1.27962497]), array([ 4.12291577, -2.38299615, -1.15586643]), array([ 4.19843802, -2.48921404, -1.02422571]), array([ 4.29260693, -2.59107266, -0.88528541]), array([ 4.40582226, -2.6846232 , -0.73979135]), array([ 4.53760632, -2.76570688, -0.58868571]), array([ 4.68651748, -2.83019633, -0.43312313]), array([ 4.85014958, -2.87426556, -0.27444971]), array([ 5.02522731, -2.89464798, -0.11413135])]
0.27384650189225074
[ 4.357374 13.454599  0.828408  3.326977  8.468342  1.076511 31.512211]
[INFO] [1774442224.033453845] [mpc_node]: Logging State [ 4.0196375  -1.5519869  -2.02961694  0.          0.          0.        ]
REF: [[ 4.0196375   4.82779865  4.8341185   4.84260221  4.85423169  4.87132365
   4.88834882  4.89873622  4.90440239  4.90733737  4.90819987  4.90949357
   4.91281886  4.91871432  4.92666318  4.93559857  4.94902773  4.96289969
   4.96819046  4.97253415  4.97603231]
 [-1.5519869  -1.69615533 -1.7200527  -1.74204732 -1.76709049 -1.80029956
  -1.83501227 -1.86208794 -1.88417978 -1.90753386 -1.94062217 -1.97929935
  -2.00305456 -2.02671023 -2.04960889 -2.07194805 -2.10477202 -2.14559124
  -2.16747221 -2.19104384 -2.2165706 ]]
DEBUG STATE: [ 4.0196375  -1.5519869  -2.02961694  0.1         0.          0.
  5.47693004  0.33310455]
DEBUG PARAMS NODE 0: [15.         15.          1.          1.         25.         25.
  0.          0.          0.72730261  0.          0.          0.
  4.0196375  -1.5519869   0.          0.          0.          0.
  0.          0.        ]

iter	qp_stat	qp_iter
0	0	0
1	0	32


PREDICTED STATES: [array([ 4.0196375 , -1.5519869 , -2.02961694]), array([ 4.01523506, -1.56093918, -2.02921956]), array([ 4.00733797, -1.57901376, -2.02184728]), array([ 3.99960877, -1.60702294, -1.99161462]), array([ 3.9908515 , -1.64469975, -1.95074491]), array([ 3.98209268, -1.69216826, -1.9006778 ]), array([ 3.97465208, -1.74948516, -1.84072242]), array([ 3.97016409, -1.81659834, -1.77103495]), array([ 3.97053149, -1.89325123, -1.6917602 ]), array([ 3.97786643, -1.97889553, -1.60305655]), array([ 3.99442987, -2.07260483, -1.50511553]), array([ 4.02254448, -2.1729928 , -1.39817094]), array([ 4.06447814, -2.27814561, -1.28251197]), array([ 4.12229802, -2.38558087, -1.1585014 ]), array([ 4.19770002, -2.49224696, -1.02660027]), array([ 4.29182444, -2.59457664, -0.8873994 ]), array([ 4.40507682, -2.68860606, -0.74165558]), array([ 4.53698026, -2.77016163, -0.59032481]), array([ 4.68608946, -2.83510339, -0.43457743]), array([ 4.8499918 , -2.87959651, -0.27577498]), array([ 5.02540481, -2.90036941, -0.1153954 ])]
0.274251250465052
[ 1.052542  2.418279  8.309201  8.789407  8.637563  0.348234 29.555226]
[INFO] [1774442224.067199722] [mpc_node]: Logging State [ 4.01885579 -1.54850739 -2.03194185  0.          0.          0.        ]
REF: [[ 4.01885579  4.82779865  4.8341185   4.84260221  4.85423169  4.87132365
   4.88834882  4.89873622  4.90440239  4.90733737  4.90819987  4.90949357
   4.91281886  4.91871432  4.92666318  4.93559857  4.94902773  4.96289969
   4.96819046  4.97253415  4.97603231]
 [-1.54850739 -1.69615533 -1.7200527  -1.74204732 -1.76709049 -1.80029956
  -1.83501227 -1.86208794 -1.88417978 -1.90753386 -1.94062217 -1.97929935
  -2.00305456 -2.02671023 -2.04960889 -2.07194805 -2.10477202 -2.14559124
  -2.16747221 -2.19104384 -2.2165706 ]]
DEBUG STATE: [ 4.01885579 -1.54850739 -2.03194185  0.1         0.          0.
  5.48502501  0.3329832 ]
DEBUG PARAMS NODE 0: [15.         15.          1.          1.         25.         25.
  0.          0.          0.72730261  0.          0.          0.
  4.01885579 -1.54850739  0.          0.          0.          0.
  0.          0.        ]

iter	qp_stat	qp_iter
0	0	0
1	0	32


PREDICTED STATES: [array([ 4.01885579, -1.54850739, -2.03194185]), array([ 4.01442933, -1.55745605, -2.03154378]), array([ 4.00648679, -1.57553338, -2.02413298]), array([ 3.99868759, -1.60356023, -1.99384665]), array([ 3.98983539, -1.6412665 , -1.95293121]), array([ 3.98096181, -1.68877939, -1.90279912]), array([ 3.97339   , -1.74615855, -1.84276297]), array([ 3.9687594 , -1.81335503, -1.77298137]), array([ 3.96897852, -1.89011498, -1.69359932]), array([ 3.97616625, -1.97589202, -1.60477599]), array([ 3.99259112, -2.0697605 , -1.50670397]), array([ 4.02058384, -2.17033319, -1.39961848]), array([ 4.06242033, -2.27569351, -1.28381058]), array([ 4.12017511, -2.38335428, -1.15964566]), array([ 4.19554998, -2.49025722, -1.02758828]), array([ 4.28968897, -2.59282712, -0.88823403]), array([ 4.40299864, -2.68709173, -0.74234595]), array([ 4.53500028, -2.76886971, -0.59088774]), array([ 4.68424446, -2.83401527, -0.43503831]), array([ 4.84831317, -2.8786902 , -0.27616727]), array([ 5.02391871, -2.89962207, -0.11575841])]
0.2746599605804328
[ 6.53619   2.513321  0.69202   8.520024  9.346063  1.721906 29.329524]
[INFO] [1774442224.109473590] [mpc_node]: Logging State [ 4.01949205 -1.54979512 -2.02922063  0.          0.          0.        ]
REF: [[ 4.01949205  4.82779865  4.8341185   4.84260221  4.85423169  4.87132365
   4.88834882  4.89873622  4.90440239  4.90733737  4.90819987  4.90949357
   4.91281886  4.91871432  4.92666318  4.93559857  4.94902773  4.96289969
   4.96819046  4.97253415  4.97603231]
 [-1.54979512 -1.69615533 -1.7200527  -1.74204732 -1.76709049 -1.80029956
  -1.83501227 -1.86208794 -1.88417978 -1.90753386 -1.94062217 -1.97929935
  -2.00305456 -2.02671023 -2.04960889 -2.07194805 -2.10477202 -2.14559124
  -2.16747221 -2.19104384 -2.2165706 ]]
DEBUG STATE: [ 4.01949205 -1.54979512 -2.02922063  0.1         0.          0.
  5.49319921  0.33289622]
DEBUG PARAMS NODE 0: [15.         15.          1.          1.         25.         25.
  0.          0.          0.72730261  0.          0.          0.
  4.01949205 -1.54979512  0.          0.          0.          0.
  0.          0.        ]

iter	qp_stat	qp_iter
0	0	0
1	0	31


PREDICTED STATES: [array([ 4.01949205, -1.54979512, -2.02922063]), array([ 4.01508716, -1.55876154, -2.0288219 ]), array([ 4.00719151, -1.57687506, -2.02138385]), array([ 3.99946679, -1.60494155, -1.99106816]), array([ 3.99071559, -1.64268978, -1.95013608]), array([ 3.98197257, -1.69024098, -1.89998962]), array([ 3.9745612 , -1.74764817, -1.83994569]), array([ 3.97012011, -1.81485529, -1.77016555]), array([ 3.9705553 , -1.89160117, -1.69079585]), array([ 3.97798128, -1.9773323 , -1.60199697]), array([ 3.99466029, -2.07111643, -1.50396216]), array([ 4.02291486, -2.17156086, -1.39692675]), array([ 4.06501102, -2.27674517, -1.28118133]), array([ 4.12301221, -2.38418051, -1.15709004]), array([ 4.19860858, -2.49080943, -1.02511531]), array([ 4.29293276, -2.5930602 , -0.88584945]), array([ 4.40638105, -2.68696637, -0.7400508 ]), array([ 4.53846627, -2.76835425, -0.58867693]), array([ 4.68773273, -2.8330866 , -0.43289946]), array([ 4.85175819, -2.87733401, -0.27408049]), array([ 5.02725228, -2.89783261, -0.11369749])]
0.27490028804610706
[ 1.17373   2.559146  0.710837  6.393722 16.867018  0.339625 28.044078]
[INFO] [1774442224.140813829] [mpc_node]: Logging State [ 4.01812027 -1.54778845 -2.02920104  0.          0.          0.        ]
REF: [[ 4.01812027  4.82779865  4.8341185   4.84260221  4.85423169  4.87132365
   4.88834882  4.89873622  4.90440239  4.90733737  4.90819987  4.90949357
   4.91281886  4.91871432  4.92666318  4.93559857  4.94902773  4.96289969
   4.96819046  4.97253415  4.97603231]
 [-1.54778845 -1.69615533 -1.7200527  -1.74204732 -1.76709049 -1.80029956
  -1.83501227 -1.86208794 -1.88417978 -1.90753386 -1.94062217 -1.97929935
  -2.00305456 -2.02671023 -2.04960889 -2.07194805 -2.10477202 -2.14559124
  -2.16747221 -2.19104384 -2.2165706 ]]
DEBUG STATE: [ 4.01812027 -1.54778845 -2.02920104  0.1         0.          0.
  5.49800576  0.33302918]
DEBUG PARAMS NODE 0: [15.         15.          1.          1.         25.         25.
  0.          0.          0.72730261  0.          0.          0.
  4.01812027 -1.54778845  0.          0.          0.          0.
  0.          0.        ]

iter	qp_stat	qp_iter
0	0	0
1	0	32


PREDICTED STATES: [array([ 4.01812027, -1.54778845, -2.02920104]), array([ 4.01371339, -1.55675945, -2.02880178]), array([ 4.00581549, -1.57488975, -2.02133369]), array([ 3.99808665, -1.60298803, -1.99097195]), array([ 3.98932864, -1.64078537, -1.94999532]), array([ 3.9805809 , -1.68840568, -1.89978003]), array([ 3.97317101, -1.74590361, -1.83964462]), array([ 3.96874384, -1.81322382, -1.76975162]), array([ 3.9692126 , -1.89010433, -1.69024689]), array([ 3.97670001, -1.97598883, -1.60129105]), array([ 3.99347695, -2.06993988, -1.50307817]), array([ 4.02187428, -2.17055677, -1.39584514]), array([ 4.064165  , -2.27590801, -1.27988507]), array([ 4.12241697, -2.38349094, -1.15556587]), array([ 4.19832082, -2.49023219, -1.0233554 ]), array([ 4.29300467, -2.59254339, -0.88385358]), array([ 4.40685463, -2.68644277, -0.73782897]), array([ 4.53936797, -2.76774498, -0.58625195]), array([ 4.6890695 , -2.83230703, -0.43030866]), array([ 4.85351614, -2.87630089, -0.27137537]), array([ 5.02939836, -2.89647103, -0.11094041])]
0.2752444779905104
[ 1.102048  2.445447  0.694932  7.310964 11.054434  0.337801 22.945626]
[INFO] [1774442224.166608402] [mpc_node]: Logging State [ 4.01600941 -1.54745387 -2.03060598  0.          0.          0.        ]
[INFO] [1774442224.168417415] [mpc_node]: Logging State [ 4.01963258 -1.54512881 -2.03545635  0.          0.          0.        ]
[INFO] [1774442224.178237828] [mpc_node]: Logging State [ 4.02165634 -1.54639972 -2.04064452  0.          0.          0.        ]
REF: [[ 4.02165634  4.82779865  4.8341185   4.84260221  4.85423169  4.87132365
   4.88834882  4.89873622  4.90440239  4.90733737  4.90819987  4.90949357
   4.91281886  4.91871432  4.92666318  4.93559857  4.94902773  4.96289969
   4.96819046  4.97253415  4.97603231]
 [-1.54639972 -1.69615533 -1.7200527  -1.74204732 -1.76709049 -1.80029956
  -1.83501227 -1.86208794 -1.88417978 -1.90753386 -1.94062217 -1.97929935
  -2.00305456 -2.02671023 -2.04960889 -2.07194805 -2.10477202 -2.14559124
  -2.16747221 -2.19104384 -2.2165706 ]]
DEBUG STATE: [ 4.02165634 -1.54639972 -2.04064452  0.1         0.          0.
  5.50488956  0.33293428]
DEBUG PARAMS NODE 0: [15.         15.          1.          1.         25.         25.
  0.          0.          0.72730261  0.          0.          0.
  4.02165634 -1.54639972  0.          0.          0.          0.
  0.          0.        ]

iter	qp_stat	qp_iter
0	0	0
1	0	32


PREDICTED STATES: [array([ 4.02165634, -1.54639972, -2.04064452]), array([ 4.01714392, -1.55532608, -2.04024461]), array([ 4.00903475, -1.57338982, -2.03273366]), array([ 4.00097757, -1.60144478, -2.00230663]), array([ 3.99177625, -1.63921151, -1.96126681]), array([ 3.98247554, -1.68682949, -1.91095407]), array([ 3.97440823, -1.74437087, -1.85068952]), array([ 3.96922869, -1.81180012, -1.7806374 ]), array([ 3.96886327, -1.88887592, -1.70094261]), array([ 3.97545262, -1.97506228, -1.61176616]), array([ 3.99129045, -2.06944035, -1.51330338]), array([ 4.0187353 , -2.17062471, -1.40579345]), array([ 4.06009195, -2.27669436, -1.28953312]), array([ 4.11746285, -2.38515083, -1.16489567]), array([ 4.19257435, -2.49291785, -1.0323567 ]), array([ 4.28658905, -2.59639684, -0.8925269 ]), array([ 4.39992418, -2.69158925, -0.74618923]), array([ 4.532103  , -2.77428806, -0.59433209]), array([ 4.68167052, -2.84032575, -0.43816187]), array([ 4.84619854, -2.88584869, -0.27907439]), array([ 5.02238833, -2.90757543, -0.11857276])]
0.27573438118850735
[ 1.351975 15.770666  0.821048  7.334197  9.706618  0.715669 35.700173]
[INFO] [1774442224.229150411] [mpc_node]: Logging State [ 4.0190663  -1.54635962 -2.03854395  0.          0.          0.        ]
REF: [[ 4.0190663   4.82779865  4.8341185   4.84260221  4.85423169  4.87132365
   4.88834882  4.89873622  4.90440239  4.90733737  4.90819987  4.90949357
   4.91281886  4.91871432  4.92666318  4.93559857  4.94902773  4.96289969
   4.96819046  4.97253415  4.97603231]
 [-1.54635962 -1.69615533 -1.7200527  -1.74204732 -1.76709049 -1.80029956
  -1.83501227 -1.86208794 -1.88417978 -1.90753386 -1.94062217 -1.97929935
  -2.00305456 -2.02671023 -2.04960889 -2.07194805 -2.10477202 -2.14559124
  -2.16747221 -2.19104384 -2.2165706 ]]
DEBUG STATE: [ 4.0190663  -1.54635962 -2.03854395  0.1         0.          0.
  5.51468762  0.33269665]
DEBUG PARAMS NODE 0: [15.         15.          1.          1.         25.         25.
  0.          0.          0.72730261  0.          0.          0.
  4.0190663  -1.54635962  0.          0.          0.          0.
  0.          0.        ]

iter	qp_stat	qp_iter
0	0	0
1	0	32


PREDICTED STATES: [array([ 4.0190663 , -1.54635962, -2.03854395]), array([ 4.01456947, -1.55530183, -2.03814333]), array([ 4.00649628, -1.57339544, -2.03060547]), array([ 3.99849739, -1.60147868, -2.00015586]), array([ 3.98937622, -1.63926744, -1.95911082]), array([ 3.98017952, -1.68689352, -1.90880613]), array([ 3.9722387 , -1.74442139, -1.8485683 ]), array([ 3.96720439, -1.81180818, -1.77856469]), array([ 3.96699679, -1.88880606, -1.69894268]), array([ 3.97374792, -1.97487394, -1.60986472]), array([ 3.98974071, -2.06908992, -1.51152663]), array([ 4.01732115, -2.17006835, -1.40416701]), array([ 4.05878071, -2.27589139, -1.28808077]), array([ 4.11620889, -2.38406752, -1.16363785]), array([ 4.19132086, -2.4915311 , -1.03130856]), array([ 4.28527142, -2.59469708, -0.89169579]), array([ 4.39847452, -2.68958188, -0.74557174]), array([ 4.53045521, -2.77199286, -0.59391098]), array([ 4.6797647 , -2.83777412, -0.43790395]), array([ 4.84398379, -2.88307939, -0.27893052]), array([ 5.01982318, -2.90463007, -0.11848094])]
0.27593545927207436
[ 1.784532  6.440027  1.30119   4.269564  8.738334  0.364811 22.898458]
[INFO] [1774442224.261154541] [mpc_node]: Logging State [ 4.01918163 -1.54748937 -2.03016745  0.          0.          0.        ]
REF: [[ 4.01918163  4.82779865  4.8341185   4.84260221  4.85423169  4.87132365
   4.88834882  4.89873622  4.90440239  4.90733737  4.90819987  4.90949357
   4.91281886  4.91871432  4.92666318  4.93559857  4.94902773  4.96289969
   4.96819046  4.97253415  4.97603231]
 [-1.54748937 -1.69615533 -1.7200527  -1.74204732 -1.76709049 -1.80029956
  -1.83501227 -1.86208794 -1.88417978 -1.90753386 -1.94062217 -1.97929935
  -2.00305456 -2.02671023 -2.04960889 -2.07194805 -2.10477202 -2.14559124
  -2.16747221 -2.19104384 -2.2165706 ]]
DEBUG STATE: [ 4.01918163 -1.54748937 -2.03016745  0.1         0.          0.
  5.51870919  0.33294199]
DEBUG PARAMS NODE 0: [15.         15.          1.          1.         25.         25.
  0.          0.          0.72730261  0.          0.          0.
  4.01918163 -1.54748937  0.          0.          0.          0.
  0.          0.        ]

iter	qp_stat	qp_iter
0	0	0
1	0	32


PREDICTED STATES: [array([ 4.01918163, -1.54748937, -2.03016745]), array([ 4.01475869, -1.55647137, -2.0297664 ]), array([ 4.0068365 , -1.57463681, -2.02221997]), array([ 3.9990734 , -1.60278853, -1.99176647]), array([ 3.99027057, -1.6406486 , -1.95072577]), array([ 3.98147601, -1.68833686, -1.90043574]), array([ 3.97402031, -1.74590383, -1.84022528]), array([ 3.96955101, -1.81329069, -1.7702632 ]), array([ 3.96998234, -1.89023226, -1.69069834]), array([ 3.97743681, -1.97616963, -1.60169387]), array([ 3.99418382, -2.07016335, -1.50344575]), array([ 4.02255167, -2.17081161, -1.39619207]), array([ 4.06480996, -2.27618301, -1.28022644]), array([ 4.12302271, -2.38377629, -1.15591656]), array([ 4.19887691, -2.49052097, -1.02372926]), array([ 4.29349779, -2.59283285, -0.88426237]), array([ 4.40726992, -2.68673523, -0.73828113]), array([ 4.53969083, -2.76804795, -0.58675123]), array([ 4.68928736, -2.83263254, -0.43085283]), array([ 4.85361984, -2.87666405, -0.27195557]), array([ 5.02938268, -2.89688818, -0.11154145])]
0.27598077332098664
[ 1.382888  2.944086  0.714997  3.710603  4.993361  0.497423 14.243358]
[INFO] [1774442224.278528358] [mpc_node]: Logging State [ 4.02174844 -1.5488143  -2.03068623  0.          0.          0.        ]
[INFO] [1774442224.280303386] [mpc_node]: Logging State [ 4.02288118 -1.55080505 -2.03151861  0.          0.          0.        ]
REF: [[ 4.02288118  4.82779865  4.8341185   4.84260221  4.85423169  4.87132365
   4.88834882  4.89873622  4.90440239  4.90733737  4.90819987  4.90949357
   4.91281886  4.91871432  4.92666318  4.93559857  4.94902773  4.96289969
   4.96819046  4.97253415  4.97603231]
 [-1.55080505 -1.69615533 -1.7200527  -1.74204732 -1.76709049 -1.80029956
  -1.83501227 -1.86208794 -1.88417978 -1.90753386 -1.94062217 -1.97929935
  -2.00305456 -2.02671023 -2.04960889 -2.07194805 -2.10477202 -2.14559124
  -2.16747221 -2.19104384 -2.2165706 ]]
DEBUG STATE: [ 4.02288118 -1.55080505 -2.03151861  0.1         0.          0.
  5.51961547  0.33320901]
DEBUG PARAMS NODE 0: [15.         15.          1.          1.         25.         25.
  0.          0.          0.72730261  0.          0.          0.
  4.02288118 -1.55080505  0.          0.          0.          0.
  0.          0.        ]

iter	qp_stat	qp_iter
0	0	0
1	0	32


PREDICTED STATES: [array([ 4.02288118, -1.55080505, -2.03151861]), array([ 4.01844555, -1.55978222, -2.03111735]), array([ 4.01049827, -1.57794168, -2.02356123]), array([ 4.00269547, -1.6060936 , -1.99309135]), array([ 3.99383848, -1.64396016, -1.95203279]), array([ 3.98497684, -1.69166426, -1.90171343]), array([ 3.97744287, -1.74925938, -1.84146244]), array([ 3.97288708, -1.81668957, -1.77144886]), array([ 3.97322753, -1.89369216, -1.69182102]), array([ 3.98059151, -1.97970999, -1.60274213]), array([ 3.99725403, -2.07380441, -1.50440849]), array([ 4.02554955, -2.17457305, -1.39705895]), array([ 4.06775395, -2.28008234, -1.28098839]), array([ 4.12593711, -2.38782715, -1.15656642]), array([ 4.20179074, -2.49473152, -1.02426264]), array([ 4.29644302, -2.59720459, -0.88467878]), array([ 4.41027922, -2.69126258, -0.73858532]), array([ 4.54279515, -2.77271882, -0.58695451]), array([ 4.69251393, -2.83742989, -0.43097395]), array([ 4.85699101, -2.88156805, -0.27202046]), array([ 5.03291599, -2.90187849, -0.11158159])]
0.2761020968156747
[ 9.313999  2.983415  0.729397  7.529691  5.221143  0.366539 26.144184]
[INFO] [1774442224.328210634] [mpc_node]: Logging State [ 4.02284347 -1.55137078 -2.03137812  0.          0.          0.        ]
[INFO] [1774442224.340641171] [mpc_node]: Logging State [ 4.02345987 -1.55509188 -2.02908528  0.          0.          0.        ]
REF: [[ 4.02345987  4.82779865  4.8341185   4.84260221  4.85423169  4.87132365
   4.88834882  4.89873622  4.90440239  4.90733737  4.90819987  4.90949357
   4.91281886  4.91871432  4.92666318  4.93559857  4.94902773  4.96289969
   4.96819046  4.97253415  4.97603231]
 [-1.55509188 -1.69615533 -1.7200527  -1.74204732 -1.76709049 -1.80029956
  -1.83501227 -1.86208794 -1.88417978 -1.90753386 -1.94062217 -1.97929935
  -2.00305456 -2.02671023 -2.04960889 -2.07194805 -2.10477202 -2.14559124
  -2.16747221 -2.19104384 -2.2165706 ]]
DEBUG STATE: [ 4.02345987 -1.55509188 -2.02908528  0.1         0.          0.
  5.52204194  0.33321504]
DEBUG PARAMS NODE 0: [15.         15.          1.          1.         25.         25.
  0.          0.          0.72730261  0.          0.          0.
  4.02345987 -1.55509188  0.          0.          0.          0.
  0.          0.        ]

iter	qp_stat	qp_iter
0	0	0
1	0	32


PREDICTED STATES: [array([ 4.02345987, -1.55509188, -2.02908528]), array([ 4.0190456 , -1.56408084, -2.02868384]), array([ 4.0111427 , -1.58225893, -2.02112827]), array([ 4.00341026, -1.61042234, -1.99066751]), array([ 3.99464919, -1.6482919 , -1.94962556]), array([ 3.98590813, -1.69598423, -1.89933933]), array([ 3.9785171 , -1.75354656, -1.83913966]), array([ 3.97412213, -1.82091675, -1.7691966 ]), array([ 3.97463498, -1.89782659, -1.68965999]), array([ 3.98217463, -1.98371457, -1.60069365]), array([ 3.99900602, -2.07763948, -1.50249377]), array([ 4.02745217, -2.17819878, -1.39529827]), array([ 4.06977696, -2.28346174, -1.27940012]), array([ 4.1280387 , -2.39092929, -1.15516576]), array([ 4.20391917, -2.49753469, -1.02306   ]), array([ 4.29853961, -2.59969882, -0.88367767]), array([ 4.41228228, -2.69345078, -0.73777984]), array([ 4.54464432, -2.77461627, -0.58632681]), array([ 4.69415396, -2.83906181, -0.43049254]), array([ 4.85837408, -2.88296605, -0.27164038]), array([ 5.03400202, -2.90307676, -0.11124726])]
0.2760478303462219
[ 8.362355  3.312512  0.723669  3.330657  5.249752  0.416973 21.395918]
[INFO] [1774442224.377101078] [mpc_node]: Logging State [ 4.02098663 -1.55555436 -2.02914531  0.          0.          0.        ]
REF: [[ 4.02098663  4.82779865  4.8341185   4.84260221  4.85423169  4.87132365
   4.88834882  4.89873622  4.90440239  4.90733737  4.90819987  4.90949357
   4.91281886  4.91871432  4.92666318  4.93559857  4.94902773  4.96289969
   4.96819046  4.97253415  4.97603231]
 [-1.55555436 -1.69615533 -1.7200527  -1.74204732 -1.76709049 -1.80029956
  -1.83501227 -1.86208794 -1.88417978 -1.90753386 -1.94062217 -1.97929935
  -2.00305456 -2.02671023 -2.04960889 -2.07194805 -2.10477202 -2.14559124
  -2.16747221 -2.19104384 -2.2165706 ]]
DEBUG STATE: [ 4.02098663 -1.55555436 -2.02914531  0.1         0.          0.
  5.52095661  0.33344221]
DEBUG PARAMS NODE 0: [15.         15.          1.          1.         25.         25.
  0.          0.          0.72730261  0.          0.          0.
  4.02098663 -1.55555436  0.          0.          0.          0.
  0.          0.        ]

iter	qp_stat	qp_iter
0	0	0
1	0	32


PREDICTED STATES: [array([ 4.02098663, -1.55555436, -2.02914531]), array([ 4.01657203, -1.56454263, -2.02874385]), array([ 4.00866793, -1.58272076, -2.02118746]), array([ 4.00093285, -1.61088768, -1.99072165]), array([ 3.99216754, -1.64876638, -1.94967093]), array([ 3.98342128, -1.6964755 , -1.89936732]), array([ 3.97602533, -1.75406399, -1.83914076]), array([ 3.97162798, -1.82147103, -1.76916066]), array([ 3.972144  , -1.89842912, -1.68957599]), array([ 3.97969608, -1.98437654, -1.60055012]), array([ 3.99655341, -2.07837078, -1.5022792 ]), array([ 4.02504345, -2.1790066 , -1.39500158]), array([ 4.06743421, -2.28434901, -1.27901117]), array([ 4.1257872 , -2.39189318, -1.15467607]), array([ 4.20178586, -2.49856531, -1.02246365]), array([ 4.29655084, -2.60077854, -0.88297247]), array([ 4.41046116, -2.69455445, -0.73696872]), array([ 4.54300813, -2.77571261, -0.58541925]), array([ 4.69271208, -2.84011589, -0.42950546]), array([ 4.85712714, -2.88394243, -0.27059813]), array([ 5.03294239, -2.90394265, -0.11018005])]
0.27607940664094294
[ 1.191618  6.853447  0.987613  3.93605   4.95016   0.345258 18.264146]
[INFO] [1774442224.415382287] [mpc_node]: Logging State [ 4.02112688 -1.55254634 -2.03147999  0.          0.          0.        ]
REF: [[ 4.02112688  4.82779865  4.8341185   4.84260221  4.85423169  4.87132365
   4.88834882  4.89873622  4.90440239  4.90733737  4.90819987  4.90949357
   4.91281886  4.91871432  4.92666318  4.93559857  4.94902773  4.96289969
   4.96819046  4.97253415  4.97603231]
 [-1.55254634 -1.69615533 -1.7200527  -1.74204732 -1.76709049 -1.80029956
  -1.83501227 -1.86208794 -1.88417978 -1.90753386 -1.94062217 -1.97929935
  -2.00305456 -2.02671023 -2.04960889 -2.07194805 -2.10477202 -2.14559124
  -2.16747221 -2.19104384 -2.2165706 ]]
DEBUG STATE: [ 4.02112688 -1.55254634 -2.03147999  0.1         0.          0.
  5.52158813  0.33345064]
DEBUG PARAMS NODE 0: [15.         15.          1.          1.         25.         25.
  0.          0.          0.72730261  0.          0.          0.
  4.02112688 -1.55254634  0.          0.          0.          0.
  0.          0.        ]

iter	qp_stat	qp_iter
0	0	0
1	0	32


PREDICTED STATES: [array([ 4.02112688, -1.55254634, -2.03147999]), array([ 4.01669077, -1.56152537, -2.03107843]), array([ 4.00874329, -1.57969089, -2.02351174]), array([ 4.00094009, -1.60785327, -1.99302715]), array([ 3.99208234, -1.64573514, -1.95195504]), array([ 3.98322106, -1.69345988, -1.90161552]), array([ 3.97568975, -1.75108123, -1.84133852]), array([ 3.9711406 , -1.81854324, -1.77129353]), array([ 3.97149358, -1.89558283, -1.69162873]), array([ 3.9788781 , -1.98164195, -1.60250744]), array([ 3.99557136, -2.0757804 , -1.50412619]), array([ 4.02390985, -2.17659354, -1.39672427]), array([ 4.06617111, -2.28214476, -1.28059721]), array([ 4.12442591, -2.3899252 , -1.15611561]), array([ 4.20036582, -2.49685467, -1.02375048]), array([ 4.29511754, -2.599338  , -0.88410553]), array([ 4.40906337, -2.69338745, -0.73795387]), array([ 4.54169477, -2.77481349, -0.58627104]), array([ 4.69152954, -2.83947137, -0.43024834]), array([ 4.85611752, -2.88353401, -0.27126617]), array([ 5.0321432 , -2.90374902, -0.11081476])]
0.2762157928341487
[ 3.415523  2.977014  0.787575  4.234619  4.727722  0.417452 16.559905]
[INFO] [1774442224.447658360] [mpc_node]: Logging State [ 4.01753938 -1.54964622 -2.02922028  0.          0.          0.        ]
REF: [[ 4.01753938  4.82779865  4.8341185   4.84260221  4.85423169  4.87132365
   4.88834882  4.89873622  4.90440239  4.90733737  4.90819987  4.90949357
   4.91281886  4.91871432  4.92666318  4.93559857  4.94902773  4.96289969
   4.96819046  4.97253415  4.97603231]
 [-1.54964622 -1.69615533 -1.7200527  -1.74204732 -1.76709049 -1.80029956
  -1.83501227 -1.86208794 -1.88417978 -1.90753386 -1.94062217 -1.97929935
  -2.00305456 -2.02671023 -2.04960889 -2.07194805 -2.10477202 -2.14559124
  -2.16747221 -2.19104384 -2.2165706 ]]
DEBUG STATE: [ 4.01753938 -1.54964622 -2.02922028  0.1         0.          0.
  5.52431586  0.33331382]
DEBUG PARAMS NODE 0: [15.         15.          1.          1.         25.         25.
  0.          0.          0.72730261  0.          0.          0.
  4.01753938 -1.54964622  0.          0.          0.          0.
  0.          0.        ]

iter	qp_stat	qp_iter
0	0	0
1	0	32


PREDICTED STATES: [array([ 4.01753938, -1.54964622, -2.02922028]), array([ 4.01312241, -1.55863766, -2.02881851]), array([ 4.00521466, -1.57682955, -2.02123646]), array([ 3.99747276, -1.60502483, -1.99072966]), array([ 3.98869708, -1.64294952, -1.94963672]), array([ 3.97994113, -1.69072555, -1.89926584]), array([ 3.97254035, -1.74840415, -1.83894819]), array([ 3.96814952, -1.81592575, -1.76885388]), array([ 3.96869103, -1.89302241, -1.68913096]), array([ 3.97629639, -1.97912994, -1.59994295]), array([ 3.99324419, -2.0733007 , -1.50148683]), array([ 4.02187102, -2.17412127, -1.39400263]), array([ 4.06445273, -2.27964528, -1.27778697]), array([ 4.12305596, -2.38735344, -1.15321205]), array([ 4.19936524, -2.49415524, -1.02075115]), array([ 4.29449699, -2.59644626, -0.88101109]), array([ 4.40882004, -2.69023187, -0.73476915]), array([ 4.54180983, -2.77131921, -0.583006  ]), array([ 4.6919667 , -2.83556489, -0.42691873]), array([ 4.85682334, -2.87914825, -0.2678932 ]), array([ 5.03304919, -2.89882811, -0.10742373])]
0.2763849089585406
[ 1.478923  2.842707  0.706484  4.096535  5.311802  0.348939 14.78539 ]
[INFO] [1774442224.477210963] [mpc_node]: Logging State [ 4.01989673 -1.55222765 -2.0291222   0.          0.          0.        ]
[INFO] [1774442224.498046993] [mpc_node]: Logging State [ 4.01916354 -1.55253931 -2.02918063  0.          0.          0.        ]
REF: [[ 4.01916354  4.82779865  4.8341185   4.84260221  4.85423169  4.87132365
   4.88834882  4.89873622  4.90440239  4.90733737  4.90819987  4.90949357
   4.91281886  4.91871432  4.92666318  4.93559857  4.94902773  4.96289969
   4.96819046  4.97253415  4.97603231]
 [-1.55253931 -1.69615533 -1.7200527  -1.74204732 -1.76709049 -1.80029956
  -1.83501227 -1.86208794 -1.88417978 -1.90753386 -1.94062217 -1.97929935
  -2.00305456 -2.02671023 -2.04960889 -2.07194805 -2.10477202 -2.14559124
  -2.16747221 -2.19104384 -2.2165706 ]]
DEBUG STATE: [ 4.01916354 -1.55253931 -2.02918063  0.1         0.          0.
  5.52769818  0.33320045]
DEBUG PARAMS NODE 0: [15.         15.          1.          1.         25.         25.
  0.          0.          0.72730261  0.          0.          0.
  4.01916354 -1.55253931  0.          0.          0.          0.
  0.          0.        ]

iter	qp_stat	qp_iter
0	0	0

